{
	"id": "baf32d10-94d0-4b88-a90f-2459fadfe86f",
	"name": "ByD Product Data - Template Environment",
	"values": [
		{
			"key": "TenantHostname",
			"value": "my ByD hostname (myXXXXXX.sapbydesign.com)",
			"enabled": true
		},
		{
			"key": "User",
			"value": "my logon user ID",
			"enabled": true
		},
		{
			"key": "Password",
			"value": "my logon user Password",
			"enabled": true
		},
		{
			"key": "x-csrf-token",
			"value": "",
			"description": "",
			"enabled": true
		},
		{
			"key": "ObjectID",
			"value": "",
			"enabled": true
		},
		{
			"key": "ParentObjectID",
			"value": "",
			"enabled": true
		},
		{
			"key": "ServiceID",
			"value": "",
			"enabled": true
		},
		{
			"key": "ServiceObjectID",
			"value": "",
			"description": "",
			"enabled": true
		},
		{
			"key": "SVDObjectID",
			"value": "",
			"description": "",
			"enabled": true
		},
		{
			"key": "SVDAccountDeterminationObjectID\n",
			"value": "",
			"description": "",
			"enabled": true
		},
		{
			"key": "MaterialID",
			"value": "",
			"description": "",
			"enabled": true
		},
		{
			"key": "MaterialObjectID",
			"value": "",
			"description": "",
			"enabled": true
		},
		{
			"key": "MVDObjectID",
			"value": "",
			"description": "",
			"enabled": true
		},
		{
			"key": "MVDAccountDeterminationObjectID",
			"value": "",
			"description": "",
			"enabled": true
		},
		{
			"key": "MaterialFinancialProcessObjectID",
			"value": "",
			"description": "",
			"enabled": true
		},
		{
			"key": "ServiceFinancialProcessObjectID",
			"value": "",
			"description": "",
			"enabled": true
		},
		{
			"key": "SVDAccountDeterminationObjectID",
			"value": "",
			"enabled": true
		}
	],
	"_postman_variable_scope": "environment",
	"_postman_exported_at": "2019-02-15T12:25:52.237Z",
	"_postman_exported_using": "Postman/6.7.3"
}