<?xml version="1.0" encoding="utf-8"?><asx:abap version="1.0" xmlns:asx="http://www.sap.com/abapxml"><asx:values><SERVICE><ROOT><CLIENT>205</CLIENT><NODE_ID>ABY+cwajHumP6ZwNt4E0Ww==</NODE_ID><NAME/><SERVICE_NAME>khtimeagreement</SERVICE_NAME><SERVICE_NAMESPACE>cust</SERVICE_NAMESPACE><SRVC_NAMESPACE_ALIAS/><DATA_PROVIDER_CLASS/><MODEL_PROVIDER_CLASS/><EXIT_CLASS/><CREATION_DATE_TIME>20190305134503.071445</CREATION_DATE_TIME><CREATION_IDENTITY_UUID>AAAAAAABHe+617Q9qHhsNg==</CREATION_IDENTITY_UUID><LAST_CHANGE_DATE_TIME>20190305151123.149787</LAST_CHANGE_DATE_TIME><LAST_CHANGE_IDENTITY_UUID>AAAAAAABHe+617Q9qHhsNg==</LAST_CHANGE_IDENTITY_UUID><PACKAGE_NAME/><IS_EXTENSION/><IS_DRAFT/><STATUS_LIFE_CYCLE_STAT>1</STATUS_LIFE_CYCLE_STAT><IMPL_VERSION_CODE>V2</IMPL_VERSION_CODE><START_UI_APPLICATION_ID>/SAP_BYD_APPLICATION_UI/hcm/tim/timeemplistowl.OWL.uicomponent</START_UI_APPLICATION_ID><CODE_DESCRIPTION_ENABLED>X</CODE_DESCRIPTION_ENABLED><SERVICE_DATA_BINARY_MIME_CODE/><CHARACTER_SET_CODE/><SERVICE_DATA_BINARY_FORMAT/><SERVICE_DATA_BINARY_FILE_NAME/><SERVICE_DATA_BINARY_URI/><SERVICE_DATA_BINARY/><START_UI_APPLICATION_WOC_NAME/><START_UI_APPLN_WOC_VIEW_NAME>HCM_TIMEMPLOYEES</START_UI_APPLN_WOC_VIEW_NAME><SERVICE_DOCUMENTATION_URL/><NO_AUTH_CHECK/><KEY_MAPPING_ENABLED/><PDI_SOLUTION_NAMESPACE/><IS_PDI_SOL_INACTIVE/><XODATA_NAME/><SAP_RELEASE>791</SAP_RELEASE><SAP_SUPP_PACKAGE>2</SAP_SUPP_PACKAGE></ROOT><ENTITIES><ODATA_EXTENSION_DEF_EN_001><CLIENT>205</CLIENT><NODE_ID>ABY+cwajHumP6cuPcWk1UA==</NODE_ID><PARENT_NODE_ID>ABY+cwajHumP6ZwNt4E0Ww==</PARENT_NODE_ID><MO_NAME/><REF_UUID_KEY_UUID/><REF_UUID_KEY_VERSION_ID>0000000000</REF_UUID_KEY_VERSION_ID><ORDINAL_NUMBER>2</ORDINAL_NUMBER><NAME>EmployeeType</NAME><SADL_XML>&lt;?xml version="1.0" encoding="utf-16"?&gt;&lt;sadl:definition xmlns:sadl="http://sap.com/sap.nw.f.sadl" &gt; &lt;sadl:modes&gt; &lt;sadl:mode type="UI" /&gt; &lt;/sadl:modes&gt; &lt;sadl:dataSource type="BusinessObjectNode" name="DS" binding="EMPLOYEE~EMPLOYEE_TYPE" /&gt;&lt;sadl:resultSet&gt;&lt;sadl:structure name="ROOT" dataSource="DS" maxEditMode="RO" type="QUERY_ONLY" &gt; &lt;sadl:query name="SADL_QUERY" &gt; &lt;sadl:inputStructure&gt; &lt;sadl:inputParameter name="INTERNAL_EMPLOYEE_INDICATOR" &gt; &lt;sadl:attribute binding="INTERNAL_EMPLOYEE_INDICATOR" /&gt; &lt;/sadl:inputParameter&gt; &lt;sadl:inputParameter name="OBJECTID" &gt; &lt;sadl:attribute binding="OBJECTID" /&gt; &lt;/sadl:inputParameter&gt; &lt;/sadl:inputStructure&gt; &lt;/sadl:query&gt; &lt;sadl:attribute name="INTERNAL_EMPLOYEE_INDICATOR" binding="INTERNAL_EMPLOYEE_INDICATOR" /&gt; &lt;sadl:attribute name="OBJECTID" binding="NODE_ID" /&gt;&lt;/sadl:structure&gt;&lt;/sadl:resultSet&gt;&lt;/sadl:definition&gt;</SADL_XML><LEADING_BO_NAME>EMPLOYEE</LEADING_BO_NAME><SADL_LAST_CHANGE_DATE_TIME>20190305154017.078234</SADL_LAST_CHANGE_DATE_TIME><ENTRY_TITLE_PROPERTY_BINDING/><CORE_ENT_LAST_CHANGE_DATE_TIME>0.0</CORE_ENT_LAST_CHANGE_DATE_TIME><LEADING_BO_NODE_NAME>EMPLOYEE_TYPE</LEADING_BO_NODE_NAME><ENTRY_AUTHOR_PROPERTY_BINDING/><ENTRY_CRE_AT_PROPERTY_BINDING/><ENTRY_UPD_AT_PROPERTY_BINDING/><IS_CREATABLE/><IS_UPDATABLE/><IS_DELETABLE/><DEFAULT_ENTITY_SET_NAME>EmployeeTypeCollection</DEFAULT_ENTITY_SET_NAME><RBAM_UI_APPLICATION_ID/><LAST_CHANGE_DATE_TIME>0.0</LAST_CHANGE_DATE_TIME><DO_PREFIX/><PREDECESSOR_ENTITY_UUID>ABY+cwajHumP6bvlEj004A==</PREDECESSOR_ENTITY_UUID><START_UI_APPLICATION_WOC_NAME/><START_UI_APPLN_WOC_VIEW_NAME/><IS_CODELIST_ENTITY_TYPE/><UI_TEXT_KEY_NAME/><UI_TEXT_KEY_VERSION_ID>0000000000</UI_TEXT_KEY_VERSION_ID><UITXT_REDEF_IND/></ODATA_EXTENSION_DEF_EN_001><ODATA_EXTENSION_DEF_EN_001><CLIENT>205</CLIENT><NODE_ID>ABY+cwajHumP6bvlEj004A==</NODE_ID><PARENT_NODE_ID>ABY+cwajHumP6ZwNt4E0Ww==</PARENT_NODE_ID><MO_NAME/><REF_UUID_KEY_UUID/><REF_UUID_KEY_VERSION_ID>0000000000</REF_UUID_KEY_VERSION_ID><ORDINAL_NUMBER>1</ORDINAL_NUMBER><NAME>EmployeeTimeAgreement</NAME><SADL_XML>&lt;?xml version="1.0" encoding="utf-16"?&gt;&lt;sadl:definition xmlns:sadl="http://sap.com/sap.nw.f.sadl" &gt; &lt;sadl:modes&gt; &lt;sadl:mode type="UI" /&gt; &lt;/sadl:modes&gt; &lt;sadl:dataSource type="BusinessObjectNode" name="DS" binding="TIMX_AGREEMENT~ROOT" /&gt;&lt;sadl:resultSet&gt;&lt;sadl:structure name="ROOT" dataSource="DS" maxEditMode="RO" type="QUERY_ONLY" &gt; &lt;sadl:query name="SADL_QUERY" &gt; &lt;sadl:inputStructure&gt; &lt;sadl:inputParameter name="EMPLOYEE_UUID_CONTENT" &gt; &lt;sadl:attribute binding="EMPLOYEE_UUID_CONTENT" /&gt; &lt;/sadl:inputParameter&gt; &lt;sadl:inputParameter name="OBJECTID" &gt; &lt;sadl:attribute binding="OBJECTID" /&gt; &lt;/sadl:inputParameter&gt; &lt;sadl:inputParameter name="FORMATTED_NAME" &gt; &lt;sadl:attribute binding="FORMATTED_NAME" /&gt; &lt;/sadl:inputParameter&gt; &lt;sadl:inputParameter name="OBJECTID1" &gt; &lt;sadl:attribute binding="OBJECTID1" /&gt; &lt;/sadl:inputParameter&gt; &lt;sadl:inputParameter name="EMPLOYEE_ID_CONTENT" &gt; &lt;sadl:attribute binding="EMPLOYEE_ID_CONTENT" /&gt; &lt;/sadl:inputParameter&gt; &lt;sadl:inputParameter name="OBJECTID2" &gt; &lt;sadl:attribute binding="OBJECTID2" /&gt; &lt;/sadl:inputParameter&gt; &lt;sadl:inputParameter name="FIND" type="SEARCH_TEXT"  &gt; &lt;sadl:attribute binding="FORMATTED_NAME" /&gt; &lt;sadl:attribute binding="EMPLOYEE_ID_CONTENT" /&gt; &lt;/sadl:inputParameter&gt; &lt;/sadl:inputStructure&gt; &lt;/sadl:query&gt; &lt;sadl:attribute name="EMPLOYEE_ID_CONTENT" binding="ass:EMPLOYEE/ass:IDENT_EMPLOYEE_ID/EMPLOYEE_ID-CONTENT" /&gt; &lt;sadl:attribute name="EMPLOYEE_UUID_CONTENT" binding="EMPLOYEE_UUID-CONTENT" /&gt; &lt;sadl:attribute name="FORMATTED_NAME" binding="ass:EMPLOYEE/ass:CURRENT_COMMON/FORMATTED_NAME" /&gt; &lt;sadl:attribute name="OBJECTID" binding="NODE_ID" /&gt; &lt;sadl:attribute name="OBJECTID1" binding="ass:EMPLOYEE/ass:CURRENT_COMMON/NODE_ID" /&gt; &lt;sadl:attribute name="OBJECTID2" binding="ass:EMPLOYEE/ass:IDENT_EMPLOYEE_ID/NODE_ID" /&gt;&lt;/sadl:structure&gt;&lt;/sadl:resultSet&gt;&lt;/sadl:definition&gt;</SADL_XML><LEADING_BO_NAME>TIMX_AGREEMENT</LEADING_BO_NAME><SADL_LAST_CHANGE_DATE_TIME>20190305154017.082057</SADL_LAST_CHANGE_DATE_TIME><ENTRY_TITLE_PROPERTY_BINDING/><CORE_ENT_LAST_CHANGE_DATE_TIME>0.0</CORE_ENT_LAST_CHANGE_DATE_TIME><LEADING_BO_NODE_NAME>ROOT</LEADING_BO_NODE_NAME><ENTRY_AUTHOR_PROPERTY_BINDING/><ENTRY_CRE_AT_PROPERTY_BINDING/><ENTRY_UPD_AT_PROPERTY_BINDING/><IS_CREATABLE/><IS_UPDATABLE/><IS_DELETABLE/><DEFAULT_ENTITY_SET_NAME>EmployeeTimeAgreementCollection</DEFAULT_ENTITY_SET_NAME><RBAM_UI_APPLICATION_ID/><LAST_CHANGE_DATE_TIME>0.0</LAST_CHANGE_DATE_TIME><DO_PREFIX/><PREDECESSOR_ENTITY_UUID/><START_UI_APPLICATION_WOC_NAME/><START_UI_APPLN_WOC_VIEW_NAME/><IS_CODELIST_ENTITY_TYPE/><UI_TEXT_KEY_NAME>TIMX_AGREEMENT</UI_TEXT_KEY_NAME><UI_TEXT_KEY_VERSION_ID>0000000000</UI_TEXT_KEY_VERSION_ID><UITXT_REDEF_IND/></ODATA_EXTENSION_DEF_EN_001><ODATA_EXTENSION_DEF_EN_001><CLIENT>205</CLIENT><NODE_ID>ABY+cwajHumP6dgjUaD1vg==</NODE_ID><PARENT_NODE_ID>ABY+cwajHumP6ZwNt4E0Ww==</PARENT_NODE_ID><MO_NAME/><REF_UUID_KEY_UUID/><REF_UUID_KEY_VERSION_ID>0000000000</REF_UUID_KEY_VERSION_ID><ORDINAL_NUMBER>3</ORDINAL_NUMBER><NAME>Item</NAME><SADL_XML>&lt;?xml version="1.0" encoding="utf-16"?&gt;&lt;sadl:definition xmlns:sadl="http://sap.com/sap.nw.f.sadl" &gt; &lt;sadl:modes&gt; &lt;sadl:mode type="UI" /&gt; &lt;/sadl:modes&gt; &lt;sadl:dataSource type="BusinessObjectNode" name="DS" binding="TIMX_AGREEMENT~ITEM" /&gt;&lt;sadl:resultSet&gt;&lt;sadl:structure name="ROOT" dataSource="DS" maxEditMode="RO" type="QUERY_ONLY" &gt; &lt;sadl:query name="SADL_QUERY" &gt; &lt;sadl:inputStructure&gt; &lt;sadl:inputParameter name="OBJECTID" &gt; &lt;sadl:attribute binding="OBJECTID" /&gt; &lt;/sadl:inputParameter&gt; &lt;sadl:inputParameter name="PARENTOBJECTID" &gt; &lt;sadl:attribute binding="PARENTOBJECTID" /&gt; &lt;/sadl:inputParameter&gt; &lt;sadl:inputParameter name="UUID_CONTENT" &gt; &lt;sadl:attribute binding="UUID_CONTENT" /&gt; &lt;/sadl:inputParameter&gt; &lt;sadl:inputParameter name="VALIDITY_PERIOD_END_DATE" &gt; &lt;sadl:attribute binding="VALIDITY_PERIOD_END_DATE" /&gt; &lt;/sadl:inputParameter&gt; &lt;sadl:inputParameter name="VALIDITY_PERIOD_START_DATE" &gt; &lt;sadl:attribute binding="VALIDITY_PERIOD_START_DATE" /&gt; &lt;/sadl:inputParameter&gt; &lt;sadl:inputParameter name="WORK_AGREEMENT_UUID_CONTENT" &gt; &lt;sadl:attribute binding="WORK_AGREEMENT_UUID_CONTENT" /&gt; &lt;/sadl:inputParameter&gt; &lt;sadl:inputParameter name="EMPLOYEE_UUID_CONTENT" &gt; &lt;sadl:attribute binding="EMPLOYEE_UUID_CONTENT" /&gt; &lt;/sadl:inputParameter&gt; &lt;sadl:inputParameter name="OBJECTID1" &gt; &lt;sadl:attribute binding="OBJECTID1" /&gt; &lt;/sadl:inputParameter&gt; &lt;sadl:inputParameter name="FORMATTED_NAME" &gt; &lt;sadl:attribute binding="FORMATTED_NAME" /&gt; &lt;/sadl:inputParameter&gt; &lt;sadl:inputParameter name="OBJECTID3" &gt; &lt;sadl:attribute binding="OBJECTID3" /&gt; &lt;/sadl:inputParameter&gt; &lt;sadl:inputParameter name="EMPLOYEE_ID_CONTENT" &gt; &lt;sadl:attribute binding="EMPLOYEE_ID_CONTENT" /&gt; &lt;/sadl:inputParameter&gt; &lt;sadl:inputParameter name="OBJECTID2" &gt; &lt;sadl:attribute binding="OBJECTID2" /&gt; &lt;/sadl:inputParameter&gt; &lt;sadl:inputParameter name="FIND" type="SEARCH_TEXT"  &gt; &lt;sadl:attribute binding="FORMATTED_NAME" /&gt; &lt;sadl:attribute binding="EMPLOYEE_ID_CONTENT" /&gt; &lt;/sadl:inputParameter&gt; &lt;/sadl:inputStructure&gt; &lt;/sadl:query&gt; &lt;sadl:attribute name="EMPLOYEE_ID_CONTENT" binding="ass:TO_PARENT/ass:EMPLOYEE/ass:IDENT_EMPLOYEE_ID/EMPLOYEE_ID-CONTENT" /&gt; &lt;sadl:attribute name="EMPLOYEE_UUID_CONTENT" binding="ass:TO_PARENT/EMPLOYEE_UUID-CONTENT" /&gt; &lt;sadl:attribute name="FORMATTED_NAME" binding="ass:TO_PARENT/ass:EMPLOYEE/ass:CURRENT_COMMON/FORMATTED_NAME" /&gt; &lt;sadl:attribute name="OBJECTID" binding="NODE_ID" /&gt; &lt;sadl:attribute name="OBJECTID1" binding="ass:TO_PARENT/NODE_ID" /&gt; &lt;sadl:attribute name="OBJECTID2" binding="ass:TO_PARENT/ass:EMPLOYEE/ass:IDENT_EMPLOYEE_ID/NODE_ID" /&gt; &lt;sadl:attribute name="OBJECTID3" binding="ass:TO_PARENT/ass:EMPLOYEE/ass:CURRENT_COMMON/NODE_ID" /&gt; &lt;sadl:attribute name="PARENTOBJECTID" binding="PARENT_NODE_ID" /&gt; &lt;sadl:attribute name="UUID_CONTENT" binding="UUID-CONTENT" /&gt; &lt;sadl:attribute name="VALIDITY_PERIOD_END_DATE" binding="VALIDITY_PERIOD-END_DATE" /&gt; &lt;sadl:attribute name="VALIDITY_PERIOD_START_DATE" binding="VALIDITY_PERIOD-START_DATE" /&gt; &lt;sadl:attribute name="WORK_AGREEMENT_UUID_CONTENT" binding="WORK_AGREEMENT_UUID-CONTENT" /&gt;&lt;/sadl:structure&gt;&lt;/sadl:resultSet&gt;&lt;/sadl:definition&gt;</SADL_XML><LEADING_BO_NAME>TIMX_AGREEMENT</LEADING_BO_NAME><SADL_LAST_CHANGE_DATE_TIME>20190305154017.085453</SADL_LAST_CHANGE_DATE_TIME><ENTRY_TITLE_PROPERTY_BINDING/><CORE_ENT_LAST_CHANGE_DATE_TIME>0.0</CORE_ENT_LAST_CHANGE_DATE_TIME><LEADING_BO_NODE_NAME>ITEM</LEADING_BO_NODE_NAME><ENTRY_AUTHOR_PROPERTY_BINDING/><ENTRY_CRE_AT_PROPERTY_BINDING/><ENTRY_UPD_AT_PROPERTY_BINDING/><IS_CREATABLE/><IS_UPDATABLE/><IS_DELETABLE/><DEFAULT_ENTITY_SET_NAME>ItemCollection</DEFAULT_ENTITY_SET_NAME><RBAM_UI_APPLICATION_ID/><LAST_CHANGE_DATE_TIME>0.0</LAST_CHANGE_DATE_TIME><DO_PREFIX/><PREDECESSOR_ENTITY_UUID>ABY+cwajHumP6bvlEj004A==</PREDECESSOR_ENTITY_UUID><START_UI_APPLICATION_WOC_NAME/><START_UI_APPLN_WOC_VIEW_NAME/><IS_CODELIST_ENTITY_TYPE/><UI_TEXT_KEY_NAME/><UI_TEXT_KEY_VERSION_ID>0000000000</UI_TEXT_KEY_VERSION_ID><UITXT_REDEF_IND/></ODATA_EXTENSION_DEF_EN_001></ENTITIES><PROPERTIES><ODATA_EXTENSION_DEF_PR_001><CLIENT>205</CLIENT><NODE_ID>ABY+cwajHumP6cxIwDH1UA==</NODE_ID><PARENT_NODE_ID>ABY+cwajHumP6cuPcWk1UA==</PARENT_NODE_ID><ROOT_NODE_ID>ABY+cwajHumP6ZwNt4E0Ww==</ROOT_NODE_ID><MO_NAME/><ORDINAL_NUMBER>11</ORDINAL_NUMBER><NAME>InternalEmployeeIndicator</NAME><DATA_TYPE>Boolean</DATA_TYPE><IS_COMPLEX/><ABAP_DT_NAME>INTERNAL_EMPLOYEE_INDICATOR</ABAP_DT_NAME><BO_PATH>INTERNAL_EMPLOYEE_INDICATOR</BO_PATH><COMPLEX_TYPE_UUID/><IS_CODE_TYPE/><IS_CREATABLE/><IS_UPDATABLE/><IS_NULLABLE>X</IS_NULLABLE><IS_FILTERABLE>X</IS_FILTERABLE><HAS_FIXED_LENGTH>X</HAS_FIXED_LENGTH><MAX_LENGTH>1</MAX_LENGTH><PRECISION_VALUE>1</PRECISION_VALUE><SCALE>0</SCALE><DEFAULT_VALUE/><IS_HIDDEN_IN_EDM/><BO_PATH_WITH_FILTER/><IS_ALPHA_CONV_ALLOWED/><IS_LANGU_CODE/><CODELIST_ENTITY_SET_UUID/><IS_EXTENSION_FIELD/><IS_FREE_SEARCH_ENABLED/><IS_TRASIENT/><IS_INTERNAL/><IS_EXTERNAL/><LOCAL_ID_TYPE/><IS_PARENT_EXTERNAL_KEY/><IS_REF_EXTERNAL_KEY/><USE_EXTERNAL_INFO/><REF_EXT_KEY_UUID_KEY/><EXTERNAL_KEY_LEVEL_CODE/><EXCLUDE_FROM_SADL/><SAM_STATUS_VARIABLE_UUID/><UI_TEXT_KEY_NAME>GEN_BYD_010291</UI_TEXT_KEY_NAME><UI_TEXT_KEY_VERSION_ID>0000000000</UI_TEXT_KEY_VERSION_ID><UITXT_REDEF_IND/><CONCURRENCY_MODE/><INTERNAL_KEY_LEVEL_CODE/><CONTEXT_PROPERTY_UUID_UUID/><VERSION_ID>0000000000</VERSION_ID><IS_DATE_TYPE/><IS_ETAG_RELEVANT/><BO_NAME>EMPLOYEE</BO_NAME><BO_NODE_NAME>EMPLOYEE_TYPE</BO_NODE_NAME><BO_NODE_ELEMENT_PATH>INTERNAL_EMPLOYEE_INDICATOR</BO_NODE_ELEMENT_PATH><DO_PREFIX/><IS_DWB_PROP/><IS_MULTI_VALUED/><ENCRYPTED_MAX_LENGTH>0</ENCRYPTED_MAX_LENGTH></ODATA_EXTENSION_DEF_PR_001><ODATA_EXTENSION_DEF_PR_001><CLIENT>205</CLIENT><NODE_ID>ABY+cwajHumP6cuPcWl1UA==</NODE_ID><PARENT_NODE_ID>ABY+cwajHumP6cuPcWk1UA==</PARENT_NODE_ID><ROOT_NODE_ID>ABY+cwajHumP6ZwNt4E0Ww==</ROOT_NODE_ID><MO_NAME/><ORDINAL_NUMBER>1</ORDINAL_NUMBER><NAME>ObjectID</NAME><DATA_TYPE>String</DATA_TYPE><IS_COMPLEX/><ABAP_DT_NAME>OBJECTID</ABAP_DT_NAME><BO_PATH>NODE_ID</BO_PATH><COMPLEX_TYPE_UUID/><IS_CODE_TYPE/><IS_CREATABLE/><IS_UPDATABLE/><IS_NULLABLE/><IS_FILTERABLE>X</IS_FILTERABLE><HAS_FIXED_LENGTH>X</HAS_FIXED_LENGTH><MAX_LENGTH>70</MAX_LENGTH><PRECISION_VALUE>70</PRECISION_VALUE><SCALE>0</SCALE><DEFAULT_VALUE/><IS_HIDDEN_IN_EDM/><BO_PATH_WITH_FILTER/><IS_ALPHA_CONV_ALLOWED/><IS_LANGU_CODE/><CODELIST_ENTITY_SET_UUID/><IS_EXTENSION_FIELD/><IS_FREE_SEARCH_ENABLED/><IS_TRASIENT/><IS_INTERNAL/><IS_EXTERNAL/><LOCAL_ID_TYPE/><IS_PARENT_EXTERNAL_KEY/><IS_REF_EXTERNAL_KEY/><USE_EXTERNAL_INFO/><REF_EXT_KEY_UUID_KEY/><EXTERNAL_KEY_LEVEL_CODE/><EXCLUDE_FROM_SADL/><SAM_STATUS_VARIABLE_UUID/><UI_TEXT_KEY_NAME>ODATA_SVC_OBJECT_ID</UI_TEXT_KEY_NAME><UI_TEXT_KEY_VERSION_ID>0000000000</UI_TEXT_KEY_VERSION_ID><UITXT_REDEF_IND/><CONCURRENCY_MODE/><INTERNAL_KEY_LEVEL_CODE/><CONTEXT_PROPERTY_UUID_UUID/><VERSION_ID>0000000000</VERSION_ID><IS_DATE_TYPE/><IS_ETAG_RELEVANT/><BO_NAME/><BO_NODE_NAME/><BO_NODE_ELEMENT_PATH/><DO_PREFIX/><IS_DWB_PROP/><IS_MULTI_VALUED/><ENCRYPTED_MAX_LENGTH>0</ENCRYPTED_MAX_LENGTH></ODATA_EXTENSION_DEF_PR_001><ODATA_EXTENSION_DEF_PR_001><CLIENT>205</CLIENT><NODE_ID>ABY+cwajHumP6by0gzm04A==</NODE_ID><PARENT_NODE_ID>ABY+cwajHumP6bvlEj004A==</PARENT_NODE_ID><ROOT_NODE_ID>ABY+cwajHumP6ZwNt4E0Ww==</ROOT_NODE_ID><MO_NAME/><ORDINAL_NUMBER>11</ORDINAL_NUMBER><NAME>EmployeeUUID</NAME><DATA_TYPE>Guid</DATA_TYPE><IS_COMPLEX/><ABAP_DT_NAME>EMPLOYEE_UUID_CONTENT</ABAP_DT_NAME><BO_PATH>EMPLOYEE_UUID-CONTENT</BO_PATH><COMPLEX_TYPE_UUID/><IS_CODE_TYPE/><IS_CREATABLE/><IS_UPDATABLE/><IS_NULLABLE>X</IS_NULLABLE><IS_FILTERABLE>X</IS_FILTERABLE><HAS_FIXED_LENGTH>X</HAS_FIXED_LENGTH><MAX_LENGTH>36</MAX_LENGTH><PRECISION_VALUE>36</PRECISION_VALUE><SCALE>0</SCALE><DEFAULT_VALUE/><IS_HIDDEN_IN_EDM/><BO_PATH_WITH_FILTER/><IS_ALPHA_CONV_ALLOWED/><IS_LANGU_CODE/><CODELIST_ENTITY_SET_UUID/><IS_EXTENSION_FIELD/><IS_FREE_SEARCH_ENABLED/><IS_TRASIENT/><IS_INTERNAL/><IS_EXTERNAL/><LOCAL_ID_TYPE/><IS_PARENT_EXTERNAL_KEY/><IS_REF_EXTERNAL_KEY/><USE_EXTERNAL_INFO/><REF_EXT_KEY_UUID_KEY/><EXTERNAL_KEY_LEVEL_CODE/><EXCLUDE_FROM_SADL/><SAM_STATUS_VARIABLE_UUID/><UI_TEXT_KEY_NAME/><UI_TEXT_KEY_VERSION_ID>0000000000</UI_TEXT_KEY_VERSION_ID><UITXT_REDEF_IND/><CONCURRENCY_MODE/><INTERNAL_KEY_LEVEL_CODE/><CONTEXT_PROPERTY_UUID_UUID/><VERSION_ID>0000000000</VERSION_ID><IS_DATE_TYPE/><IS_ETAG_RELEVANT/><BO_NAME>TIMX_AGREEMENT</BO_NAME><BO_NODE_NAME>ROOT</BO_NODE_NAME><BO_NODE_ELEMENT_PATH>EMPLOYEE_UUID-CONTENT</BO_NODE_ELEMENT_PATH><DO_PREFIX/><IS_DWB_PROP/><IS_MULTI_VALUED/><ENCRYPTED_MAX_LENGTH>0</ENCRYPTED_MAX_LENGTH></ODATA_EXTENSION_DEF_PR_001><ODATA_EXTENSION_DEF_PR_001><CLIENT>205</CLIENT><NODE_ID>ABY+cwajHumP6bwK8S2U4A==</NODE_ID><PARENT_NODE_ID>ABY+cwajHumP6bvlEj004A==</PARENT_NODE_ID><ROOT_NODE_ID>ABY+cwajHumP6ZwNt4E0Ww==</ROOT_NODE_ID><MO_NAME/><ORDINAL_NUMBER>1</ORDINAL_NUMBER><NAME>ObjectID</NAME><DATA_TYPE>String</DATA_TYPE><IS_COMPLEX/><ABAP_DT_NAME>OBJECTID</ABAP_DT_NAME><BO_PATH>NODE_ID</BO_PATH><COMPLEX_TYPE_UUID/><IS_CODE_TYPE/><IS_CREATABLE/><IS_UPDATABLE/><IS_NULLABLE/><IS_FILTERABLE>X</IS_FILTERABLE><HAS_FIXED_LENGTH>X</HAS_FIXED_LENGTH><MAX_LENGTH>70</MAX_LENGTH><PRECISION_VALUE>70</PRECISION_VALUE><SCALE>0</SCALE><DEFAULT_VALUE/><IS_HIDDEN_IN_EDM/><BO_PATH_WITH_FILTER/><IS_ALPHA_CONV_ALLOWED/><IS_LANGU_CODE/><CODELIST_ENTITY_SET_UUID/><IS_EXTENSION_FIELD/><IS_FREE_SEARCH_ENABLED/><IS_TRASIENT/><IS_INTERNAL/><IS_EXTERNAL/><LOCAL_ID_TYPE/><IS_PARENT_EXTERNAL_KEY/><IS_REF_EXTERNAL_KEY/><USE_EXTERNAL_INFO/><REF_EXT_KEY_UUID_KEY/><EXTERNAL_KEY_LEVEL_CODE/><EXCLUDE_FROM_SADL/><SAM_STATUS_VARIABLE_UUID/><UI_TEXT_KEY_NAME>ODATA_SVC_OBJECT_ID</UI_TEXT_KEY_NAME><UI_TEXT_KEY_VERSION_ID>0000000000</UI_TEXT_KEY_VERSION_ID><UITXT_REDEF_IND/><CONCURRENCY_MODE/><INTERNAL_KEY_LEVEL_CODE/><CONTEXT_PROPERTY_UUID_UUID/><VERSION_ID>0000000000</VERSION_ID><IS_DATE_TYPE/><IS_ETAG_RELEVANT/><BO_NAME/><BO_NODE_NAME/><BO_NODE_ELEMENT_PATH/><DO_PREFIX/><IS_DWB_PROP/><IS_MULTI_VALUED/><ENCRYPTED_MAX_LENGTH>0</ENCRYPTED_MAX_LENGTH></ODATA_EXTENSION_DEF_PR_001><ODATA_EXTENSION_DEF_PR_001><CLIENT>205</CLIENT><NODE_ID>ABY+cwajHumP6c7a5rQ1UA==</NODE_ID><PARENT_NODE_ID>ABY+cwajHumP6bvlEj004A==</PARENT_NODE_ID><ROOT_NODE_ID>ABY+cwajHumP6ZwNt4E0Ww==</ROOT_NODE_ID><MO_NAME/><ORDINAL_NUMBER>15</ORDINAL_NUMBER><NAME>EmployeeFormattedName</NAME><DATA_TYPE>String</DATA_TYPE><IS_COMPLEX/><ABAP_DT_NAME>FORMATTED_NAME</ABAP_DT_NAME><BO_PATH>ass:EMPLOYEE/ass:CURRENT_COMMON/FORMATTED_NAME</BO_PATH><COMPLEX_TYPE_UUID/><IS_CODE_TYPE/><IS_CREATABLE/><IS_UPDATABLE/><IS_NULLABLE>X</IS_NULLABLE><IS_FILTERABLE>X</IS_FILTERABLE><HAS_FIXED_LENGTH>X</HAS_FIXED_LENGTH><MAX_LENGTH>80</MAX_LENGTH><PRECISION_VALUE>80</PRECISION_VALUE><SCALE>0</SCALE><DEFAULT_VALUE/><IS_HIDDEN_IN_EDM/><BO_PATH_WITH_FILTER/><IS_ALPHA_CONV_ALLOWED/><IS_LANGU_CODE/><CODELIST_ENTITY_SET_UUID/><IS_EXTENSION_FIELD/><IS_FREE_SEARCH_ENABLED>X</IS_FREE_SEARCH_ENABLED><IS_TRASIENT/><IS_INTERNAL/><IS_EXTERNAL/><LOCAL_ID_TYPE/><IS_PARENT_EXTERNAL_KEY/><IS_REF_EXTERNAL_KEY/><USE_EXTERNAL_INFO/><REF_EXT_KEY_UUID_KEY/><EXTERNAL_KEY_LEVEL_CODE/><EXCLUDE_FROM_SADL/><SAM_STATUS_VARIABLE_UUID/><UI_TEXT_KEY_NAME/><UI_TEXT_KEY_VERSION_ID>0000000000</UI_TEXT_KEY_VERSION_ID><UITXT_REDEF_IND/><CONCURRENCY_MODE/><INTERNAL_KEY_LEVEL_CODE/><CONTEXT_PROPERTY_UUID_UUID/><VERSION_ID>0000000000</VERSION_ID><IS_DATE_TYPE/><IS_ETAG_RELEVANT/><BO_NAME>EMPLOYEE</BO_NAME><BO_NODE_NAME>COMMON</BO_NODE_NAME><BO_NODE_ELEMENT_PATH>FORMATTED_NAME</BO_NODE_ELEMENT_PATH><DO_PREFIX/><IS_DWB_PROP/><IS_MULTI_VALUED/><ENCRYPTED_MAX_LENGTH>0</ENCRYPTED_MAX_LENGTH></ODATA_EXTENSION_DEF_PR_001><ODATA_EXTENSION_DEF_PR_001><CLIENT>205</CLIENT><NODE_ID>ABY+cwajHumP6c6kzXvVUA==</NODE_ID><PARENT_NODE_ID>ABY+cwajHumP6bvlEj004A==</PARENT_NODE_ID><ROOT_NODE_ID>ABY+cwajHumP6ZwNt4E0Ww==</ROOT_NODE_ID><MO_NAME/><ORDINAL_NUMBER>0</ORDINAL_NUMBER><NAME>EMPLOYEE;COMMON;OBJECTID1</NAME><DATA_TYPE>String</DATA_TYPE><IS_COMPLEX/><ABAP_DT_NAME>OBJECTID1</ABAP_DT_NAME><BO_PATH>ass:EMPLOYEE/ass:CURRENT_COMMON/NODE_ID</BO_PATH><COMPLEX_TYPE_UUID/><IS_CODE_TYPE/><IS_CREATABLE/><IS_UPDATABLE/><IS_NULLABLE>X</IS_NULLABLE><IS_FILTERABLE>X</IS_FILTERABLE><HAS_FIXED_LENGTH>X</HAS_FIXED_LENGTH><MAX_LENGTH>70</MAX_LENGTH><PRECISION_VALUE>70</PRECISION_VALUE><SCALE>0</SCALE><DEFAULT_VALUE/><IS_HIDDEN_IN_EDM>X</IS_HIDDEN_IN_EDM><BO_PATH_WITH_FILTER/><IS_ALPHA_CONV_ALLOWED/><IS_LANGU_CODE/><CODELIST_ENTITY_SET_UUID/><IS_EXTENSION_FIELD/><IS_FREE_SEARCH_ENABLED/><IS_TRASIENT/><IS_INTERNAL/><IS_EXTERNAL/><LOCAL_ID_TYPE/><IS_PARENT_EXTERNAL_KEY/><IS_REF_EXTERNAL_KEY/><USE_EXTERNAL_INFO/><REF_EXT_KEY_UUID_KEY/><EXTERNAL_KEY_LEVEL_CODE/><EXCLUDE_FROM_SADL/><SAM_STATUS_VARIABLE_UUID/><UI_TEXT_KEY_NAME/><UI_TEXT_KEY_VERSION_ID>0000000000</UI_TEXT_KEY_VERSION_ID><UITXT_REDEF_IND/><CONCURRENCY_MODE/><INTERNAL_KEY_LEVEL_CODE/><CONTEXT_PROPERTY_UUID_UUID/><VERSION_ID>0000000000</VERSION_ID><IS_DATE_TYPE/><IS_ETAG_RELEVANT/><BO_NAME>EMPLOYEE</BO_NAME><BO_NODE_NAME>COMMON</BO_NODE_NAME><BO_NODE_ELEMENT_PATH>NODE_ID</BO_NODE_ELEMENT_PATH><DO_PREFIX/><IS_DWB_PROP/><IS_MULTI_VALUED/><ENCRYPTED_MAX_LENGTH>0</ENCRYPTED_MAX_LENGTH></ODATA_EXTENSION_DEF_PR_001><ODATA_EXTENSION_DEF_PR_001><CLIENT>205</CLIENT><NODE_ID>ABY+cwajHumP6cjP4q81Pw==</NODE_ID><PARENT_NODE_ID>ABY+cwajHumP6bvlEj004A==</PARENT_NODE_ID><ROOT_NODE_ID>ABY+cwajHumP6ZwNt4E0Ww==</ROOT_NODE_ID><MO_NAME/><ORDINAL_NUMBER>14</ORDINAL_NUMBER><NAME>EmployeeID</NAME><DATA_TYPE>String</DATA_TYPE><IS_COMPLEX/><ABAP_DT_NAME>EMPLOYEE_ID_CONTENT</ABAP_DT_NAME><BO_PATH>ass:EMPLOYEE/ass:IDENT_EMPLOYEE_ID/EMPLOYEE_ID-CONTENT</BO_PATH><COMPLEX_TYPE_UUID/><IS_CODE_TYPE/><IS_CREATABLE/><IS_UPDATABLE/><IS_NULLABLE>X</IS_NULLABLE><IS_FILTERABLE>X</IS_FILTERABLE><HAS_FIXED_LENGTH>X</HAS_FIXED_LENGTH><MAX_LENGTH>20</MAX_LENGTH><PRECISION_VALUE>20</PRECISION_VALUE><SCALE>0</SCALE><DEFAULT_VALUE/><IS_HIDDEN_IN_EDM/><BO_PATH_WITH_FILTER/><IS_ALPHA_CONV_ALLOWED>X</IS_ALPHA_CONV_ALLOWED><IS_LANGU_CODE/><CODELIST_ENTITY_SET_UUID/><IS_EXTENSION_FIELD/><IS_FREE_SEARCH_ENABLED>X</IS_FREE_SEARCH_ENABLED><IS_TRASIENT/><IS_INTERNAL/><IS_EXTERNAL/><LOCAL_ID_TYPE/><IS_PARENT_EXTERNAL_KEY/><IS_REF_EXTERNAL_KEY/><USE_EXTERNAL_INFO/><REF_EXT_KEY_UUID_KEY/><EXTERNAL_KEY_LEVEL_CODE/><EXCLUDE_FROM_SADL/><SAM_STATUS_VARIABLE_UUID/><UI_TEXT_KEY_NAME>GEN_BYD_008880</UI_TEXT_KEY_NAME><UI_TEXT_KEY_VERSION_ID>0000000000</UI_TEXT_KEY_VERSION_ID><UITXT_REDEF_IND/><CONCURRENCY_MODE/><INTERNAL_KEY_LEVEL_CODE/><CONTEXT_PROPERTY_UUID_UUID/><VERSION_ID>0000000000</VERSION_ID><IS_DATE_TYPE/><IS_ETAG_RELEVANT/><BO_NAME>EMPLOYEE</BO_NAME><BO_NODE_NAME>IDENTIFICATION</BO_NODE_NAME><BO_NODE_ELEMENT_PATH>EMPLOYEE_ID-CONTENT</BO_NODE_ELEMENT_PATH><DO_PREFIX/><IS_DWB_PROP/><IS_MULTI_VALUED/><ENCRYPTED_MAX_LENGTH>0</ENCRYPTED_MAX_LENGTH></ODATA_EXTENSION_DEF_PR_001><ODATA_EXTENSION_DEF_PR_001><CLIENT>205</CLIENT><NODE_ID>ABY+cwajHumP6cjP4q1VPw==</NODE_ID><PARENT_NODE_ID>ABY+cwajHumP6bvlEj004A==</PARENT_NODE_ID><ROOT_NODE_ID>ABY+cwajHumP6ZwNt4E0Ww==</ROOT_NODE_ID><MO_NAME/><ORDINAL_NUMBER>0</ORDINAL_NUMBER><NAME>EMPLOYEE;IDENTIFICATION;OBJECTID2</NAME><DATA_TYPE>String</DATA_TYPE><IS_COMPLEX/><ABAP_DT_NAME>OBJECTID2</ABAP_DT_NAME><BO_PATH>ass:EMPLOYEE/ass:IDENT_EMPLOYEE_ID/NODE_ID</BO_PATH><COMPLEX_TYPE_UUID/><IS_CODE_TYPE/><IS_CREATABLE/><IS_UPDATABLE/><IS_NULLABLE>X</IS_NULLABLE><IS_FILTERABLE>X</IS_FILTERABLE><HAS_FIXED_LENGTH>X</HAS_FIXED_LENGTH><MAX_LENGTH>70</MAX_LENGTH><PRECISION_VALUE>70</PRECISION_VALUE><SCALE>0</SCALE><DEFAULT_VALUE/><IS_HIDDEN_IN_EDM>X</IS_HIDDEN_IN_EDM><BO_PATH_WITH_FILTER/><IS_ALPHA_CONV_ALLOWED/><IS_LANGU_CODE/><CODELIST_ENTITY_SET_UUID/><IS_EXTENSION_FIELD/><IS_FREE_SEARCH_ENABLED/><IS_TRASIENT/><IS_INTERNAL/><IS_EXTERNAL/><LOCAL_ID_TYPE/><IS_PARENT_EXTERNAL_KEY/><IS_REF_EXTERNAL_KEY/><USE_EXTERNAL_INFO/><REF_EXT_KEY_UUID_KEY/><EXTERNAL_KEY_LEVEL_CODE/><EXCLUDE_FROM_SADL/><SAM_STATUS_VARIABLE_UUID/><UI_TEXT_KEY_NAME/><UI_TEXT_KEY_VERSION_ID>0000000000</UI_TEXT_KEY_VERSION_ID><UITXT_REDEF_IND/><CONCURRENCY_MODE/><INTERNAL_KEY_LEVEL_CODE/><CONTEXT_PROPERTY_UUID_UUID/><VERSION_ID>0000000000</VERSION_ID><IS_DATE_TYPE/><IS_ETAG_RELEVANT/><BO_NAME>EMPLOYEE</BO_NAME><BO_NODE_NAME>IDENTIFICATION</BO_NODE_NAME><BO_NODE_ELEMENT_PATH>NODE_ID</BO_NODE_ELEMENT_PATH><DO_PREFIX/><IS_DWB_PROP/><IS_MULTI_VALUED/><ENCRYPTED_MAX_LENGTH>0</ENCRYPTED_MAX_LENGTH></ODATA_EXTENSION_DEF_PR_001><ODATA_EXTENSION_DEF_PR_001><CLIENT>205</CLIENT><NODE_ID>ABY+cwajHumP6dgjUaJVvg==</NODE_ID><PARENT_NODE_ID>ABY+cwajHumP6dgjUaD1vg==</PARENT_NODE_ID><ROOT_NODE_ID>ABY+cwajHumP6ZwNt4E0Ww==</ROOT_NODE_ID><MO_NAME/><ORDINAL_NUMBER>1</ORDINAL_NUMBER><NAME>ObjectID</NAME><DATA_TYPE>String</DATA_TYPE><IS_COMPLEX/><ABAP_DT_NAME>OBJECTID</ABAP_DT_NAME><BO_PATH>NODE_ID</BO_PATH><COMPLEX_TYPE_UUID/><IS_CODE_TYPE/><IS_CREATABLE/><IS_UPDATABLE/><IS_NULLABLE/><IS_FILTERABLE>X</IS_FILTERABLE><HAS_FIXED_LENGTH>X</HAS_FIXED_LENGTH><MAX_LENGTH>70</MAX_LENGTH><PRECISION_VALUE>70</PRECISION_VALUE><SCALE>0</SCALE><DEFAULT_VALUE/><IS_HIDDEN_IN_EDM/><BO_PATH_WITH_FILTER/><IS_ALPHA_CONV_ALLOWED/><IS_LANGU_CODE/><CODELIST_ENTITY_SET_UUID/><IS_EXTENSION_FIELD/><IS_FREE_SEARCH_ENABLED/><IS_TRASIENT/><IS_INTERNAL/><IS_EXTERNAL/><LOCAL_ID_TYPE/><IS_PARENT_EXTERNAL_KEY/><IS_REF_EXTERNAL_KEY/><USE_EXTERNAL_INFO/><REF_EXT_KEY_UUID_KEY/><EXTERNAL_KEY_LEVEL_CODE/><EXCLUDE_FROM_SADL/><SAM_STATUS_VARIABLE_UUID/><UI_TEXT_KEY_NAME>ODATA_SVC_OBJECT_ID</UI_TEXT_KEY_NAME><UI_TEXT_KEY_VERSION_ID>0000000000</UI_TEXT_KEY_VERSION_ID><UITXT_REDEF_IND/><CONCURRENCY_MODE/><INTERNAL_KEY_LEVEL_CODE/><CONTEXT_PROPERTY_UUID_UUID/><VERSION_ID>0000000000</VERSION_ID><IS_DATE_TYPE/><IS_ETAG_RELEVANT/><BO_NAME/><BO_NODE_NAME/><BO_NODE_ELEMENT_PATH/><DO_PREFIX/><IS_DWB_PROP/><IS_MULTI_VALUED/><ENCRYPTED_MAX_LENGTH>0</ENCRYPTED_MAX_LENGTH></ODATA_EXTENSION_DEF_PR_001><ODATA_EXTENSION_DEF_PR_001><CLIENT>205</CLIENT><NODE_ID>ABY+cwajHumP6dgjUaJ1vg==</NODE_ID><PARENT_NODE_ID>ABY+cwajHumP6dgjUaD1vg==</PARENT_NODE_ID><ROOT_NODE_ID>ABY+cwajHumP6ZwNt4E0Ww==</ROOT_NODE_ID><MO_NAME/><ORDINAL_NUMBER>2</ORDINAL_NUMBER><NAME>ParentObjectID</NAME><DATA_TYPE>String</DATA_TYPE><IS_COMPLEX/><ABAP_DT_NAME>PARENTOBJECTID</ABAP_DT_NAME><BO_PATH>PARENT_NODE_ID</BO_PATH><COMPLEX_TYPE_UUID/><IS_CODE_TYPE/><IS_CREATABLE>X</IS_CREATABLE><IS_UPDATABLE/><IS_NULLABLE>X</IS_NULLABLE><IS_FILTERABLE>X</IS_FILTERABLE><HAS_FIXED_LENGTH>X</HAS_FIXED_LENGTH><MAX_LENGTH>70</MAX_LENGTH><PRECISION_VALUE>70</PRECISION_VALUE><SCALE>0</SCALE><DEFAULT_VALUE/><IS_HIDDEN_IN_EDM/><BO_PATH_WITH_FILTER/><IS_ALPHA_CONV_ALLOWED/><IS_LANGU_CODE/><CODELIST_ENTITY_SET_UUID/><IS_EXTENSION_FIELD/><IS_FREE_SEARCH_ENABLED/><IS_TRASIENT/><IS_INTERNAL/><IS_EXTERNAL/><LOCAL_ID_TYPE/><IS_PARENT_EXTERNAL_KEY/><IS_REF_EXTERNAL_KEY/><USE_EXTERNAL_INFO/><REF_EXT_KEY_UUID_KEY/><EXTERNAL_KEY_LEVEL_CODE/><EXCLUDE_FROM_SADL/><SAM_STATUS_VARIABLE_UUID/><UI_TEXT_KEY_NAME>ODATA_SVC_PARENT_OBJECT_ID</UI_TEXT_KEY_NAME><UI_TEXT_KEY_VERSION_ID>0000000000</UI_TEXT_KEY_VERSION_ID><UITXT_REDEF_IND/><CONCURRENCY_MODE/><INTERNAL_KEY_LEVEL_CODE/><CONTEXT_PROPERTY_UUID_UUID/><VERSION_ID>0000000000</VERSION_ID><IS_DATE_TYPE/><IS_ETAG_RELEVANT/><BO_NAME/><BO_NODE_NAME/><BO_NODE_ELEMENT_PATH/><DO_PREFIX/><IS_DWB_PROP/><IS_MULTI_VALUED/><ENCRYPTED_MAX_LENGTH>0</ENCRYPTED_MAX_LENGTH></ODATA_EXTENSION_DEF_PR_001><ODATA_EXTENSION_DEF_PR_001><CLIENT>205</CLIENT><NODE_ID>ABY+cwajHumP6dmQ5Td1wQ==</NODE_ID><PARENT_NODE_ID>ABY+cwajHumP6dgjUaD1vg==</PARENT_NODE_ID><ROOT_NODE_ID>ABY+cwajHumP6ZwNt4E0Ww==</ROOT_NODE_ID><MO_NAME/><ORDINAL_NUMBER>11</ORDINAL_NUMBER><NAME>UUID</NAME><DATA_TYPE>Guid</DATA_TYPE><IS_COMPLEX/><ABAP_DT_NAME>UUID_CONTENT</ABAP_DT_NAME><BO_PATH>UUID-CONTENT</BO_PATH><COMPLEX_TYPE_UUID/><IS_CODE_TYPE/><IS_CREATABLE/><IS_UPDATABLE/><IS_NULLABLE>X</IS_NULLABLE><IS_FILTERABLE>X</IS_FILTERABLE><HAS_FIXED_LENGTH>X</HAS_FIXED_LENGTH><MAX_LENGTH>36</MAX_LENGTH><PRECISION_VALUE>36</PRECISION_VALUE><SCALE>0</SCALE><DEFAULT_VALUE/><IS_HIDDEN_IN_EDM/><BO_PATH_WITH_FILTER/><IS_ALPHA_CONV_ALLOWED/><IS_LANGU_CODE/><CODELIST_ENTITY_SET_UUID/><IS_EXTENSION_FIELD/><IS_FREE_SEARCH_ENABLED/><IS_TRASIENT/><IS_INTERNAL/><IS_EXTERNAL/><LOCAL_ID_TYPE/><IS_PARENT_EXTERNAL_KEY/><IS_REF_EXTERNAL_KEY/><USE_EXTERNAL_INFO/><REF_EXT_KEY_UUID_KEY/><EXTERNAL_KEY_LEVEL_CODE/><EXCLUDE_FROM_SADL/><SAM_STATUS_VARIABLE_UUID/><UI_TEXT_KEY_NAME/><UI_TEXT_KEY_VERSION_ID>0000000000</UI_TEXT_KEY_VERSION_ID><UITXT_REDEF_IND/><CONCURRENCY_MODE/><INTERNAL_KEY_LEVEL_CODE/><CONTEXT_PROPERTY_UUID_UUID/><VERSION_ID>0000000000</VERSION_ID><IS_DATE_TYPE/><IS_ETAG_RELEVANT/><BO_NAME>TIMX_AGREEMENT</BO_NAME><BO_NODE_NAME>ITEM</BO_NODE_NAME><BO_NODE_ELEMENT_PATH>UUID-CONTENT</BO_NODE_ELEMENT_PATH><DO_PREFIX/><IS_DWB_PROP/><IS_MULTI_VALUED/><ENCRYPTED_MAX_LENGTH>0</ENCRYPTED_MAX_LENGTH></ODATA_EXTENSION_DEF_PR_001><ODATA_EXTENSION_DEF_PR_001><CLIENT>205</CLIENT><NODE_ID>ABY+cwajHumP6drnoDJVxA==</NODE_ID><PARENT_NODE_ID>ABY+cwajHumP6dgjUaD1vg==</PARENT_NODE_ID><ROOT_NODE_ID>ABY+cwajHumP6ZwNt4E0Ww==</ROOT_NODE_ID><MO_NAME/><ORDINAL_NUMBER>14</ORDINAL_NUMBER><NAME>EndDate</NAME><DATA_TYPE>DateTime</DATA_TYPE><IS_COMPLEX/><ABAP_DT_NAME>VALIDITY_PERIOD_END_DATE</ABAP_DT_NAME><BO_PATH>VALIDITY_PERIOD-END_DATE</BO_PATH><COMPLEX_TYPE_UUID/><IS_CODE_TYPE/><IS_CREATABLE/><IS_UPDATABLE/><IS_NULLABLE>X</IS_NULLABLE><IS_FILTERABLE>X</IS_FILTERABLE><HAS_FIXED_LENGTH>X</HAS_FIXED_LENGTH><MAX_LENGTH>8</MAX_LENGTH><PRECISION_VALUE>0</PRECISION_VALUE><SCALE>0</SCALE><DEFAULT_VALUE/><IS_HIDDEN_IN_EDM/><BO_PATH_WITH_FILTER/><IS_ALPHA_CONV_ALLOWED/><IS_LANGU_CODE/><CODELIST_ENTITY_SET_UUID/><IS_EXTENSION_FIELD/><IS_FREE_SEARCH_ENABLED/><IS_TRASIENT/><IS_INTERNAL/><IS_EXTERNAL/><LOCAL_ID_TYPE/><IS_PARENT_EXTERNAL_KEY/><IS_REF_EXTERNAL_KEY/><USE_EXTERNAL_INFO/><REF_EXT_KEY_UUID_KEY/><EXTERNAL_KEY_LEVEL_CODE/><EXCLUDE_FROM_SADL/><SAM_STATUS_VARIABLE_UUID/><UI_TEXT_KEY_NAME/><UI_TEXT_KEY_VERSION_ID>0000000000</UI_TEXT_KEY_VERSION_ID><UITXT_REDEF_IND/><CONCURRENCY_MODE/><INTERNAL_KEY_LEVEL_CODE/><CONTEXT_PROPERTY_UUID_UUID/><VERSION_ID>0000000000</VERSION_ID><IS_DATE_TYPE>X</IS_DATE_TYPE><IS_ETAG_RELEVANT/><BO_NAME>TIMX_AGREEMENT</BO_NAME><BO_NODE_NAME>ITEM</BO_NODE_NAME><BO_NODE_ELEMENT_PATH>VALIDITY_PERIOD-END_DATE</BO_NODE_ELEMENT_PATH><DO_PREFIX/><IS_DWB_PROP/><IS_MULTI_VALUED/><ENCRYPTED_MAX_LENGTH>0</ENCRYPTED_MAX_LENGTH></ODATA_EXTENSION_DEF_PR_001><ODATA_EXTENSION_DEF_PR_001><CLIENT>205</CLIENT><NODE_ID>ABY+cwajHumP6drnoDD1xA==</NODE_ID><PARENT_NODE_ID>ABY+cwajHumP6dgjUaD1vg==</PARENT_NODE_ID><ROOT_NODE_ID>ABY+cwajHumP6ZwNt4E0Ww==</ROOT_NODE_ID><MO_NAME/><ORDINAL_NUMBER>13</ORDINAL_NUMBER><NAME>StartDate</NAME><DATA_TYPE>DateTime</DATA_TYPE><IS_COMPLEX/><ABAP_DT_NAME>VALIDITY_PERIOD_START_DATE</ABAP_DT_NAME><BO_PATH>VALIDITY_PERIOD-START_DATE</BO_PATH><COMPLEX_TYPE_UUID/><IS_CODE_TYPE/><IS_CREATABLE/><IS_UPDATABLE/><IS_NULLABLE>X</IS_NULLABLE><IS_FILTERABLE>X</IS_FILTERABLE><HAS_FIXED_LENGTH>X</HAS_FIXED_LENGTH><MAX_LENGTH>8</MAX_LENGTH><PRECISION_VALUE>0</PRECISION_VALUE><SCALE>0</SCALE><DEFAULT_VALUE/><IS_HIDDEN_IN_EDM/><BO_PATH_WITH_FILTER/><IS_ALPHA_CONV_ALLOWED/><IS_LANGU_CODE/><CODELIST_ENTITY_SET_UUID/><IS_EXTENSION_FIELD/><IS_FREE_SEARCH_ENABLED/><IS_TRASIENT/><IS_INTERNAL/><IS_EXTERNAL/><LOCAL_ID_TYPE/><IS_PARENT_EXTERNAL_KEY/><IS_REF_EXTERNAL_KEY/><USE_EXTERNAL_INFO/><REF_EXT_KEY_UUID_KEY/><EXTERNAL_KEY_LEVEL_CODE/><EXCLUDE_FROM_SADL/><SAM_STATUS_VARIABLE_UUID/><UI_TEXT_KEY_NAME/><UI_TEXT_KEY_VERSION_ID>0000000000</UI_TEXT_KEY_VERSION_ID><UITXT_REDEF_IND/><CONCURRENCY_MODE/><INTERNAL_KEY_LEVEL_CODE/><CONTEXT_PROPERTY_UUID_UUID/><VERSION_ID>0000000000</VERSION_ID><IS_DATE_TYPE>X</IS_DATE_TYPE><IS_ETAG_RELEVANT/><BO_NAME>TIMX_AGREEMENT</BO_NAME><BO_NODE_NAME>ITEM</BO_NODE_NAME><BO_NODE_ELEMENT_PATH>VALIDITY_PERIOD-START_DATE</BO_NODE_ELEMENT_PATH><DO_PREFIX/><IS_DWB_PROP/><IS_MULTI_VALUED/><ENCRYPTED_MAX_LENGTH>0</ENCRYPTED_MAX_LENGTH></ODATA_EXTENSION_DEF_PR_001><ODATA_EXTENSION_DEF_PR_001><CLIENT>205</CLIENT><NODE_ID>ABY+cwajHumP6dof57l1xA==</NODE_ID><PARENT_NODE_ID>ABY+cwajHumP6dgjUaD1vg==</PARENT_NODE_ID><ROOT_NODE_ID>ABY+cwajHumP6ZwNt4E0Ww==</ROOT_NODE_ID><MO_NAME/><ORDINAL_NUMBER>12</ORDINAL_NUMBER><NAME>WorkAgreementUUID</NAME><DATA_TYPE>Guid</DATA_TYPE><IS_COMPLEX/><ABAP_DT_NAME>WORK_AGREEMENT_UUID_CONTENT</ABAP_DT_NAME><BO_PATH>WORK_AGREEMENT_UUID-CONTENT</BO_PATH><COMPLEX_TYPE_UUID/><IS_CODE_TYPE/><IS_CREATABLE/><IS_UPDATABLE/><IS_NULLABLE>X</IS_NULLABLE><IS_FILTERABLE>X</IS_FILTERABLE><HAS_FIXED_LENGTH>X</HAS_FIXED_LENGTH><MAX_LENGTH>36</MAX_LENGTH><PRECISION_VALUE>36</PRECISION_VALUE><SCALE>0</SCALE><DEFAULT_VALUE/><IS_HIDDEN_IN_EDM/><BO_PATH_WITH_FILTER/><IS_ALPHA_CONV_ALLOWED/><IS_LANGU_CODE/><CODELIST_ENTITY_SET_UUID/><IS_EXTENSION_FIELD/><IS_FREE_SEARCH_ENABLED/><IS_TRASIENT/><IS_INTERNAL/><IS_EXTERNAL/><LOCAL_ID_TYPE/><IS_PARENT_EXTERNAL_KEY/><IS_REF_EXTERNAL_KEY/><USE_EXTERNAL_INFO/><REF_EXT_KEY_UUID_KEY/><EXTERNAL_KEY_LEVEL_CODE/><EXCLUDE_FROM_SADL/><SAM_STATUS_VARIABLE_UUID/><UI_TEXT_KEY_NAME/><UI_TEXT_KEY_VERSION_ID>0000000000</UI_TEXT_KEY_VERSION_ID><UITXT_REDEF_IND/><CONCURRENCY_MODE/><INTERNAL_KEY_LEVEL_CODE/><CONTEXT_PROPERTY_UUID_UUID/><VERSION_ID>0000000000</VERSION_ID><IS_DATE_TYPE/><IS_ETAG_RELEVANT/><BO_NAME>TIMX_AGREEMENT</BO_NAME><BO_NODE_NAME>ITEM</BO_NODE_NAME><BO_NODE_ELEMENT_PATH>WORK_AGREEMENT_UUID-CONTENT</BO_NODE_ELEMENT_PATH><DO_PREFIX/><IS_DWB_PROP/><IS_MULTI_VALUED/><ENCRYPTED_MAX_LENGTH>0</ENCRYPTED_MAX_LENGTH></ODATA_EXTENSION_DEF_PR_001><ODATA_EXTENSION_DEF_PR_001><CLIENT>205</CLIENT><NODE_ID>ABY+cwajHumP6exKo07WSQ==</NODE_ID><PARENT_NODE_ID>ABY+cwajHumP6dgjUaD1vg==</PARENT_NODE_ID><ROOT_NODE_ID>ABY+cwajHumP6ZwNt4E0Ww==</ROOT_NODE_ID><MO_NAME/><ORDINAL_NUMBER>15</ORDINAL_NUMBER><NAME>EmployeeUUID</NAME><DATA_TYPE>Guid</DATA_TYPE><IS_COMPLEX/><ABAP_DT_NAME>EMPLOYEE_UUID_CONTENT</ABAP_DT_NAME><BO_PATH>ass:TO_PARENT/EMPLOYEE_UUID-CONTENT</BO_PATH><COMPLEX_TYPE_UUID/><IS_CODE_TYPE/><IS_CREATABLE/><IS_UPDATABLE/><IS_NULLABLE>X</IS_NULLABLE><IS_FILTERABLE>X</IS_FILTERABLE><HAS_FIXED_LENGTH>X</HAS_FIXED_LENGTH><MAX_LENGTH>36</MAX_LENGTH><PRECISION_VALUE>36</PRECISION_VALUE><SCALE>0</SCALE><DEFAULT_VALUE/><IS_HIDDEN_IN_EDM/><BO_PATH_WITH_FILTER/><IS_ALPHA_CONV_ALLOWED/><IS_LANGU_CODE/><CODELIST_ENTITY_SET_UUID/><IS_EXTENSION_FIELD/><IS_FREE_SEARCH_ENABLED/><IS_TRASIENT/><IS_INTERNAL/><IS_EXTERNAL/><LOCAL_ID_TYPE/><IS_PARENT_EXTERNAL_KEY/><IS_REF_EXTERNAL_KEY/><USE_EXTERNAL_INFO/><REF_EXT_KEY_UUID_KEY/><EXTERNAL_KEY_LEVEL_CODE/><EXCLUDE_FROM_SADL/><SAM_STATUS_VARIABLE_UUID/><UI_TEXT_KEY_NAME/><UI_TEXT_KEY_VERSION_ID>0000000000</UI_TEXT_KEY_VERSION_ID><UITXT_REDEF_IND/><CONCURRENCY_MODE/><INTERNAL_KEY_LEVEL_CODE/><CONTEXT_PROPERTY_UUID_UUID/><VERSION_ID>0000000000</VERSION_ID><IS_DATE_TYPE/><IS_ETAG_RELEVANT/><BO_NAME>TIMX_AGREEMENT</BO_NAME><BO_NODE_NAME>ROOT</BO_NODE_NAME><BO_NODE_ELEMENT_PATH>EMPLOYEE_UUID-CONTENT</BO_NODE_ELEMENT_PATH><DO_PREFIX/><IS_DWB_PROP/><IS_MULTI_VALUED/><ENCRYPTED_MAX_LENGTH>0</ENCRYPTED_MAX_LENGTH></ODATA_EXTENSION_DEF_PR_001><ODATA_EXTENSION_DEF_PR_001><CLIENT>205</CLIENT><NODE_ID>ABY+cwajHumP6exKo062SQ==</NODE_ID><PARENT_NODE_ID>ABY+cwajHumP6dgjUaD1vg==</PARENT_NODE_ID><ROOT_NODE_ID>ABY+cwajHumP6ZwNt4E0Ww==</ROOT_NODE_ID><MO_NAME/><ORDINAL_NUMBER>0</ORDINAL_NUMBER><NAME>TIMX_AGREEMENT;ROOT;OBJECTID1</NAME><DATA_TYPE>String</DATA_TYPE><IS_COMPLEX/><ABAP_DT_NAME>OBJECTID1</ABAP_DT_NAME><BO_PATH>ass:TO_PARENT/NODE_ID</BO_PATH><COMPLEX_TYPE_UUID/><IS_CODE_TYPE/><IS_CREATABLE/><IS_UPDATABLE/><IS_NULLABLE>X</IS_NULLABLE><IS_FILTERABLE>X</IS_FILTERABLE><HAS_FIXED_LENGTH>X</HAS_FIXED_LENGTH><MAX_LENGTH>70</MAX_LENGTH><PRECISION_VALUE>70</PRECISION_VALUE><SCALE>0</SCALE><DEFAULT_VALUE/><IS_HIDDEN_IN_EDM>X</IS_HIDDEN_IN_EDM><BO_PATH_WITH_FILTER/><IS_ALPHA_CONV_ALLOWED/><IS_LANGU_CODE/><CODELIST_ENTITY_SET_UUID/><IS_EXTENSION_FIELD/><IS_FREE_SEARCH_ENABLED/><IS_TRASIENT/><IS_INTERNAL/><IS_EXTERNAL/><LOCAL_ID_TYPE/><IS_PARENT_EXTERNAL_KEY/><IS_REF_EXTERNAL_KEY/><USE_EXTERNAL_INFO/><REF_EXT_KEY_UUID_KEY/><EXTERNAL_KEY_LEVEL_CODE/><EXCLUDE_FROM_SADL/><SAM_STATUS_VARIABLE_UUID/><UI_TEXT_KEY_NAME/><UI_TEXT_KEY_VERSION_ID>0000000000</UI_TEXT_KEY_VERSION_ID><UITXT_REDEF_IND/><CONCURRENCY_MODE/><INTERNAL_KEY_LEVEL_CODE/><CONTEXT_PROPERTY_UUID_UUID/><VERSION_ID>0000000000</VERSION_ID><IS_DATE_TYPE/><IS_ETAG_RELEVANT/><BO_NAME>TIMX_AGREEMENT</BO_NAME><BO_NODE_NAME>ROOT</BO_NODE_NAME><BO_NODE_ELEMENT_PATH>NODE_ID</BO_NODE_ELEMENT_PATH><DO_PREFIX/><IS_DWB_PROP/><IS_MULTI_VALUED/><ENCRYPTED_MAX_LENGTH>0</ENCRYPTED_MAX_LENGTH></ODATA_EXTENSION_DEF_PR_001><ODATA_EXTENSION_DEF_PR_001><CLIENT>205</CLIENT><NODE_ID>ABY+cwajHumP6e6vQMpWSQ==</NODE_ID><PARENT_NODE_ID>ABY+cwajHumP6dgjUaD1vg==</PARENT_NODE_ID><ROOT_NODE_ID>ABY+cwajHumP6ZwNt4E0Ww==</ROOT_NODE_ID><MO_NAME/><ORDINAL_NUMBER>18</ORDINAL_NUMBER><NAME>EmployeeFormattedName</NAME><DATA_TYPE>String</DATA_TYPE><IS_COMPLEX/><ABAP_DT_NAME>FORMATTED_NAME</ABAP_DT_NAME><BO_PATH>ass:TO_PARENT/ass:EMPLOYEE/ass:CURRENT_COMMON/FORMATTED_NAME</BO_PATH><COMPLEX_TYPE_UUID/><IS_CODE_TYPE/><IS_CREATABLE/><IS_UPDATABLE/><IS_NULLABLE>X</IS_NULLABLE><IS_FILTERABLE>X</IS_FILTERABLE><HAS_FIXED_LENGTH>X</HAS_FIXED_LENGTH><MAX_LENGTH>80</MAX_LENGTH><PRECISION_VALUE>80</PRECISION_VALUE><SCALE>0</SCALE><DEFAULT_VALUE/><IS_HIDDEN_IN_EDM/><BO_PATH_WITH_FILTER/><IS_ALPHA_CONV_ALLOWED/><IS_LANGU_CODE/><CODELIST_ENTITY_SET_UUID/><IS_EXTENSION_FIELD/><IS_FREE_SEARCH_ENABLED>X</IS_FREE_SEARCH_ENABLED><IS_TRASIENT/><IS_INTERNAL/><IS_EXTERNAL/><LOCAL_ID_TYPE/><IS_PARENT_EXTERNAL_KEY/><IS_REF_EXTERNAL_KEY/><USE_EXTERNAL_INFO/><REF_EXT_KEY_UUID_KEY/><EXTERNAL_KEY_LEVEL_CODE/><EXCLUDE_FROM_SADL/><SAM_STATUS_VARIABLE_UUID/><UI_TEXT_KEY_NAME/><UI_TEXT_KEY_VERSION_ID>0000000000</UI_TEXT_KEY_VERSION_ID><UITXT_REDEF_IND/><CONCURRENCY_MODE/><INTERNAL_KEY_LEVEL_CODE/><CONTEXT_PROPERTY_UUID_UUID/><VERSION_ID>0000000000</VERSION_ID><IS_DATE_TYPE/><IS_ETAG_RELEVANT/><BO_NAME>EMPLOYEE</BO_NAME><BO_NODE_NAME>COMMON</BO_NODE_NAME><BO_NODE_ELEMENT_PATH>FORMATTED_NAME</BO_NODE_ELEMENT_PATH><DO_PREFIX/><IS_DWB_PROP/><IS_MULTI_VALUED/><ENCRYPTED_MAX_LENGTH>0</ENCRYPTED_MAX_LENGTH></ODATA_EXTENSION_DEF_PR_001><ODATA_EXTENSION_DEF_PR_001><CLIENT>205</CLIENT><NODE_ID>ABY+cwajHumP6e6vQMo2SQ==</NODE_ID><PARENT_NODE_ID>ABY+cwajHumP6dgjUaD1vg==</PARENT_NODE_ID><ROOT_NODE_ID>ABY+cwajHumP6ZwNt4E0Ww==</ROOT_NODE_ID><MO_NAME/><ORDINAL_NUMBER>0</ORDINAL_NUMBER><NAME>EMPLOYEE;COMMON;OBJECTID3</NAME><DATA_TYPE>String</DATA_TYPE><IS_COMPLEX/><ABAP_DT_NAME>OBJECTID3</ABAP_DT_NAME><BO_PATH>ass:TO_PARENT/ass:EMPLOYEE/ass:CURRENT_COMMON/NODE_ID</BO_PATH><COMPLEX_TYPE_UUID/><IS_CODE_TYPE/><IS_CREATABLE/><IS_UPDATABLE/><IS_NULLABLE>X</IS_NULLABLE><IS_FILTERABLE>X</IS_FILTERABLE><HAS_FIXED_LENGTH>X</HAS_FIXED_LENGTH><MAX_LENGTH>70</MAX_LENGTH><PRECISION_VALUE>70</PRECISION_VALUE><SCALE>0</SCALE><DEFAULT_VALUE/><IS_HIDDEN_IN_EDM>X</IS_HIDDEN_IN_EDM><BO_PATH_WITH_FILTER/><IS_ALPHA_CONV_ALLOWED/><IS_LANGU_CODE/><CODELIST_ENTITY_SET_UUID/><IS_EXTENSION_FIELD/><IS_FREE_SEARCH_ENABLED/><IS_TRASIENT/><IS_INTERNAL/><IS_EXTERNAL/><LOCAL_ID_TYPE/><IS_PARENT_EXTERNAL_KEY/><IS_REF_EXTERNAL_KEY/><USE_EXTERNAL_INFO/><REF_EXT_KEY_UUID_KEY/><EXTERNAL_KEY_LEVEL_CODE/><EXCLUDE_FROM_SADL/><SAM_STATUS_VARIABLE_UUID/><UI_TEXT_KEY_NAME/><UI_TEXT_KEY_VERSION_ID>0000000000</UI_TEXT_KEY_VERSION_ID><UITXT_REDEF_IND/><CONCURRENCY_MODE/><INTERNAL_KEY_LEVEL_CODE/><CONTEXT_PROPERTY_UUID_UUID/><VERSION_ID>0000000000</VERSION_ID><IS_DATE_TYPE/><IS_ETAG_RELEVANT/><BO_NAME>EMPLOYEE</BO_NAME><BO_NODE_NAME>COMMON</BO_NODE_NAME><BO_NODE_ELEMENT_PATH>NODE_ID</BO_NODE_ELEMENT_PATH><DO_PREFIX/><IS_DWB_PROP/><IS_MULTI_VALUED/><ENCRYPTED_MAX_LENGTH>0</ENCRYPTED_MAX_LENGTH></ODATA_EXTENSION_DEF_PR_001><ODATA_EXTENSION_DEF_PR_001><CLIENT>205</CLIENT><NODE_ID>ABY+cwajHumP6e5Vy242SQ==</NODE_ID><PARENT_NODE_ID>ABY+cwajHumP6dgjUaD1vg==</PARENT_NODE_ID><ROOT_NODE_ID>ABY+cwajHumP6ZwNt4E0Ww==</ROOT_NODE_ID><MO_NAME/><ORDINAL_NUMBER>17</ORDINAL_NUMBER><NAME>EmployeeID</NAME><DATA_TYPE>String</DATA_TYPE><IS_COMPLEX/><ABAP_DT_NAME>EMPLOYEE_ID_CONTENT</ABAP_DT_NAME><BO_PATH>ass:TO_PARENT/ass:EMPLOYEE/ass:IDENT_EMPLOYEE_ID/EMPLOYEE_ID-CONTENT</BO_PATH><COMPLEX_TYPE_UUID/><IS_CODE_TYPE/><IS_CREATABLE/><IS_UPDATABLE/><IS_NULLABLE>X</IS_NULLABLE><IS_FILTERABLE>X</IS_FILTERABLE><HAS_FIXED_LENGTH>X</HAS_FIXED_LENGTH><MAX_LENGTH>20</MAX_LENGTH><PRECISION_VALUE>20</PRECISION_VALUE><SCALE>0</SCALE><DEFAULT_VALUE/><IS_HIDDEN_IN_EDM/><BO_PATH_WITH_FILTER/><IS_ALPHA_CONV_ALLOWED>X</IS_ALPHA_CONV_ALLOWED><IS_LANGU_CODE/><CODELIST_ENTITY_SET_UUID/><IS_EXTENSION_FIELD/><IS_FREE_SEARCH_ENABLED>X</IS_FREE_SEARCH_ENABLED><IS_TRASIENT/><IS_INTERNAL/><IS_EXTERNAL/><LOCAL_ID_TYPE/><IS_PARENT_EXTERNAL_KEY/><IS_REF_EXTERNAL_KEY/><USE_EXTERNAL_INFO/><REF_EXT_KEY_UUID_KEY/><EXTERNAL_KEY_LEVEL_CODE/><EXCLUDE_FROM_SADL/><SAM_STATUS_VARIABLE_UUID/><UI_TEXT_KEY_NAME>GEN_BYD_008880</UI_TEXT_KEY_NAME><UI_TEXT_KEY_VERSION_ID>0000000000</UI_TEXT_KEY_VERSION_ID><UITXT_REDEF_IND/><CONCURRENCY_MODE/><INTERNAL_KEY_LEVEL_CODE/><CONTEXT_PROPERTY_UUID_UUID/><VERSION_ID>0000000000</VERSION_ID><IS_DATE_TYPE/><IS_ETAG_RELEVANT/><BO_NAME>EMPLOYEE</BO_NAME><BO_NODE_NAME>IDENTIFICATION</BO_NODE_NAME><BO_NODE_ELEMENT_PATH>EMPLOYEE_ID-CONTENT</BO_NODE_ELEMENT_PATH><DO_PREFIX/><IS_DWB_PROP/><IS_MULTI_VALUED/><ENCRYPTED_MAX_LENGTH>0</ENCRYPTED_MAX_LENGTH></ODATA_EXTENSION_DEF_PR_001><ODATA_EXTENSION_DEF_PR_001><CLIENT>205</CLIENT><NODE_ID>ABY+cwajHumP6e5BDLq2SQ==</NODE_ID><PARENT_NODE_ID>ABY+cwajHumP6dgjUaD1vg==</PARENT_NODE_ID><ROOT_NODE_ID>ABY+cwajHumP6ZwNt4E0Ww==</ROOT_NODE_ID><MO_NAME/><ORDINAL_NUMBER>0</ORDINAL_NUMBER><NAME>EMPLOYEE;IDENTIFICATION;OBJECTID2</NAME><DATA_TYPE>String</DATA_TYPE><IS_COMPLEX/><ABAP_DT_NAME>OBJECTID2</ABAP_DT_NAME><BO_PATH>ass:TO_PARENT/ass:EMPLOYEE/ass:IDENT_EMPLOYEE_ID/NODE_ID</BO_PATH><COMPLEX_TYPE_UUID/><IS_CODE_TYPE/><IS_CREATABLE/><IS_UPDATABLE/><IS_NULLABLE>X</IS_NULLABLE><IS_FILTERABLE>X</IS_FILTERABLE><HAS_FIXED_LENGTH>X</HAS_FIXED_LENGTH><MAX_LENGTH>70</MAX_LENGTH><PRECISION_VALUE>70</PRECISION_VALUE><SCALE>0</SCALE><DEFAULT_VALUE/><IS_HIDDEN_IN_EDM>X</IS_HIDDEN_IN_EDM><BO_PATH_WITH_FILTER/><IS_ALPHA_CONV_ALLOWED/><IS_LANGU_CODE/><CODELIST_ENTITY_SET_UUID/><IS_EXTENSION_FIELD/><IS_FREE_SEARCH_ENABLED/><IS_TRASIENT/><IS_INTERNAL/><IS_EXTERNAL/><LOCAL_ID_TYPE/><IS_PARENT_EXTERNAL_KEY/><IS_REF_EXTERNAL_KEY/><USE_EXTERNAL_INFO/><REF_EXT_KEY_UUID_KEY/><EXTERNAL_KEY_LEVEL_CODE/><EXCLUDE_FROM_SADL/><SAM_STATUS_VARIABLE_UUID/><UI_TEXT_KEY_NAME/><UI_TEXT_KEY_VERSION_ID>0000000000</UI_TEXT_KEY_VERSION_ID><UITXT_REDEF_IND/><CONCURRENCY_MODE/><INTERNAL_KEY_LEVEL_CODE/><CONTEXT_PROPERTY_UUID_UUID/><VERSION_ID>0000000000</VERSION_ID><IS_DATE_TYPE/><IS_ETAG_RELEVANT/><BO_NAME>EMPLOYEE</BO_NAME><BO_NODE_NAME>IDENTIFICATION</BO_NODE_NAME><BO_NODE_ELEMENT_PATH>NODE_ID</BO_NODE_ELEMENT_PATH><DO_PREFIX/><IS_DWB_PROP/><IS_MULTI_VALUED/><ENCRYPTED_MAX_LENGTH>0</ENCRYPTED_MAX_LENGTH></ODATA_EXTENSION_DEF_PR_001></PROPERTIES><NAVIGATIONS><ODATA_EXTENSION_DEF_NA_001><CLIENT>205</CLIENT><NODE_ID>ABY+cwajHumP6cuPcWlVUA==</NODE_ID><PARENT_NODE_ID>ABY+cwajHumP6bvlEj004A==</PARENT_NODE_ID><ROOT_NODE_ID>ABY+cwajHumP6ZwNt4E0Ww==</ROOT_NODE_ID><MO_NAME/><UUID/><NAME>EmployeeType</NAME><TO_ENTITY_UUID>ABY+cwajHumP6cuPcWk1UA==</TO_ENTITY_UUID><RELATIONSHIP>EmployeeTimeAgreement_EmployeeType</RELATIONSHIP><BO_ASSOCIATION_NAME>EMPLOYEE_TYPE</BO_ASSOCIATION_NAME><BO_ASSOCIATION_TYPE/><NAV_MAP_SRC_ENTITY_PROP/><FROM_ROLE_NAME>EmployeeTimeAgreement</FROM_ROLE_NAME><CARDINALITY/><TO_ROLE_NAME>EmployeeType</TO_ROLE_NAME><NAV_MAP_TGT_ENTITY_PROP/><IS_CREATABLE/><IS_UPDATABLE/><IS_DELETABLE/><SOURCE_BO_NODE_NAME>ROOT</SOURCE_BO_NODE_NAME><SOURCE_BO_NAME>TIMX_AGREEMENT</SOURCE_BO_NAME><DO_PREFIX/><IS_ACCESS_PRIVILEGED/></ODATA_EXTENSION_DEF_NA_001><ODATA_EXTENSION_DEF_NA_001><CLIENT>205</CLIENT><NODE_ID>ABY+cwajHumP6dgjUaG1vg==</NODE_ID><PARENT_NODE_ID>ABY+cwajHumP6bvlEj004A==</PARENT_NODE_ID><ROOT_NODE_ID>ABY+cwajHumP6ZwNt4E0Ww==</ROOT_NODE_ID><MO_NAME/><UUID/><NAME>Item</NAME><TO_ENTITY_UUID>ABY+cwajHumP6dgjUaD1vg==</TO_ENTITY_UUID><RELATIONSHIP>EmployeeTimeAgreement_Item</RELATIONSHIP><BO_ASSOCIATION_NAME>ITEM</BO_ASSOCIATION_NAME><BO_ASSOCIATION_TYPE>COMP</BO_ASSOCIATION_TYPE><NAV_MAP_SRC_ENTITY_PROP/><FROM_ROLE_NAME>EmployeeTimeAgreement</FROM_ROLE_NAME><CARDINALITY>4</CARDINALITY><TO_ROLE_NAME>Item</TO_ROLE_NAME><NAV_MAP_TGT_ENTITY_PROP/><IS_CREATABLE>X</IS_CREATABLE><IS_UPDATABLE/><IS_DELETABLE/><SOURCE_BO_NODE_NAME>ROOT</SOURCE_BO_NODE_NAME><SOURCE_BO_NAME>TIMX_AGREEMENT</SOURCE_BO_NAME><DO_PREFIX/><IS_ACCESS_PRIVILEGED/></ODATA_EXTENSION_DEF_NA_001><ODATA_EXTENSION_DEF_NA_001><CLIENT>205</CLIENT><NODE_ID>ABY+cwajHumP6dgjUaEVvg==</NODE_ID><PARENT_NODE_ID>ABY+cwajHumP6dgjUaD1vg==</PARENT_NODE_ID><ROOT_NODE_ID>ABY+cwajHumP6ZwNt4E0Ww==</ROOT_NODE_ID><MO_NAME/><UUID/><NAME>EmployeeTimeAgreement</NAME><TO_ENTITY_UUID>ABY+cwajHumP6bvlEj004A==</TO_ENTITY_UUID><RELATIONSHIP>EmployeeTimeAgreement_Item</RELATIONSHIP><BO_ASSOCIATION_NAME>TO_PARENT</BO_ASSOCIATION_NAME><BO_ASSOCIATION_TYPE>IMPL</BO_ASSOCIATION_TYPE><NAV_MAP_SRC_ENTITY_PROP/><FROM_ROLE_NAME>Item</FROM_ROLE_NAME><CARDINALITY>1</CARDINALITY><TO_ROLE_NAME>EmployeeTimeAgreement</TO_ROLE_NAME><NAV_MAP_TGT_ENTITY_PROP/><IS_CREATABLE/><IS_UPDATABLE/><IS_DELETABLE/><SOURCE_BO_NODE_NAME>ITEM</SOURCE_BO_NODE_NAME><SOURCE_BO_NAME>TIMX_AGREEMENT</SOURCE_BO_NAME><DO_PREFIX/><IS_ACCESS_PRIVILEGED/></ODATA_EXTENSION_DEF_NA_001></NAVIGATIONS><COMPLEX_TYPES/><COMPLEX_TYPE_PROPERTIES/><FUNCTION_IMPORTS><ODATA_EXTENSION_DEF_FU_001><CLIENT>205</CLIENT><NODE_ID>ABY+cwajHumP6fOogtJ2TA==</NODE_ID><PARENT_NODE_ID>ABY+cwajHumP6ZwNt4E0Ww==</PARENT_NODE_ID><MO_NAME/><ORDINAL_NUMBER>1</ORDINAL_NUMBER><NAME>EmployeeTimeAgreementItemQueryByElements</NAME><HTTP_METHOD>GET</HTTP_METHOD><MAPPED_BO_ACTION_NAME>QUERY_BY_ELEMENTS</MAPPED_BO_ACTION_NAME><MAPPED_BO_NAME>TIMX_AGREEMENT</MAPPED_BO_NAME><MAPPED_BO_NODE_NAME>ITEM</MAPPED_BO_NODE_NAME><SOURCE_ENTITY_TYPE_UUID>ABY+cwajHumP6dgjUaD1vg==</SOURCE_ENTITY_TYPE_UUID><FI_TYPE>QUERY</FI_TYPE></ODATA_EXTENSION_DEF_FU_001><ODATA_EXTENSION_DEF_FU_001><CLIENT>205</CLIENT><NODE_ID>ABY+cwajHumP6fXA0Oa2TQ==</NODE_ID><PARENT_NODE_ID>ABY+cwajHumP6ZwNt4E0Ww==</PARENT_NODE_ID><MO_NAME/><ORDINAL_NUMBER>2</ORDINAL_NUMBER><NAME>EmployeeTimeAgreementQueryByElements</NAME><HTTP_METHOD>GET</HTTP_METHOD><MAPPED_BO_ACTION_NAME>QUERY_BY_ELEMENTS</MAPPED_BO_ACTION_NAME><MAPPED_BO_NAME>TIMX_AGREEMENT</MAPPED_BO_NAME><MAPPED_BO_NODE_NAME>ROOT</MAPPED_BO_NODE_NAME><SOURCE_ENTITY_TYPE_UUID>ABY+cwajHumP6bvlEj004A==</SOURCE_ENTITY_TYPE_UUID><FI_TYPE>QUERY</FI_TYPE></ODATA_EXTENSION_DEF_FU_001></FUNCTION_IMPORTS><FUNCTION_IMPORT_PARAMS><ODATA_EXTENSION_DEF_PA_001><CLIENT>205</CLIENT><NODE_ID>ABY+cwajHumP6fRYgUv2TA==</NODE_ID><PARENT_NODE_ID>ABY+cwajHumP6fOogtJ2TA==</PARENT_NODE_ID><ROOT_NODE_ID>ABY+cwajHumP6ZwNt4E0Ww==</ROOT_NODE_ID><MO_NAME/><NAME>NumberOfRows</NAME><ACTION_PARAM_PATH/><DATA_TYPE>String</DATA_TYPE><IS_COMPLEX/><HAS_FIXED_LENGTH/><COMPLEX_TYPE_UUID/><MAX_LENGTH>0</MAX_LENGTH><PRECISION_VALUE>0</PRECISION_VALUE><SCALE>0</SCALE><PARAM_TYPE>In</PARAM_TYPE><ABAP_DT_NAME/><IS_CODE_TYPE/><ENTITY_TYPE_UUID/><DATA_TYPE_CARDINALITY>1</DATA_TYPE_CARDINALITY></ODATA_EXTENSION_DEF_PA_001><ODATA_EXTENSION_DEF_PA_001><CLIENT>205</CLIENT><NODE_ID>ABY+cwajHumP6fRYgUwWTA==</NODE_ID><PARENT_NODE_ID>ABY+cwajHumP6fOogtJ2TA==</PARENT_NODE_ID><ROOT_NODE_ID>ABY+cwajHumP6ZwNt4E0Ww==</ROOT_NODE_ID><MO_NAME/><NAME>StartRow</NAME><ACTION_PARAM_PATH/><DATA_TYPE>String</DATA_TYPE><IS_COMPLEX/><HAS_FIXED_LENGTH/><COMPLEX_TYPE_UUID/><MAX_LENGTH>0</MAX_LENGTH><PRECISION_VALUE>0</PRECISION_VALUE><SCALE>0</SCALE><PARAM_TYPE>In</PARAM_TYPE><ABAP_DT_NAME/><IS_CODE_TYPE/><ENTITY_TYPE_UUID/><DATA_TYPE_CARDINALITY>1</DATA_TYPE_CARDINALITY></ODATA_EXTENSION_DEF_PA_001><ODATA_EXTENSION_DEF_PA_001><CLIENT>205</CLIENT><NODE_ID>ABY+cwajHumP6fRYgUw2TA==</NODE_ID><PARENT_NODE_ID>ABY+cwajHumP6fOogtJ2TA==</PARENT_NODE_ID><ROOT_NODE_ID>ABY+cwajHumP6ZwNt4E0Ww==</ROOT_NODE_ID><MO_NAME/><NAME>Timx_agreementCollection</NAME><ACTION_PARAM_PATH/><DATA_TYPE/><IS_COMPLEX/><HAS_FIXED_LENGTH/><COMPLEX_TYPE_UUID/><MAX_LENGTH>0</MAX_LENGTH><PRECISION_VALUE>0</PRECISION_VALUE><SCALE>0</SCALE><PARAM_TYPE>Returning</PARAM_TYPE><ABAP_DT_NAME/><IS_CODE_TYPE/><ENTITY_TYPE_UUID>ABY+cwajHumP6dgjUaD1vg==</ENTITY_TYPE_UUID><DATA_TYPE_CARDINALITY>1</DATA_TYPE_CARDINALITY></ODATA_EXTENSION_DEF_PA_001><ODATA_EXTENSION_DEF_PA_001><CLIENT>205</CLIENT><NODE_ID>ABY+cwajHumP6f1aEKK2bw==</NODE_ID><PARENT_NODE_ID>ABY+cwajHumP6fOogtJ2TA==</PARENT_NODE_ID><ROOT_NODE_ID>ABY+cwajHumP6ZwNt4E0Ww==</ROOT_NODE_ID><MO_NAME/><NAME>EmployeeID</NAME><ACTION_PARAM_PATH>EE_IDENTIFICATION_EMPLOYEE_ID-CONTENT</ACTION_PARAM_PATH><DATA_TYPE>String</DATA_TYPE><IS_COMPLEX/><HAS_FIXED_LENGTH/><COMPLEX_TYPE_UUID/><MAX_LENGTH>0</MAX_LENGTH><PRECISION_VALUE>0</PRECISION_VALUE><SCALE>0</SCALE><PARAM_TYPE>In</PARAM_TYPE><ABAP_DT_NAME/><IS_CODE_TYPE/><ENTITY_TYPE_UUID/><DATA_TYPE_CARDINALITY/></ODATA_EXTENSION_DEF_PA_001><ODATA_EXTENSION_DEF_PA_001><CLIENT>205</CLIENT><NODE_ID>ABY+cwajHumP6fZSqi02TQ==</NODE_ID><PARENT_NODE_ID>ABY+cwajHumP6fXA0Oa2TQ==</PARENT_NODE_ID><ROOT_NODE_ID>ABY+cwajHumP6ZwNt4E0Ww==</ROOT_NODE_ID><MO_NAME/><NAME>NumberOfRows</NAME><ACTION_PARAM_PATH/><DATA_TYPE>String</DATA_TYPE><IS_COMPLEX/><HAS_FIXED_LENGTH/><COMPLEX_TYPE_UUID/><MAX_LENGTH>0</MAX_LENGTH><PRECISION_VALUE>0</PRECISION_VALUE><SCALE>0</SCALE><PARAM_TYPE>In</PARAM_TYPE><ABAP_DT_NAME/><IS_CODE_TYPE/><ENTITY_TYPE_UUID/><DATA_TYPE_CARDINALITY>1</DATA_TYPE_CARDINALITY></ODATA_EXTENSION_DEF_PA_001><ODATA_EXTENSION_DEF_PA_001><CLIENT>205</CLIENT><NODE_ID>ABY+cwajHumP6fZSqi1WTQ==</NODE_ID><PARENT_NODE_ID>ABY+cwajHumP6fXA0Oa2TQ==</PARENT_NODE_ID><ROOT_NODE_ID>ABY+cwajHumP6ZwNt4E0Ww==</ROOT_NODE_ID><MO_NAME/><NAME>StartRow</NAME><ACTION_PARAM_PATH/><DATA_TYPE>String</DATA_TYPE><IS_COMPLEX/><HAS_FIXED_LENGTH/><COMPLEX_TYPE_UUID/><MAX_LENGTH>0</MAX_LENGTH><PRECISION_VALUE>0</PRECISION_VALUE><SCALE>0</SCALE><PARAM_TYPE>In</PARAM_TYPE><ABAP_DT_NAME/><IS_CODE_TYPE/><ENTITY_TYPE_UUID/><DATA_TYPE_CARDINALITY>1</DATA_TYPE_CARDINALITY></ODATA_EXTENSION_DEF_PA_001><ODATA_EXTENSION_DEF_PA_001><CLIENT>205</CLIENT><NODE_ID>ABY+cwajHumP6fZSqi12TQ==</NODE_ID><PARENT_NODE_ID>ABY+cwajHumP6fXA0Oa2TQ==</PARENT_NODE_ID><ROOT_NODE_ID>ABY+cwajHumP6ZwNt4E0Ww==</ROOT_NODE_ID><MO_NAME/><NAME>Timx_agreementCollection</NAME><ACTION_PARAM_PATH/><DATA_TYPE/><IS_COMPLEX/><HAS_FIXED_LENGTH/><COMPLEX_TYPE_UUID/><MAX_LENGTH>0</MAX_LENGTH><PRECISION_VALUE>0</PRECISION_VALUE><SCALE>0</SCALE><PARAM_TYPE>Returning</PARAM_TYPE><ABAP_DT_NAME/><IS_CODE_TYPE/><ENTITY_TYPE_UUID>ABY+cwajHumP6bvlEj004A==</ENTITY_TYPE_UUID><DATA_TYPE_CARDINALITY>1</DATA_TYPE_CARDINALITY></ODATA_EXTENSION_DEF_PA_001><ODATA_EXTENSION_DEF_PA_001><CLIENT>205</CLIENT><NODE_ID>ABY+cwajHumP6fkKYVH2aQ==</NODE_ID><PARENT_NODE_ID>ABY+cwajHumP6fXA0Oa2TQ==</PARENT_NODE_ID><ROOT_NODE_ID>ABY+cwajHumP6ZwNt4E0Ww==</ROOT_NODE_ID><MO_NAME/><NAME>EmployeeID</NAME><ACTION_PARAM_PATH>EE_IDENTIFICATION_EMPLOYEE_ID-CONTENT</ACTION_PARAM_PATH><DATA_TYPE>String</DATA_TYPE><IS_COMPLEX/><HAS_FIXED_LENGTH/><COMPLEX_TYPE_UUID/><MAX_LENGTH>0</MAX_LENGTH><PRECISION_VALUE>0</PRECISION_VALUE><SCALE>0</SCALE><PARAM_TYPE>In</PARAM_TYPE><ABAP_DT_NAME/><IS_CODE_TYPE/><ENTITY_TYPE_UUID/><DATA_TYPE_CARDINALITY/></ODATA_EXTENSION_DEF_PA_001><ODATA_EXTENSION_DEF_PA_001><CLIENT>205</CLIENT><NODE_ID>ABY+cwajHumP6fkKYVIWaQ==</NODE_ID><PARENT_NODE_ID>ABY+cwajHumP6fXA0Oa2TQ==</PARENT_NODE_ID><ROOT_NODE_ID>ABY+cwajHumP6ZwNt4E0Ww==</ROOT_NODE_ID><MO_NAME/><NAME>EmployeeUUID</NAME><ACTION_PARAM_PATH>EMPLOYEE_UUID-CONTENT</ACTION_PARAM_PATH><DATA_TYPE>String</DATA_TYPE><IS_COMPLEX/><HAS_FIXED_LENGTH/><COMPLEX_TYPE_UUID/><MAX_LENGTH>0</MAX_LENGTH><PRECISION_VALUE>0</PRECISION_VALUE><SCALE>0</SCALE><PARAM_TYPE>In</PARAM_TYPE><ABAP_DT_NAME>EMPLOYEEUUID/CONTENT</ABAP_DT_NAME><IS_CODE_TYPE/><ENTITY_TYPE_UUID/><DATA_TYPE_CARDINALITY/></ODATA_EXTENSION_DEF_PA_001><ODATA_EXTENSION_DEF_PA_001><CLIENT>205</CLIENT><NODE_ID>ABY+cwajHumP6fkKYVI2aQ==</NODE_ID><PARENT_NODE_ID>ABY+cwajHumP6fXA0Oa2TQ==</PARENT_NODE_ID><ROOT_NODE_ID>ABY+cwajHumP6ZwNt4E0Ww==</ROOT_NODE_ID><MO_NAME/><NAME>ItemValidityPeriod_EndDate</NAME><ACTION_PARAM_PATH>ITEM_VALIDITY_PERIOD-END_DATE</ACTION_PARAM_PATH><DATA_TYPE>String</DATA_TYPE><IS_COMPLEX/><HAS_FIXED_LENGTH/><COMPLEX_TYPE_UUID/><MAX_LENGTH>0</MAX_LENGTH><PRECISION_VALUE>0</PRECISION_VALUE><SCALE>0</SCALE><PARAM_TYPE>In</PARAM_TYPE><ABAP_DT_NAME/><IS_CODE_TYPE/><ENTITY_TYPE_UUID/><DATA_TYPE_CARDINALITY/></ODATA_EXTENSION_DEF_PA_001><ODATA_EXTENSION_DEF_PA_001><CLIENT>205</CLIENT><NODE_ID>ABY+cwajHumP6fkKYVJWaQ==</NODE_ID><PARENT_NODE_ID>ABY+cwajHumP6fXA0Oa2TQ==</PARENT_NODE_ID><ROOT_NODE_ID>ABY+cwajHumP6ZwNt4E0Ww==</ROOT_NODE_ID><MO_NAME/><NAME>ItemValidityPeriod_StartDate</NAME><ACTION_PARAM_PATH>ITEM_VALIDITY_PERIOD-START_DATE</ACTION_PARAM_PATH><DATA_TYPE>String</DATA_TYPE><IS_COMPLEX/><HAS_FIXED_LENGTH/><COMPLEX_TYPE_UUID/><MAX_LENGTH>0</MAX_LENGTH><PRECISION_VALUE>0</PRECISION_VALUE><SCALE>0</SCALE><PARAM_TYPE>In</PARAM_TYPE><ABAP_DT_NAME>ITEMVALIDITYPERIOD/STARTDATE</ABAP_DT_NAME><IS_CODE_TYPE/><ENTITY_TYPE_UUID/><DATA_TYPE_CARDINALITY/></ODATA_EXTENSION_DEF_PA_001><ODATA_EXTENSION_DEF_PA_001><CLIENT>205</CLIENT><NODE_ID>ABY+cwajHumP6fkKYVJ2aQ==</NODE_ID><PARENT_NODE_ID>ABY+cwajHumP6fXA0Oa2TQ==</PARENT_NODE_ID><ROOT_NODE_ID>ABY+cwajHumP6ZwNt4E0Ww==</ROOT_NODE_ID><MO_NAME/><NAME>KeyDate</NAME><ACTION_PARAM_PATH>KEY_DATE</ACTION_PARAM_PATH><DATA_TYPE>String</DATA_TYPE><IS_COMPLEX/><HAS_FIXED_LENGTH/><COMPLEX_TYPE_UUID/><MAX_LENGTH>0</MAX_LENGTH><PRECISION_VALUE>0</PRECISION_VALUE><SCALE>0</SCALE><PARAM_TYPE>In</PARAM_TYPE><ABAP_DT_NAME>KEYDATE</ABAP_DT_NAME><IS_CODE_TYPE/><ENTITY_TYPE_UUID/><DATA_TYPE_CARDINALITY/></ODATA_EXTENSION_DEF_PA_001></FUNCTION_IMPORT_PARAMS><ENTITY_SETS/><UITEXT_DESC><MDRS_W_UIT_TEXT><MO_NAME>TIMX_AGREEMENT</MO_NAME><VERSION_ID>0000000000</VERSION_ID><LANGU>1</LANGU><DB_KEY>ABY+AQK2At2wzfpfMAqAkQ==</DB_KEY><PARENT_KEY>ABY+AQOOAt2tjcvN5sfDQQ==</PARENT_KEY><UUID>ABY+AQK2At2wzfpfMEkAkg==</UUID><SHORT_T>时间档案</SHORT_T><COLUMN_T/><TOOL_TIP_T/><HELP_T/></MDRS_W_UIT_TEXT><MDRS_W_UIT_TEXT><MO_NAME>TIMX_AGREEMENT</MO_NAME><VERSION_ID>0000000000</VERSION_ID><LANGU>3</LANGU><DB_KEY>ABY+HZJdHtae8CT/8O0VZg==</DB_KEY><PARENT_KEY>ABY+AQOOAt2tjcvN5sfDQQ==</PARENT_KEY><UUID>ABY+HZJdHtae8CT/8O01Zg==</UUID><SHORT_T>시간 프로파일</SHORT_T><COLUMN_T/><TOOL_TIP_T/><HELP_T/></MDRS_W_UIT_TEXT><MDRS_W_UIT_TEXT><MO_NAME>TIMX_AGREEMENT</MO_NAME><VERSION_ID>0000000000</VERSION_ID><LANGU>B</LANGU><DB_KEY>ABY+HZJdHtejk0Kx8lgDdw==</DB_KEY><PARENT_KEY>ABY+AQOOAt2tjcvN5sfDQQ==</PARENT_KEY><UUID>ABY+HZJdHtejk0Kx8lgjdw==</UUID><SHORT_T>פרופיל זמן</SHORT_T><COLUMN_T/><TOOL_TIP_T/><HELP_T/></MDRS_W_UIT_TEXT><MDRS_W_UIT_TEXT><MO_NAME>TIMX_AGREEMENT</MO_NAME><VERSION_ID>0000000000</VERSION_ID><LANGU>C</LANGU><DB_KEY>ABY+Ar1OHuGr6lIxYWVWZg==</DB_KEY><PARENT_KEY>ABY+AQOOAt2tjcvN5sfDQQ==</PARENT_KEY><UUID>ABY+Ar1OHuGr6lIxYWV2Zg==</UUID><SHORT_T>Časový profil</SHORT_T><COLUMN_T/><TOOL_TIP_T/><HELP_T/></MDRS_W_UIT_TEXT><MDRS_W_UIT_TEXT><MO_NAME>TIMX_AGREEMENT</MO_NAME><VERSION_ID>0000000000</VERSION_ID><LANGU>D</LANGU><DB_KEY>ABY+AQK2At2xy89Wsz3AVA==</DB_KEY><PARENT_KEY>ABY+AQOOAt2tjcvN5sfDQQ==</PARENT_KEY><UUID>ABY+AQK2At2xy89Ws5LAVQ==</UUID><SHORT_T>Zeitprofil</SHORT_T><COLUMN_T/><TOOL_TIP_T/><HELP_T/></MDRS_W_UIT_TEXT><MDRS_W_UIT_TEXT><MO_NAME>TIMX_AGREEMENT</MO_NAME><VERSION_ID>0000000000</VERSION_ID><LANGU>E</LANGU><DB_KEY>ABY+AQOOAt2tjcvN9ewDQg==</DB_KEY><PARENT_KEY>ABY+AQOOAt2tjcvN5sfDQQ==</PARENT_KEY><UUID>ABY+AQOOAt2tiWjCYhxI5A==</UUID><SHORT_T>Time Profile</SHORT_T><COLUMN_T/><TOOL_TIP_T/><HELP_T/></MDRS_W_UIT_TEXT><MDRS_W_UIT_TEXT><MO_NAME>TIMX_AGREEMENT</MO_NAME><VERSION_ID>0000000000</VERSION_ID><LANGU>F</LANGU><DB_KEY>ABY+AQK2At2xtxqxevFAGQ==</DB_KEY><PARENT_KEY>ABY+AQOOAt2tjcvN5sfDQQ==</PARENT_KEY><UUID>ABY+AQK2At2xtxqxe0FAGg==</UUID><SHORT_T>Profil de temps</SHORT_T><COLUMN_T/><TOOL_TIP_T/><HELP_T/></MDRS_W_UIT_TEXT><MDRS_W_UIT_TEXT><MO_NAME>TIMX_AGREEMENT</MO_NAME><VERSION_ID>0000000000</VERSION_ID><LANGU>I</LANGU><DB_KEY>ABY+ARSdHe+uzaVBAIzODA==</DB_KEY><PARENT_KEY>ABY+AQOOAt2tjcvN5sfDQQ==</PARENT_KEY><UUID>ABY+ARSdHe+uzaVBAIzuDA==</UUID><SHORT_T>Profilo orario</SHORT_T><COLUMN_T/><TOOL_TIP_T/><HELP_T/></MDRS_W_UIT_TEXT><MDRS_W_UIT_TEXT><MO_NAME>TIMX_AGREEMENT</MO_NAME><VERSION_ID>0000000000</VERSION_ID><LANGU>J</LANGU><DB_KEY>ABY+Ar1OHtKp6KbKCDoY9w==</DB_KEY><PARENT_KEY>ABY+AQOOAt2tjcvN5sfDQQ==</PARENT_KEY><UUID>ABY+Ar1OHtKp6KbKCDo49w==</UUID><SHORT_T>勤怠プロファイル</SHORT_T><COLUMN_T/><TOOL_TIP_T/><HELP_T/></MDRS_W_UIT_TEXT><MDRS_W_UIT_TEXT><MO_NAME>TIMX_AGREEMENT</MO_NAME><VERSION_ID>0000000000</VERSION_ID><LANGU>L</LANGU><DB_KEY>ABY+Ar1OHuGm62SYkNHIHA==</DB_KEY><PARENT_KEY>ABY+AQOOAt2tjcvN5sfDQQ==</PARENT_KEY><UUID>ABY+Ar1OHuGm62SYkNHoHA==</UUID><SHORT_T>Profil czasu</SHORT_T><COLUMN_T/><TOOL_TIP_T/><HELP_T/></MDRS_W_UIT_TEXT><MDRS_W_UIT_TEXT><MO_NAME>TIMX_AGREEMENT</MO_NAME><VERSION_ID>0000000000</VERSION_ID><LANGU>N</LANGU><DB_KEY>ABY+ARSdHuC+905Wjm+Fbw==</DB_KEY><PARENT_KEY>ABY+AQOOAt2tjcvN5sfDQQ==</PARENT_KEY><UUID>ABY+ARSdHuC+905Wjm+lbw==</UUID><SHORT_T>Tijdprofiel</SHORT_T><COLUMN_T/><TOOL_TIP_T/><HELP_T/></MDRS_W_UIT_TEXT><MDRS_W_UIT_TEXT><MO_NAME>TIMX_AGREEMENT</MO_NAME><VERSION_ID>0000000000</VERSION_ID><LANGU>P</LANGU><DB_KEY>ABY+AQvgHd+r3BRcxzmcGw==</DB_KEY><PARENT_KEY>ABY+AQOOAt2tjcvN5sfDQQ==</PARENT_KEY><UUID>ABY+AQvgHd+r3BRcxzm8Gw==</UUID><SHORT_T>Perfil de tempos</SHORT_T><COLUMN_T/><TOOL_TIP_T/><HELP_T/></MDRS_W_UIT_TEXT><MDRS_W_UIT_TEXT><MO_NAME>TIMX_AGREEMENT</MO_NAME><VERSION_ID>0000000000</VERSION_ID><LANGU>R</LANGU><DB_KEY>ABY+Ar1OHuSMm9W7PeBWgA==</DB_KEY><PARENT_KEY>ABY+AQOOAt2tjcvN5sfDQQ==</PARENT_KEY><UUID>ABY+Ar1OHuSMm9W7PeB2gA==</UUID><SHORT_T>Временной профиль</SHORT_T><COLUMN_T/><TOOL_TIP_T/><HELP_T/></MDRS_W_UIT_TEXT><MDRS_W_UIT_TEXT><MO_NAME>TIMX_AGREEMENT</MO_NAME><VERSION_ID>0000000000</VERSION_ID><LANGU>S</LANGU><DB_KEY>ABY+AQvgHd+pyqEtYIPVbw==</DB_KEY><PARENT_KEY>ABY+AQOOAt2tjcvN5sfDQQ==</PARENT_KEY><UUID>ABY+AQvgHd+pyqEtYIP1bw==</UUID><SHORT_T>Perfil de tiempos</SHORT_T><COLUMN_T/><TOOL_TIP_T/><HELP_T/></MDRS_W_UIT_TEXT><MDRS_W_UIT_TEXT><MO_NAME>TIMX_AGREEMENT</MO_NAME><VERSION_ID>0000000000</VERSION_ID><LANGU>T</LANGU><DB_KEY>ABY+Ar1OHtSazQnmIOXKVg==</DB_KEY><PARENT_KEY>ABY+AQOOAt2tjcvN5sfDQQ==</PARENT_KEY><UUID>ABY+Ar1OHtSazQnmIOXqVg==</UUID><SHORT_T>Zaman Profili</SHORT_T><COLUMN_T/><TOOL_TIP_T/><HELP_T/></MDRS_W_UIT_TEXT><MDRS_W_UIT_TEXT><MO_NAME>TIMX_AGREEMENT</MO_NAME><VERSION_ID>0000000000</VERSION_ID><LANGU>U</LANGU><DB_KEY>ABY+Ar1OHtSN10Vb6fHVoQ==</DB_KEY><PARENT_KEY>ABY+AQOOAt2tjcvN5sfDQQ==</PARENT_KEY><UUID>ABY+Ar1OHtSN10Vb6fH1oQ==</UUID><SHORT_T>Aikaprofiili</SHORT_T><COLUMN_T/><TOOL_TIP_T/><HELP_T/></MDRS_W_UIT_TEXT><MDRS_W_UIT_TEXT><MO_NAME>TIMX_AGREEMENT</MO_NAME><VERSION_ID>0000000000</VERSION_ID><LANGU>V</LANGU><DB_KEY>ABY+Ar1OHuSOgAtoHuOf7w==</DB_KEY><PARENT_KEY>ABY+AQOOAt2tjcvN5sfDQQ==</PARENT_KEY><UUID>ABY+Ar1OHuSOgAtoHuO/7w==</UUID><SHORT_T>Tidsprofil</SHORT_T><COLUMN_T/><TOOL_TIP_T/><HELP_T/></MDRS_W_UIT_TEXT><MDRS_W_UIT_TEXT><MO_NAME>GEN_BYD_010291</MO_NAME><VERSION_ID>0000000000</VERSION_ID><LANGU>1</LANGU><DB_KEY>ABY+AQOOAt2PyOmuLdyQqg==</DB_KEY><PARENT_KEY>ABY+AQOOAt2PyOmuJrQQpQ==</PARENT_KEY><UUID>ABY+AQOOAt2PyOmulGzQrw==</UUID><SHORT_T>内部员工</SHORT_T><COLUMN_T>内部员工</COLUMN_T><TOOL_TIP_T/><HELP_T/></MDRS_W_UIT_TEXT><MDRS_W_UIT_TEXT><MO_NAME>GEN_BYD_010291</MO_NAME><VERSION_ID>0000000000</VERSION_ID><LANGU>3</LANGU><DB_KEY>ABY+Ar1OHuSOwprSM6xMOQ==</DB_KEY><PARENT_KEY>ABY+AQOOAt2PyOmuJrQQpQ==</PARENT_KEY><UUID>ABY+Ar1OHuSOwprSM6xsOQ==</UUID><SHORT_T>내부 사원</SHORT_T><COLUMN_T>내부 사원</COLUMN_T><TOOL_TIP_T/><HELP_T/></MDRS_W_UIT_TEXT><MDRS_W_UIT_TEXT><MO_NAME>GEN_BYD_010291</MO_NAME><VERSION_ID>0000000000</VERSION_ID><LANGU>B</LANGU><DB_KEY>ABY+HApLHuaT7oaWj3aHDw==</DB_KEY><PARENT_KEY>ABY+AQOOAt2PyOmuJrQQpQ==</PARENT_KEY><UUID>ABY+HApLHuaT7oaWj3anDw==</UUID><SHORT_T>עובד פנימי</SHORT_T><COLUMN_T>עובד פנימי</COLUMN_T><TOOL_TIP_T/><HELP_T/></MDRS_W_UIT_TEXT><MDRS_W_UIT_TEXT><MO_NAME>GEN_BYD_010291</MO_NAME><VERSION_ID>0000000000</VERSION_ID><LANGU>C</LANGU><DB_KEY>ABY+Ar1OHtGkjapqHI6VIg==</DB_KEY><PARENT_KEY>ABY+AQOOAt2PyOmuJrQQpQ==</PARENT_KEY><UUID>ABY+Ar1OHtGkjapqHI61Ig==</UUID><SHORT_T>Interní zaměstnanec</SHORT_T><COLUMN_T>Interní zaměstnanec</COLUMN_T><TOOL_TIP_T/><HELP_T/></MDRS_W_UIT_TEXT><MDRS_W_UIT_TEXT><MO_NAME>GEN_BYD_010291</MO_NAME><VERSION_ID>0000000000</VERSION_ID><LANGU>D</LANGU><DB_KEY>ABY+AQOOAt2PyOmuKmoQpg==</DB_KEY><PARENT_KEY>ABY+AQOOAt2PyOmuJrQQpQ==</PARENT_KEY><UUID>ABY+AQOOAt2PyOmukrOQqw==</UUID><SHORT_T>Interner Mitarbeiter</SHORT_T><COLUMN_T>Interner Mitarbeiter</COLUMN_T><TOOL_TIP_T/><HELP_T/></MDRS_W_UIT_TEXT><MDRS_W_UIT_TEXT><MO_NAME>GEN_BYD_010291</MO_NAME><VERSION_ID>0000000000</VERSION_ID><LANGU>E</LANGU><DB_KEY>ABY+AQOOAt2PyOmuK2zQpw==</DB_KEY><PARENT_KEY>ABY+AQOOAt2PyOmuJrQQpQ==</PARENT_KEY><UUID>ABY+AQOOAt2PyOmuk2ZQrA==</UUID><SHORT_T>Internal Employee</SHORT_T><COLUMN_T>Internal Employee</COLUMN_T><TOOL_TIP_T/><HELP_T/></MDRS_W_UIT_TEXT><MDRS_W_UIT_TEXT><MO_NAME>GEN_BYD_010291</MO_NAME><VERSION_ID>0000000000</VERSION_ID><LANGU>F</LANGU><DB_KEY>ABY+AQOOAt2PyOmuLDxQqA==</DB_KEY><PARENT_KEY>ABY+AQOOAt2PyOmuJrQQpQ==</PARENT_KEY><UUID>ABY+AQOOAt2PyOmuk78QrQ==</UUID><SHORT_T>Salarié interne</SHORT_T><COLUMN_T>Salarié interne</COLUMN_T><TOOL_TIP_T/><HELP_T/></MDRS_W_UIT_TEXT><MDRS_W_UIT_TEXT><MO_NAME>GEN_BYD_010291</MO_NAME><VERSION_ID>0000000000</VERSION_ID><LANGU>I</LANGU><DB_KEY>ABY+ARSdHd+uuWao0wECEg==</DB_KEY><PARENT_KEY>ABY+AQOOAt2PyOmuJrQQpQ==</PARENT_KEY><UUID>ABY+ARSdHd+uuWao0wEiEg==</UUID><SHORT_T>Dipendente interno</SHORT_T><COLUMN_T>Dipendente interno</COLUMN_T><TOOL_TIP_T/><HELP_T/></MDRS_W_UIT_TEXT><MDRS_W_UIT_TEXT><MO_NAME>GEN_BYD_010291</MO_NAME><VERSION_ID>0000000000</VERSION_ID><LANGU>J</LANGU><DB_KEY>ABY+Ar1OHtKp5hbYZ4zTcg==</DB_KEY><PARENT_KEY>ABY+AQOOAt2PyOmuJrQQpQ==</PARENT_KEY><UUID>ABY+Ar1OHtKp5hbYZ4zzcg==</UUID><SHORT_T>内部従業員</SHORT_T><COLUMN_T>内部従業員</COLUMN_T><TOOL_TIP_T/><HELP_T/></MDRS_W_UIT_TEXT><MDRS_W_UIT_TEXT><MO_NAME>GEN_BYD_010291</MO_NAME><VERSION_ID>0000000000</VERSION_ID><LANGU>L</LANGU><DB_KEY>ABY+Ar1OHtGkjapXtnrVIg==</DB_KEY><PARENT_KEY>ABY+AQOOAt2PyOmuJrQQpQ==</PARENT_KEY><UUID>ABY+Ar1OHtGkjapXtnr1Ig==</UUID><SHORT_T>Pracownik wewnętrzny</SHORT_T><COLUMN_T>Pracownik wewnętrzny</COLUMN_T><TOOL_TIP_T/><HELP_T/></MDRS_W_UIT_TEXT><MDRS_W_UIT_TEXT><MO_NAME>GEN_BYD_010291</MO_NAME><VERSION_ID>0000000000</VERSION_ID><LANGU>N</LANGU><DB_KEY>ABY+Ar1OHuGfsSjt47Wdyg==</DB_KEY><PARENT_KEY>ABY+AQOOAt2PyOmuJrQQpQ==</PARENT_KEY><UUID>ABY+Ar1OHuGfsSjt47W9yg==</UUID><SHORT_T>Interne werknemer</SHORT_T><COLUMN_T>Interne werknemer</COLUMN_T><TOOL_TIP_T/><HELP_T/></MDRS_W_UIT_TEXT><MDRS_W_UIT_TEXT><MO_NAME>GEN_BYD_010291</MO_NAME><VERSION_ID>0000000000</VERSION_ID><LANGU>O</LANGU><DB_KEY>ABY+Ar1OHuSVsnHZmavAgA==</DB_KEY><PARENT_KEY>ABY+AQOOAt2PyOmuJrQQpQ==</PARENT_KEY><UUID>ABY+Ar1OHuSVsnHZmavggA==</UUID><SHORT_T>Intern medarbeider</SHORT_T><COLUMN_T>Intern medarbeider</COLUMN_T><TOOL_TIP_T/><HELP_T/></MDRS_W_UIT_TEXT><MDRS_W_UIT_TEXT><MO_NAME>GEN_BYD_010291</MO_NAME><VERSION_ID>0000000000</VERSION_ID><LANGU>P</LANGU><DB_KEY>ABY+AQvgHd+svDrAStlA1A==</DB_KEY><PARENT_KEY>ABY+AQOOAt2PyOmuJrQQpQ==</PARENT_KEY><UUID>ABY+AQvgHd+svDrAStlg1A==</UUID><SHORT_T>Empregado interno</SHORT_T><COLUMN_T>Empregado interno</COLUMN_T><TOOL_TIP_T/><HELP_T/></MDRS_W_UIT_TEXT><MDRS_W_UIT_TEXT><MO_NAME>GEN_BYD_010291</MO_NAME><VERSION_ID>0000000000</VERSION_ID><LANGU>R</LANGU><DB_KEY>ABY+Ar1OHtO14e/UlyBICQ==</DB_KEY><PARENT_KEY>ABY+AQOOAt2PyOmuJrQQpQ==</PARENT_KEY><UUID>ABY+Ar1OHtO14e/UlyBoCQ==</UUID><SHORT_T>Внутренний сотрудник</SHORT_T><COLUMN_T>Внутренний сотрудник</COLUMN_T><TOOL_TIP_T/><HELP_T/></MDRS_W_UIT_TEXT><MDRS_W_UIT_TEXT><MO_NAME>GEN_BYD_010291</MO_NAME><VERSION_ID>0000000000</VERSION_ID><LANGU>S</LANGU><DB_KEY>ABY+AQvgHe+qwwzDORfSlA==</DB_KEY><PARENT_KEY>ABY+AQOOAt2PyOmuJrQQpQ==</PARENT_KEY><UUID>ABY+AQvgHe+qwwzDORfylA==</UUID><SHORT_T>Empleado interno</SHORT_T><COLUMN_T>Empleado interno</COLUMN_T><TOOL_TIP_T/><HELP_T/></MDRS_W_UIT_TEXT><MDRS_W_UIT_TEXT><MO_NAME>GEN_BYD_010291</MO_NAME><VERSION_ID>0000000000</VERSION_ID><LANGU>T</LANGU><DB_KEY>ABY+Ar1OHuSW4pZkE2EFEg==</DB_KEY><PARENT_KEY>ABY+AQOOAt2PyOmuJrQQpQ==</PARENT_KEY><UUID>ABY+Ar1OHuSW4pZkE2ElEg==</UUID><SHORT_T>Dahili Çalışan</SHORT_T><COLUMN_T>Dahili Çalışan</COLUMN_T><TOOL_TIP_T/><HELP_T/></MDRS_W_UIT_TEXT><MDRS_W_UIT_TEXT><MO_NAME>GEN_BYD_010291</MO_NAME><VERSION_ID>0000000000</VERSION_ID><LANGU>U</LANGU><DB_KEY>ABY+Ar1OHtO14jCWkJTIeA==</DB_KEY><PARENT_KEY>ABY+AQOOAt2PyOmuJrQQpQ==</PARENT_KEY><UUID>ABY+Ar1OHtO14jCWkJToeA==</UUID><SHORT_T>Sisäinen työntekijä</SHORT_T><COLUMN_T>Sisäinen työntekijä</COLUMN_T><TOOL_TIP_T/><HELP_T/></MDRS_W_UIT_TEXT><MDRS_W_UIT_TEXT><MO_NAME>GEN_BYD_010291</MO_NAME><VERSION_ID>0000000000</VERSION_ID><LANGU>V</LANGU><DB_KEY>ABY+Ar1OHtO14cDQeUqH2w==</DB_KEY><PARENT_KEY>ABY+AQOOAt2PyOmuJrQQpQ==</PARENT_KEY><UUID>ABY+Ar1OHtO14cDQeUqn2w==</UUID><SHORT_T>Intern anställd</SHORT_T><COLUMN_T>Intern anställd</COLUMN_T><TOOL_TIP_T/><HELP_T/></MDRS_W_UIT_TEXT><MDRS_W_UIT_TEXT><MO_NAME>ODATA_SVC_OBJECT_ID</MO_NAME><VERSION_ID>0000000000</VERSION_ID><LANGU>C</LANGU><DB_KEY>ABY+IdIdHuilgUb9enIAzw==</DB_KEY><PARENT_KEY>ABY+Emf1HtiLzSakkmkSRA==</PARENT_KEY><UUID>ABY+IdIdHuilgUb9enIgzw==</UUID><SHORT_T>ID objektu</SHORT_T><COLUMN_T>ID objektu</COLUMN_T><TOOL_TIP_T/><HELP_T/></MDRS_W_UIT_TEXT><MDRS_W_UIT_TEXT><MO_NAME>ODATA_SVC_OBJECT_ID</MO_NAME><VERSION_ID>0000000000</VERSION_ID><LANGU>E</LANGU><DB_KEY>ABY+Emf1HtiLzSakkmlSRA==</DB_KEY><PARENT_KEY>ABY+Emf1HtiLzSakkmkSRA==</PARENT_KEY><UUID>ABY+Emf1HtiLzSakkmmyRA==</UUID><SHORT_T>Object ID</SHORT_T><COLUMN_T>Object ID</COLUMN_T><TOOL_TIP_T/><HELP_T/></MDRS_W_UIT_TEXT><MDRS_W_UIT_TEXT><MO_NAME>ODATA_SVC_OBJECT_ID</MO_NAME><VERSION_ID>0000000000</VERSION_ID><LANGU>O</LANGU><DB_KEY>ABY+IdIdHtiTwNXhWKcJAg==</DB_KEY><PARENT_KEY>ABY+Emf1HtiLzSakkmkSRA==</PARENT_KEY><UUID>ABY+IdIdHtiTwNXhWKcpAg==</UUID><SHORT_T>Objekt-ID</SHORT_T><COLUMN_T>Objekt-ID</COLUMN_T><TOOL_TIP_T/><HELP_T/></MDRS_W_UIT_TEXT><MDRS_W_UIT_TEXT><MO_NAME>ODATA_SVC_OBJECT_ID</MO_NAME><VERSION_ID>0000000000</VERSION_ID><LANGU>R</LANGU><DB_KEY>ABY+IdIdHuilgXK3cRLA9w==</DB_KEY><PARENT_KEY>ABY+Emf1HtiLzSakkmkSRA==</PARENT_KEY><UUID>ABY+IdIdHuilgXK3cRLg9w==</UUID><SHORT_T>Ид. объекта</SHORT_T><COLUMN_T>Ид. объекта</COLUMN_T><TOOL_TIP_T/><HELP_T/></MDRS_W_UIT_TEXT><MDRS_W_UIT_TEXT><MO_NAME>ODATA_SVC_OBJECT_ID</MO_NAME><VERSION_ID>0000000000</VERSION_ID><LANGU>T</LANGU><DB_KEY>ABY+IdIdHuilgXrKnMIA+w==</DB_KEY><PARENT_KEY>ABY+Emf1HtiLzSakkmkSRA==</PARENT_KEY><UUID>ABY+IdIdHuilgXrKnMIg+w==</UUID><SHORT_T>Nesne Numarası</SHORT_T><COLUMN_T>Nesne Numarası</COLUMN_T><TOOL_TIP_T/><HELP_T/></MDRS_W_UIT_TEXT><MDRS_W_UIT_TEXT><MO_NAME>ODATA_SVC_OBJECT_ID</MO_NAME><VERSION_ID>0000000000</VERSION_ID><LANGU>U</LANGU><DB_KEY>ABY+IdIdHuilgUY+uerAzw==</DB_KEY><PARENT_KEY>ABY+Emf1HtiLzSakkmkSRA==</PARENT_KEY><UUID>ABY+IdIdHuilgUY+uergzw==</UUID><SHORT_T>Objektitunnus</SHORT_T><COLUMN_T>Objektitunnus</COLUMN_T><TOOL_TIP_T/><HELP_T/></MDRS_W_UIT_TEXT><MDRS_W_UIT_TEXT><MO_NAME>GEN_BYD_008880</MO_NAME><VERSION_ID>0000000000</VERSION_ID><LANGU>1</LANGU><DB_KEY>ABY+AQOOAu2PyKUHqzBdmw==</DB_KEY><PARENT_KEY>ABY+AQOOAu2PyKUHo/ydlg==</PARENT_KEY><UUID>ABY+AQOOAu2PyKUIED0doA==</UUID><SHORT_T>员工号</SHORT_T><COLUMN_T>员工号</COLUMN_T><TOOL_TIP_T>员工号</TOOL_TIP_T><HELP_T/></MDRS_W_UIT_TEXT><MDRS_W_UIT_TEXT><MO_NAME>GEN_BYD_008880</MO_NAME><VERSION_ID>0000000000</VERSION_ID><LANGU>3</LANGU><DB_KEY>ABY+Ar1OHuSOwphHhpeMOA==</DB_KEY><PARENT_KEY>ABY+AQOOAu2PyKUHo/ydlg==</PARENT_KEY><UUID>ABY+Ar1OHuSOwphHhpesOA==</UUID><SHORT_T>사원 ID</SHORT_T><COLUMN_T>사원 ID</COLUMN_T><TOOL_TIP_T>사원 식별자</TOOL_TIP_T><HELP_T/></MDRS_W_UIT_TEXT><MDRS_W_UIT_TEXT><MO_NAME>GEN_BYD_008880</MO_NAME><VERSION_ID>0000000000</VERSION_ID><LANGU>B</LANGU><DB_KEY>ABY+HApLHuaT7oVAWeeHDw==</DB_KEY><PARENT_KEY>ABY+AQOOAu2PyKUHo/ydlg==</PARENT_KEY><UUID>ABY+HApLHuaT7oVAWeenDw==</UUID><SHORT_T>זיהוי עובד</SHORT_T><COLUMN_T>זיהוי עובד</COLUMN_T><TOOL_TIP_T>מזהה עובד</TOOL_TIP_T><HELP_T/></MDRS_W_UIT_TEXT><MDRS_W_UIT_TEXT><MO_NAME>GEN_BYD_008880</MO_NAME><VERSION_ID>0000000000</VERSION_ID><LANGU>C</LANGU><DB_KEY>ABY+Ar1OHtGkjaXELePVEw==</DB_KEY><PARENT_KEY>ABY+AQOOAu2PyKUHo/ydlg==</PARENT_KEY><UUID>ABY+Ar1OHtGkjaXELeP1Ew==</UUID><SHORT_T>ID zaměstnance</SHORT_T><COLUMN_T>ID zaměstnance</COLUMN_T><TOOL_TIP_T>Identifikátor zaměstnance</TOOL_TIP_T><HELP_T/></MDRS_W_UIT_TEXT><MDRS_W_UIT_TEXT><MO_NAME>GEN_BYD_008880</MO_NAME><VERSION_ID>0000000000</VERSION_ID><LANGU>D</LANGU><DB_KEY>ABY+AQOOAu2PyKUHp6Odlw==</DB_KEY><PARENT_KEY>ABY+AQOOAu2PyKUHo/ydlg==</PARENT_KEY><UUID>ABY+AQOOAu2PyKUIDmmdnA==</UUID><SHORT_T>Personalnummer</SHORT_T><COLUMN_T>Personalnummer</COLUMN_T><TOOL_TIP_T>Personalnummer</TOOL_TIP_T><HELP_T/></MDRS_W_UIT_TEXT><MDRS_W_UIT_TEXT><MO_NAME>GEN_BYD_008880</MO_NAME><VERSION_ID>0000000000</VERSION_ID><LANGU>E</LANGU><DB_KEY>ABY+AQOOAu2PyKUHqLLdmA==</DB_KEY><PARENT_KEY>ABY+AQOOAu2PyKUHo/ydlg==</PARENT_KEY><UUID>ABY+AQOOAu2PyKUIDxsdnQ==</UUID><SHORT_T>Employee ID</SHORT_T><COLUMN_T>Employee ID</COLUMN_T><TOOL_TIP_T>Employee Identifier</TOOL_TIP_T><HELP_T/></MDRS_W_UIT_TEXT><MDRS_W_UIT_TEXT><MO_NAME>GEN_BYD_008880</MO_NAME><VERSION_ID>0000000000</VERSION_ID><LANGU>F</LANGU><DB_KEY>ABY+AQOOAu2PyKUHqYYdmQ==</DB_KEY><PARENT_KEY>ABY+AQOOAu2PyKUHo/ydlg==</PARENT_KEY><UUID>ABY+AQOOAu2PyKUID3Udng==</UUID><SHORT_T>Matricule</SHORT_T><COLUMN_T>Matricule</COLUMN_T><TOOL_TIP_T>Matricule</TOOL_TIP_T><HELP_T/></MDRS_W_UIT_TEXT><MDRS_W_UIT_TEXT><MO_NAME>GEN_BYD_008880</MO_NAME><VERSION_ID>0000000000</VERSION_ID><LANGU>I</LANGU><DB_KEY>ABY+ARSdHe+utgL4yY7a5g==</DB_KEY><PARENT_KEY>ABY+AQOOAu2PyKUHo/ydlg==</PARENT_KEY><UUID>ABY+ARSdHe+utgL4yY765g==</UUID><SHORT_T>ID dipendente</SHORT_T><COLUMN_T>ID dipendente</COLUMN_T><TOOL_TIP_T>Identificatore dipendente</TOOL_TIP_T><HELP_T/></MDRS_W_UIT_TEXT><MDRS_W_UIT_TEXT><MO_NAME>GEN_BYD_008880</MO_NAME><VERSION_ID>0000000000</VERSION_ID><LANGU>J</LANGU><DB_KEY>ABY+Ar1OHtKp5hCWUzwTMA==</DB_KEY><PARENT_KEY>ABY+AQOOAu2PyKUHo/ydlg==</PARENT_KEY><UUID>ABY+Ar1OHtKp5hCWUzwzMA==</UUID><SHORT_T>従業員 ID</SHORT_T><COLUMN_T>従業員 ID</COLUMN_T><TOOL_TIP_T>従業員 ID</TOOL_TIP_T><HELP_T/></MDRS_W_UIT_TEXT><MDRS_W_UIT_TEXT><MO_NAME>GEN_BYD_008880</MO_NAME><VERSION_ID>0000000000</VERSION_ID><LANGU>L</LANGU><DB_KEY>ABY+Ar1OHtGkjaXFLplVEw==</DB_KEY><PARENT_KEY>ABY+AQOOAu2PyKUHo/ydlg==</PARENT_KEY><UUID>ABY+Ar1OHtGkjaXFLpl1Ew==</UUID><SHORT_T>Identyfikator pracownika</SHORT_T><COLUMN_T>Identyfikator pracownika</COLUMN_T><TOOL_TIP_T>Identyfikator pracownika</TOOL_TIP_T><HELP_T/></MDRS_W_UIT_TEXT><MDRS_W_UIT_TEXT><MO_NAME>GEN_BYD_008880</MO_NAME><VERSION_ID>0000000000</VERSION_ID><LANGU>N</LANGU><DB_KEY>ABY+Ar1OHuGfsShn8Pkdyg==</DB_KEY><PARENT_KEY>ABY+AQOOAu2PyKUHo/ydlg==</PARENT_KEY><UUID>ABY+Ar1OHuGfsShn8Pk9yg==</UUID><SHORT_T>Werknemers-ID</SHORT_T><COLUMN_T>Werknemers-ID</COLUMN_T><TOOL_TIP_T>Werknemersidentificatie</TOOL_TIP_T><HELP_T/></MDRS_W_UIT_TEXT><MDRS_W_UIT_TEXT><MO_NAME>GEN_BYD_008880</MO_NAME><VERSION_ID>0000000000</VERSION_ID><LANGU>O</LANGU><DB_KEY>ABY+Ar1OHtO14iatSo9IcQ==</DB_KEY><PARENT_KEY>ABY+AQOOAu2PyKUHo/ydlg==</PARENT_KEY><UUID>ABY+Ar1OHtO14iatSo9ocQ==</UUID><SHORT_T>Medarbeider-ID</SHORT_T><COLUMN_T>Medarbeider-ID</COLUMN_T><TOOL_TIP_T>Medarbeider-ID</TOOL_TIP_T><HELP_T/></MDRS_W_UIT_TEXT><MDRS_W_UIT_TEXT><MO_NAME>GEN_BYD_008880</MO_NAME><VERSION_ID>0000000000</VERSION_ID><LANGU>P</LANGU><DB_KEY>ABY+AQvgHd+su9zpVUaAQQ==</DB_KEY><PARENT_KEY>ABY+AQOOAu2PyKUHo/ydlg==</PARENT_KEY><UUID>ABY+AQvgHd+su9zpVUagQQ==</UUID><SHORT_T>ID do empregado</SHORT_T><COLUMN_T>ID do empregado</COLUMN_T><TOOL_TIP_T>Identificador do empregado</TOOL_TIP_T><HELP_T/></MDRS_W_UIT_TEXT><MDRS_W_UIT_TEXT><MO_NAME>GEN_BYD_008880</MO_NAME><VERSION_ID>0000000000</VERSION_ID><LANGU>R</LANGU><DB_KEY>ABY+Ar1OHtO14ezhUHTICA==</DB_KEY><PARENT_KEY>ABY+AQOOAu2PyKUHo/ydlg==</PARENT_KEY><UUID>ABY+Ar1OHtO14ezhUHToCA==</UUID><SHORT_T>Ид. сотрудника</SHORT_T><COLUMN_T>Ид. сотрудника</COLUMN_T><TOOL_TIP_T>Идентификатор сотрудника</TOOL_TIP_T><HELP_T/></MDRS_W_UIT_TEXT><MDRS_W_UIT_TEXT><MO_NAME>GEN_BYD_008880</MO_NAME><VERSION_ID>0000000000</VERSION_ID><LANGU>S</LANGU><DB_KEY>ABY+AQvgHe+qwNhqqV8v0w==</DB_KEY><PARENT_KEY>ABY+AQOOAu2PyKUHo/ydlg==</PARENT_KEY><UUID>ABY+AQvgHe+qwNhqqV9P0w==</UUID><SHORT_T>ID de empleado</SHORT_T><COLUMN_T>ID de empleado</COLUMN_T><TOOL_TIP_T>Identificador de empleado</TOOL_TIP_T><HELP_T/></MDRS_W_UIT_TEXT><MDRS_W_UIT_TEXT><MO_NAME>GEN_BYD_008880</MO_NAME><VERSION_ID>0000000000</VERSION_ID><LANGU>T</LANGU><DB_KEY>ABY+Ar1OHuSW4pV++qCFEg==</DB_KEY><PARENT_KEY>ABY+AQOOAu2PyKUHo/ydlg==</PARENT_KEY><UUID>ABY+Ar1OHuSW4pV++qClEg==</UUID><SHORT_T>Çalışan Numarası</SHORT_T><COLUMN_T>Çalışan Numarası</COLUMN_T><TOOL_TIP_T>Çalışan Numarası</TOOL_TIP_T><HELP_T/></MDRS_W_UIT_TEXT><MDRS_W_UIT_TEXT><MO_NAME>GEN_BYD_008880</MO_NAME><VERSION_ID>0000000000</VERSION_ID><LANGU>U</LANGU><DB_KEY>ABY+Ar1OHtO14i9iXwrIeA==</DB_KEY><PARENT_KEY>ABY+AQOOAu2PyKUHo/ydlg==</PARENT_KEY><UUID>ABY+Ar1OHtO14i9iXwroeA==</UUID><SHORT_T>Työntekijätunnus</SHORT_T><COLUMN_T>Työntekijätunnus</COLUMN_T><TOOL_TIP_T>Työntekijätunnus</TOOL_TIP_T><HELP_T/></MDRS_W_UIT_TEXT><MDRS_W_UIT_TEXT><MO_NAME>GEN_BYD_008880</MO_NAME><VERSION_ID>0000000000</VERSION_ID><LANGU>V</LANGU><DB_KEY>ABY+Ar1OHtO7ofMLZr2DYg==</DB_KEY><PARENT_KEY>ABY+AQOOAu2PyKUHo/ydlg==</PARENT_KEY><UUID>ABY+Ar1OHtO7ofMLZr2jYg==</UUID><SHORT_T>Anställningsnummer</SHORT_T><COLUMN_T>Anställningsnummer</COLUMN_T><TOOL_TIP_T>Anställningsidentifikator</TOOL_TIP_T><HELP_T/></MDRS_W_UIT_TEXT><MDRS_W_UIT_TEXT><MO_NAME>ODATA_SVC_PARENT_OBJECT_ID</MO_NAME><VERSION_ID>0000000000</VERSION_ID><LANGU>1</LANGU><DB_KEY>ABY+IdIdHtiTwJbEPkEIqA==</DB_KEY><PARENT_KEY>ABY+Emf1HtiLzTYO9AxScA==</PARENT_KEY><UUID>ABY+IdIdHtiTwJbEPkEoqA==</UUID><SHORT_T>父对象标识</SHORT_T><COLUMN_T>父对象标识</COLUMN_T><TOOL_TIP_T/><HELP_T/></MDRS_W_UIT_TEXT><MDRS_W_UIT_TEXT><MO_NAME>ODATA_SVC_PARENT_OBJECT_ID</MO_NAME><VERSION_ID>0000000000</VERSION_ID><LANGU>3</LANGU><DB_KEY>ABY+IdIdHtiTwInQx2+IkA==</DB_KEY><PARENT_KEY>ABY+Emf1HtiLzTYO9AxScA==</PARENT_KEY><UUID>ABY+IdIdHtiTwInQx2+okA==</UUID><SHORT_T>상위 오브젝트 ID</SHORT_T><COLUMN_T>상위 오브젝트 ID</COLUMN_T><TOOL_TIP_T/><HELP_T/></MDRS_W_UIT_TEXT><MDRS_W_UIT_TEXT><MO_NAME>ODATA_SVC_PARENT_OBJECT_ID</MO_NAME><VERSION_ID>0000000000</VERSION_ID><LANGU>B</LANGU><DB_KEY>ABY+IdIdHtiTwIS48uJIjQ==</DB_KEY><PARENT_KEY>ABY+Emf1HtiLzTYO9AxScA==</PARENT_KEY><UUID>ABY+IdIdHtiTwIS48uJojQ==</UUID><SHORT_T>זיהוי אובייקט אב</SHORT_T><COLUMN_T>זיהוי אובייקט אב</COLUMN_T><TOOL_TIP_T/><HELP_T/></MDRS_W_UIT_TEXT><MDRS_W_UIT_TEXT><MO_NAME>ODATA_SVC_PARENT_OBJECT_ID</MO_NAME><VERSION_ID>0000000000</VERSION_ID><LANGU>C</LANGU><DB_KEY>ABY+IdIdHtiTwHyj7t+ocQ==</DB_KEY><PARENT_KEY>ABY+Emf1HtiLzTYO9AxScA==</PARENT_KEY><UUID>ABY+IdIdHtiTwHyj7t/IcQ==</UUID><SHORT_T>ID nadřazeného objektu</SHORT_T><COLUMN_T>ID nadřazeného objektu</COLUMN_T><TOOL_TIP_T/><HELP_T/></MDRS_W_UIT_TEXT><MDRS_W_UIT_TEXT><MO_NAME>ODATA_SVC_PARENT_OBJECT_ID</MO_NAME><VERSION_ID>0000000000</VERSION_ID><LANGU>D</LANGU><DB_KEY>ABY+IdIdHtiTwGRPcPXIPw==</DB_KEY><PARENT_KEY>ABY+Emf1HtiLzTYO9AxScA==</PARENT_KEY><UUID>ABY+IdIdHtiTwGRPcPXoPw==</UUID><SHORT_T>ID des übergeordneten Objekts</SHORT_T><COLUMN_T>ID des übergeordneten Objekts</COLUMN_T><TOOL_TIP_T/><HELP_T/></MDRS_W_UIT_TEXT><MDRS_W_UIT_TEXT><MO_NAME>ODATA_SVC_PARENT_OBJECT_ID</MO_NAME><VERSION_ID>0000000000</VERSION_ID><LANGU>E</LANGU><DB_KEY>ABY+Emf1HtiLzTYO9AyScA==</DB_KEY><PARENT_KEY>ABY+Emf1HtiLzTYO9AxScA==</PARENT_KEY><UUID>ABY+Emf1HtiLzTYO9AzycA==</UUID><SHORT_T>Parent Object ID</SHORT_T><COLUMN_T>Parent Object ID</COLUMN_T><TOOL_TIP_T/><HELP_T/></MDRS_W_UIT_TEXT><MDRS_W_UIT_TEXT><MO_NAME>ODATA_SVC_PARENT_OBJECT_ID</MO_NAME><VERSION_ID>0000000000</VERSION_ID><LANGU>F</LANGU><DB_KEY>ABY+IdIdHtiTwIPce2bIjQ==</DB_KEY><PARENT_KEY>ABY+Emf1HtiLzTYO9AxScA==</PARENT_KEY><UUID>ABY+IdIdHtiTwIPce2bojQ==</UUID><SHORT_T>ID d'objet parent</SHORT_T><COLUMN_T>ID d'objet parent</COLUMN_T><TOOL_TIP_T/><HELP_T/></MDRS_W_UIT_TEXT><MDRS_W_UIT_TEXT><MO_NAME>ODATA_SVC_PARENT_OBJECT_ID</MO_NAME><VERSION_ID>0000000000</VERSION_ID><LANGU>I</LANGU><DB_KEY>ABY+IdIdHtiTwIeRUcyIkA==</DB_KEY><PARENT_KEY>ABY+Emf1HtiLzTYO9AxScA==</PARENT_KEY><UUID>ABY+IdIdHtiTwIeRUcyokA==</UUID><SHORT_T>ID oggetto sovraordinato</SHORT_T><COLUMN_T>ID oggetto sovraordinato</COLUMN_T><TOOL_TIP_T/><HELP_T/></MDRS_W_UIT_TEXT><MDRS_W_UIT_TEXT><MO_NAME>ODATA_SVC_PARENT_OBJECT_ID</MO_NAME><VERSION_ID>0000000000</VERSION_ID><LANGU>J</LANGU><DB_KEY>ABY+IdIdHtiTwIhuhR+IkA==</DB_KEY><PARENT_KEY>ABY+Emf1HtiLzTYO9AxScA==</PARENT_KEY><UUID>ABY+IdIdHtiTwIhuhR+okA==</UUID><SHORT_T>上位オブジェクト ID</SHORT_T><COLUMN_T>上位オブジェクト ID</COLUMN_T><TOOL_TIP_T/><HELP_T/></MDRS_W_UIT_TEXT><MDRS_W_UIT_TEXT><MO_NAME>ODATA_SVC_PARENT_OBJECT_ID</MO_NAME><VERSION_ID>0000000000</VERSION_ID><LANGU>L</LANGU><DB_KEY>ABY+IdIdHtiTwI3GsIjIkw==</DB_KEY><PARENT_KEY>ABY+Emf1HtiLzTYO9AxScA==</PARENT_KEY><UUID>ABY+IdIdHtiTwI3GsIjokw==</UUID><SHORT_T>Id. obiektu nadrzędnego</SHORT_T><COLUMN_T>Id. obiektu nadrzędnego</COLUMN_T><TOOL_TIP_T/><HELP_T/></MDRS_W_UIT_TEXT><MDRS_W_UIT_TEXT><MO_NAME>ODATA_SVC_PARENT_OBJECT_ID</MO_NAME><VERSION_ID>0000000000</VERSION_ID><LANGU>N</LANGU><DB_KEY>ABY+IdIdHtiTwIu2dXvIkw==</DB_KEY><PARENT_KEY>ABY+Emf1HtiLzTYO9AxScA==</PARENT_KEY><UUID>ABY+IdIdHtiTwIu2dXvokw==</UUID><SHORT_T>Bovenliggende object-ID</SHORT_T><COLUMN_T>Bovenliggende object-ID</COLUMN_T><TOOL_TIP_T/><HELP_T/></MDRS_W_UIT_TEXT><MDRS_W_UIT_TEXT><MO_NAME>ODATA_SVC_PARENT_OBJECT_ID</MO_NAME><VERSION_ID>0000000000</VERSION_ID><LANGU>O</LANGU><DB_KEY>ABY+IdIdHtiTwIzVbUmIkw==</DB_KEY><PARENT_KEY>ABY+Emf1HtiLzTYO9AxScA==</PARENT_KEY><UUID>ABY+IdIdHtiTwIzVbUmokw==</UUID><SHORT_T>Overordnet objekt-ID</SHORT_T><COLUMN_T>Overordnet objekt-ID</COLUMN_T><TOOL_TIP_T/><HELP_T/></MDRS_W_UIT_TEXT><MDRS_W_UIT_TEXT><MO_NAME>ODATA_SVC_PARENT_OBJECT_ID</MO_NAME><VERSION_ID>0000000000</VERSION_ID><LANGU>P</LANGU><DB_KEY>ABY+IdIdHtiTwI69abYIlg==</DB_KEY><PARENT_KEY>ABY+Emf1HtiLzTYO9AxScA==</PARENT_KEY><UUID>ABY+IdIdHtiTwI69abYolg==</UUID><SHORT_T>ID de objeto superior</SHORT_T><COLUMN_T>ID de objeto superior</COLUMN_T><TOOL_TIP_T/><HELP_T/></MDRS_W_UIT_TEXT><MDRS_W_UIT_TEXT><MO_NAME>ODATA_SVC_PARENT_OBJECT_ID</MO_NAME><VERSION_ID>0000000000</VERSION_ID><LANGU>R</LANGU><DB_KEY>ABY+IdIdHtiTwJDHh5sIlg==</DB_KEY><PARENT_KEY>ABY+Emf1HtiLzTYO9AxScA==</PARENT_KEY><UUID>ABY+IdIdHtiTwJDHh5solg==</UUID><SHORT_T>Ид. вышестоящего объекта</SHORT_T><COLUMN_T>Ид. вышестоящего объекта</COLUMN_T><TOOL_TIP_T/><HELP_T/></MDRS_W_UIT_TEXT><MDRS_W_UIT_TEXT><MO_NAME>ODATA_SVC_PARENT_OBJECT_ID</MO_NAME><VERSION_ID>0000000000</VERSION_ID><LANGU>S</LANGU><DB_KEY>ABY+IdIdHtiTwH8W4P8Icg==</DB_KEY><PARENT_KEY>ABY+Emf1HtiLzTYO9AxScA==</PARENT_KEY><UUID>ABY+IdIdHtiTwH8W4P8ocg==</UUID><SHORT_T>ID de objeto superior</SHORT_T><COLUMN_T>ID de objeto superior</COLUMN_T><TOOL_TIP_T/><HELP_T/></MDRS_W_UIT_TEXT><MDRS_W_UIT_TEXT><MO_NAME>ODATA_SVC_PARENT_OBJECT_ID</MO_NAME><VERSION_ID>0000000000</VERSION_ID><LANGU>T</LANGU><DB_KEY>ABY+IdIdHtiTwJihDT4Iqw==</DB_KEY><PARENT_KEY>ABY+Emf1HtiLzTYO9AxScA==</PARENT_KEY><UUID>ABY+IdIdHtiTwJihDT4oqw==</UUID><SHORT_T>Üst düzey nesne tanıtıcısı</SHORT_T><COLUMN_T>Üst düzey nesne tanıtıcısı</COLUMN_T><TOOL_TIP_T/><HELP_T/></MDRS_W_UIT_TEXT><MDRS_W_UIT_TEXT><MO_NAME>ODATA_SVC_PARENT_OBJECT_ID</MO_NAME><VERSION_ID>0000000000</VERSION_ID><LANGU>U</LANGU><DB_KEY>ABY+IdIdHtiTwIL4FDhIjQ==</DB_KEY><PARENT_KEY>ABY+Emf1HtiLzTYO9AxScA==</PARENT_KEY><UUID>ABY+IdIdHtiTwIL4FDhojQ==</UUID><SHORT_T>Ylätason objektin tunnus</SHORT_T><COLUMN_T>Ylätason objektin tunnus</COLUMN_T><TOOL_TIP_T/><HELP_T/></MDRS_W_UIT_TEXT><MDRS_W_UIT_TEXT><MO_NAME>ODATA_SVC_PARENT_OBJECT_ID</MO_NAME><VERSION_ID>0000000000</VERSION_ID><LANGU>V</LANGU><DB_KEY>ABY+IdIdHtiTwJQFZuGIlw==</DB_KEY><PARENT_KEY>ABY+Emf1HtiLzTYO9AxScA==</PARENT_KEY><UUID>ABY+IdIdHtiTwJQFZuGolw==</UUID><SHORT_T>Förälderobjekt-ID</SHORT_T><COLUMN_T>Förälderobjekt-ID</COLUMN_T><TOOL_TIP_T/><HELP_T/></MDRS_W_UIT_TEXT></UITEXT_DESC><CODELIST_METADTA/><INCLUDED_BO_NODE/><EXTERNAL_INFORMATION/></SERVICE></asx:values></asx:abap>