<?xml version="1.0" encoding="utf-8"?><asx:abap version="1.0" xmlns:asx="http://www.sap.com/abapxml"><asx:values><SERVICE><ROOT><CLIENT>120</CLIENT><NODE_ID>ABY+dKeCHti83GwXOnQIgA==</NODE_ID><NAME/><SERVICE_NAME>khhousebankstatement</SERVICE_NAME><SERVICE_NAMESPACE>cust</SERVICE_NAMESPACE><SRVC_NAMESPACE_ALIAS/><DATA_PROVIDER_CLASS/><MODEL_PROVIDER_CLASS/><EXIT_CLASS/><CREATION_DATE_TIME>20190107152119.0</CREATION_DATE_TIME><CREATION_IDENTITY_UUID>ADAFcc6bHe2NxzAYcuEGmg==</CREATION_IDENTITY_UUID><LAST_CHANGE_DATE_TIME>20190107175002.933995</LAST_CHANGE_DATE_TIME><LAST_CHANGE_IDENTITY_UUID>ADAFcc6bHe2NxzAYcuEGmg==</LAST_CHANGE_IDENTITY_UUID><PACKAGE_NAME/><IS_EXTENSION/><IS_DRAFT/><STATUS_LIFE_CYCLE_STAT>1</STATUS_LIFE_CYCLE_STAT><IMPL_VERSION_CODE>V2</IMPL_VERSION_CODE><START_UI_APPLICATION_ID>/SAP_BYD_APPLICATION_UI/fin/cl/BankStatementOwl.OWL.uicomponent</START_UI_APPLICATION_ID><CODE_DESCRIPTION_ENABLED>X</CODE_DESCRIPTION_ENABLED><SERVICE_DATA_BINARY_MIME_CODE/><CHARACTER_SET_CODE/><SERVICE_DATA_BINARY_FORMAT/><SERVICE_DATA_BINARY_FILE_NAME/><SERVICE_DATA_BINARY_URI/><SERVICE_DATA_BINARY/><START_UI_APPLICATION_WOC_NAME/><START_UI_APPLN_WOC_VIEW_NAME>FIN_BANKSTATEMENTS</START_UI_APPLN_WOC_VIEW_NAME><SERVICE_DOCUMENTATION_URL/><NO_AUTH_CHECK/><KEY_MAPPING_ENABLED/><PDI_SOLUTION_NAMESPACE/><IS_PDI_SOL_INACTIVE/><XODATA_NAME/><SAP_RELEASE>784</SAP_RELEASE><SAP_SUPP_PACKAGE>2</SAP_SUPP_PACKAGE></ROOT><ENTITIES><ODATA_EXTENSION_DEF_EN_001><CLIENT>120</CLIENT><NODE_ID>ABY+dKeCHti83HcUy7Ao8A==</NODE_ID><PARENT_NODE_ID>ABY+dKeCHti83GwXOnQIgA==</PARENT_NODE_ID><MO_NAME/><REF_UUID_KEY_UUID/><REF_UUID_KEY_VERSION_ID>0000000000</REF_UUID_KEY_VERSION_ID><ORDINAL_NUMBER>990</ORDINAL_NUMBER><NAME>CodeList</NAME><SADL_XML>&lt;?xml version="1.0" encoding="utf-16"?&gt;&lt;sadl:definition xmlns:sadl="http://sap.com/sap.nw.f.sadl" &gt; &lt;sadl:modes&gt; &lt;sadl:mode type="UI" /&gt; &lt;/sadl:modes&gt; &lt;sadl:dataSource type="BusinessObjectNode" name="DS" binding="~" /&gt;&lt;sadl:resultSet&gt;&lt;sadl:structure name="ROOT" dataSource="DS" maxEditMode="RO" type="QUERY_ONLY" &gt; &lt;sadl:query name="SADL_QUERY" &gt; &lt;/sadl:query&gt;&lt;/sadl:structure&gt;&lt;/sadl:resultSet&gt;&lt;/sadl:definition&gt;</SADL_XML><LEADING_BO_NAME/><SADL_LAST_CHANGE_DATE_TIME>20190107175428.335018</SADL_LAST_CHANGE_DATE_TIME><ENTRY_TITLE_PROPERTY_BINDING/><CORE_ENT_LAST_CHANGE_DATE_TIME>0.0</CORE_ENT_LAST_CHANGE_DATE_TIME><LEADING_BO_NODE_NAME/><ENTRY_AUTHOR_PROPERTY_BINDING/><ENTRY_CRE_AT_PROPERTY_BINDING/><ENTRY_UPD_AT_PROPERTY_BINDING/><IS_CREATABLE/><IS_UPDATABLE/><IS_DELETABLE/><DEFAULT_ENTITY_SET_NAME/><RBAM_UI_APPLICATION_ID/><LAST_CHANGE_DATE_TIME>20190107152119.0</LAST_CHANGE_DATE_TIME><DO_PREFIX/><PREDECESSOR_ENTITY_UUID/><START_UI_APPLICATION_WOC_NAME/><START_UI_APPLN_WOC_VIEW_NAME/><IS_CODELIST_ENTITY_TYPE>X</IS_CODELIST_ENTITY_TYPE><UI_TEXT_KEY_NAME/><UI_TEXT_KEY_VERSION_ID>0000000000</UI_TEXT_KEY_VERSION_ID><UITXT_REDEF_IND/></ODATA_EXTENSION_DEF_EN_001><ODATA_EXTENSION_DEF_EN_001><CLIENT>120</CLIENT><NODE_ID>ABY+dKeCHti83HZb20OI8A==</NODE_ID><PARENT_NODE_ID>ABY+dKeCHti83GwXOnQIgA==</PARENT_NODE_ID><MO_NAME/><REF_UUID_KEY_UUID/><REF_UUID_KEY_VERSION_ID>0000000000</REF_UUID_KEY_VERSION_ID><ORDINAL_NUMBER>1</ORDINAL_NUMBER><NAME>HouseBankStatement</NAME><SADL_XML>&lt;?xml version="1.0" encoding="utf-16"?&gt;&lt;sadl:definition xmlns:sadl="http://sap.com/sap.nw.f.sadl" &gt; &lt;sadl:modes&gt; &lt;sadl:mode type="UI" /&gt; &lt;/sadl:modes&gt; &lt;sadl:dataSource type="BusinessObjectNode" name="DS" binding="FOPXP_BANKSTAT~ROOT" /&gt;&lt;sadl:resultSet&gt;&lt;sadl:structure name="ROOT" dataSource="DS" maxEditMode="RO" type="QUERY_ONLY" &gt; &lt;sadl:query name="SADL_QUERY" &gt; &lt;sadl:inputStructure&gt; &lt;sadl:inputParameter name="ACC_TRANS_DATE" &gt; &lt;sadl:attribute binding="ACC_TRANS_DATE" /&gt; &lt;/sadl:inputParameter&gt; &lt;sadl:inputParameter name="BANK_ID_CONTENT" &gt; &lt;sadl:attribute binding="BANK_ID_CONTENT" /&gt; &lt;/sadl:inputParameter&gt; &lt;sadl:inputParameter name="CLOSING_BAL_AMT_CONTENT" &gt; &lt;sadl:attribute binding="CLOSING_BAL_AMT_CONTENT" /&gt; &lt;/sadl:inputParameter&gt; &lt;sadl:inputParameter name="CREDIT_TOTAL_AMT_CONTENT" &gt; &lt;sadl:attribute binding="CREDIT_TOTAL_AMT_CONTENT" /&gt; &lt;/sadl:inputParameter&gt; &lt;sadl:inputParameter name="DATE" &gt; &lt;sadl:attribute binding="DATE" /&gt; &lt;/sadl:inputParameter&gt; &lt;sadl:inputParameter name="DEBIT_TOTAL_AMT_CONTENT" &gt; &lt;sadl:attribute binding="DEBIT_TOTAL_AMT_CONTENT" /&gt; &lt;/sadl:inputParameter&gt; &lt;sadl:inputParameter name="ID1" &gt; &lt;sadl:attribute binding="ID1" /&gt; &lt;/sadl:inputParameter&gt; &lt;sadl:inputParameter name="ID_CONTENT" &gt; &lt;sadl:attribute binding="ID_CONTENT" /&gt; &lt;/sadl:inputParameter&gt; &lt;sadl:inputParameter name="ITEM_TOTAL_NUM_VAL" &gt; &lt;sadl:attribute binding="ITEM_TOTAL_NUM_VAL" /&gt; &lt;/sadl:inputParameter&gt; &lt;sadl:inputParameter name="OBJECTID" &gt; &lt;sadl:attribute binding="OBJECTID" /&gt; &lt;/sadl:inputParameter&gt; &lt;sadl:inputParameter name="OPENING_BAL_AMT_CONTENT" &gt; &lt;sadl:attribute binding="OPENING_BAL_AMT_CONTENT" /&gt; &lt;/sadl:inputParameter&gt; &lt;sadl:inputParameter name="CURRENCYCODE1" &gt; &lt;sadl:attribute binding="CURRENCYCODE1" /&gt; &lt;/sadl:inputParameter&gt; &lt;sadl:inputParameter name="OVERALL_POSTPROCESSING_C" &gt; &lt;sadl:attribute binding="OVERALL_POSTPROCESSING_C" /&gt; &lt;/sadl:inputParameter&gt; &lt;sadl:inputParameter name="STATUS_LC_STAT_C" &gt; &lt;sadl:attribute binding="STATUS_LC_STAT_C" /&gt; &lt;/sadl:inputParameter&gt; &lt;sadl:inputParameter name="VALIDITY_YEAR" &gt; &lt;sadl:attribute binding="VALIDITY_YEAR" /&gt; &lt;/sadl:inputParameter&gt; &lt;sadl:inputParameter name="BANK_ACCT_STD_ID" &gt; &lt;sadl:attribute binding="BANK_ACCT_STD_ID" /&gt; &lt;/sadl:inputParameter&gt; &lt;sadl:inputParameter name="BANK_ACCT_TC" &gt; &lt;sadl:attribute binding="BANK_ACCT_TC" /&gt; &lt;/sadl:inputParameter&gt; &lt;sadl:inputParameter name="COMPANY_HOUSE_BANK_ID" &gt; &lt;sadl:attribute binding="COMPANY_HOUSE_BANK_ID" /&gt; &lt;/sadl:inputParameter&gt; &lt;sadl:inputParameter name="INTERNAL_ID_CONTENT" &gt; &lt;sadl:attribute binding="INTERNAL_ID_CONTENT" /&gt; &lt;/sadl:inputParameter&gt; &lt;sadl:inputParameter name="OBJECTID1" &gt; &lt;sadl:attribute binding="OBJECTID1" /&gt; &lt;/sadl:inputParameter&gt; &lt;sadl:inputParameter name="DESCRIPTION_CONTENT" &gt; &lt;sadl:attribute binding="DESCRIPTION_CONTENT" /&gt; &lt;/sadl:inputParameter&gt; &lt;sadl:inputParameter name="DESCRIPTION_LANGUAGE_CODE" &gt; &lt;sadl:attribute binding="DESCRIPTION_LANGUAGE_CODE" /&gt; &lt;/sadl:inputParameter&gt; &lt;sadl:inputParameter name="OBJECTID2" &gt; &lt;sadl:attribute binding="OBJECTID2" /&gt; &lt;/sadl:inputParameter&gt; &lt;sadl:inputParameter name="FORMATTED_NAME" &gt; &lt;sadl:attribute binding="FORMATTED_NAME" /&gt; &lt;/sadl:inputParameter&gt; &lt;sadl:inputParameter name="OBJECTID4" &gt; &lt;sadl:attribute binding="OBJECTID4" /&gt; &lt;/sadl:inputParameter&gt; &lt;sadl:inputParameter name="FIND" type="SEARCH_TEXT"  &gt; &lt;sadl:attribute binding="BANK_ID_CONTENT" /&gt; &lt;sadl:attribute binding="ID1" /&gt; &lt;sadl:attribute binding="ID_CONTENT" /&gt; &lt;sadl:attribute binding="STATUS_LC_STAT_C" /&gt; &lt;sadl:attribute binding="VALIDITY_YEAR" /&gt; &lt;/sadl:inputParameter&gt; &lt;/sadl:inputStructure&gt; &lt;/sadl:query&gt; &lt;sadl:attribute name="ACC_TRANS_DATE" binding="ACC_TRANS_DATE" /&gt; &lt;sadl:attribute name="BANK_ACCT_STD_ID" binding="ass:HBA/BANK_ACCT_STD_ID" /&gt; &lt;sadl:attribute name="BANK_ACCT_TC" binding="ass:HBA/BANK_ACCT_TC" /&gt; &lt;sadl:attribute name="BANK_ID_CONTENT" binding="BANK_ID-CONTENT" /&gt; &lt;sadl:attribute name="CLOSING_BAL_AMT_CONTENT" binding="CLOSING_BAL_AMT-CONTENT" /&gt; &lt;sadl:attribute name="COMPANY_HOUSE_BANK_ID" binding="ass:HBA/COMPANY_HOUSE_BANK_ID" /&gt; &lt;sadl:attribute name="CREDIT_TOTAL_AMT_CONTENT" binding="CREDIT_TOTAL_AMT-CONTENT" /&gt; &lt;sadl:attribute name="CURRENCYCODE1" binding="OPENING_BAL_AMT-CURRENCY_CODE" /&gt; &lt;sadl:attribute name="DATE" binding="DATE" /&gt; &lt;sadl:attribute name="DEBIT_TOTAL_AMT_CONTENT" binding="DEBIT_TOTAL_AMT-CONTENT" /&gt; &lt;sadl:attribute name="DESCRIPTION_CONTENT" binding="ass:HBA/ass:DESCRIPTION[LANGUAGE_CODE = SY-LANGU]/DESCRIPTION-CONTENT" /&gt; &lt;sadl:attribute name="DESCRIPTION_LANGUAGE_CODE" binding="ass:HBA/ass:DESCRIPTION[LANGUAGE_CODE = SY-LANGU]/DESCRIPTION-LANGUAGE_CODE" /&gt; &lt;sadl:attribute name="FORMATTED_NAME" binding="ass:HBA/ass:HOUSE_BANK/ass:CURRENT_COMMON/FORMATTED_NAME" /&gt; &lt;sadl:attribute name="ID1" binding="HBA-ID" /&gt; &lt;sadl:attribute name="ID_CONTENT" binding="ID-CONTENT" /&gt; &lt;sadl:attribute name="INTERNAL_ID_CONTENT" binding="ass:HBA/INTERNAL_ID-CONTENT" /&gt; &lt;sadl:attribute name="ITEM_TOTAL_NUM_VAL" binding="ITEM_TOTAL_NUM_VAL" /&gt; &lt;sadl:attribute name="OBJECTID" binding="NODE_ID" /&gt; &lt;sadl:attribute name="OBJECTID1" binding="ass:HBA/NODE_ID" /&gt; &lt;sadl:attribute name="OBJECTID2" binding="ass:HBA/ass:DESCRIPTION[LANGUAGE_CODE = SY-LANGU]/NODE_ID" /&gt; &lt;sadl:attribute name="OBJECTID4" binding="ass:HBA/ass:HOUSE_BANK/ass:CURRENT_COMMON/NODE_ID" /&gt; &lt;sadl:attribute name="OPENING_BAL_AMT_CONTENT" binding="OPENING_BAL_AMT-CONTENT" /&gt; &lt;sadl:attribute name="OVERALL_POSTPROCESSING_C" binding="OVERALL_POSTPROCESSING_C" /&gt; &lt;sadl:attribute name="STATUS_LC_STAT_C" binding="STATUS-LC_STAT_C" /&gt; &lt;sadl:attribute name="VALIDITY_YEAR" binding="VALIDITY_YEAR" /&gt;&lt;/sadl:structure&gt;&lt;/sadl:resultSet&gt;&lt;/sadl:definition&gt;</SADL_XML><LEADING_BO_NAME>FOPXP_BANKSTAT</LEADING_BO_NAME><SADL_LAST_CHANGE_DATE_TIME>20190107175428.345577</SADL_LAST_CHANGE_DATE_TIME><ENTRY_TITLE_PROPERTY_BINDING/><CORE_ENT_LAST_CHANGE_DATE_TIME>0.0</CORE_ENT_LAST_CHANGE_DATE_TIME><LEADING_BO_NODE_NAME>ROOT</LEADING_BO_NODE_NAME><ENTRY_AUTHOR_PROPERTY_BINDING/><ENTRY_CRE_AT_PROPERTY_BINDING/><ENTRY_UPD_AT_PROPERTY_BINDING/><IS_CREATABLE/><IS_UPDATABLE/><IS_DELETABLE/><DEFAULT_ENTITY_SET_NAME>HouseBankStatementCollection</DEFAULT_ENTITY_SET_NAME><RBAM_UI_APPLICATION_ID>/SAP_BYD_APPLICATION_UI/fin/cl/BankStatemntOWL.OWL.uicomponent</RBAM_UI_APPLICATION_ID><LAST_CHANGE_DATE_TIME>20190107152119.0</LAST_CHANGE_DATE_TIME><DO_PREFIX/><PREDECESSOR_ENTITY_UUID/><START_UI_APPLICATION_WOC_NAME/><START_UI_APPLN_WOC_VIEW_NAME>FIN_BANKSTATEMENTS</START_UI_APPLN_WOC_VIEW_NAME><IS_CODELIST_ENTITY_TYPE/><UI_TEXT_KEY_NAME>FOPXP_BANKSTAT</UI_TEXT_KEY_NAME><UI_TEXT_KEY_VERSION_ID>0000000000</UI_TEXT_KEY_VERSION_ID><UITXT_REDEF_IND/></ODATA_EXTENSION_DEF_EN_001></ENTITIES><PROPERTIES><ODATA_EXTENSION_DEF_PR_001><CLIENT>120</CLIENT><NODE_ID>ABY+dKeCHti83HcUy7BI8A==</NODE_ID><PARENT_NODE_ID>ABY+dKeCHti83HcUy7Ao8A==</PARENT_NODE_ID><ROOT_NODE_ID>ABY+dKeCHti83GwXOnQIgA==</ROOT_NODE_ID><MO_NAME/><ORDINAL_NUMBER>0</ORDINAL_NUMBER><NAME>Code</NAME><DATA_TYPE>String</DATA_TYPE><IS_COMPLEX/><ABAP_DT_NAME>CONTENT</ABAP_DT_NAME><BO_PATH/><COMPLEX_TYPE_UUID/><IS_CODE_TYPE/><IS_CREATABLE/><IS_UPDATABLE/><IS_NULLABLE/><IS_FILTERABLE>X</IS_FILTERABLE><HAS_FIXED_LENGTH/><MAX_LENGTH>0</MAX_LENGTH><PRECISION_VALUE>0</PRECISION_VALUE><SCALE>0</SCALE><DEFAULT_VALUE/><IS_HIDDEN_IN_EDM/><BO_PATH_WITH_FILTER/><IS_ALPHA_CONV_ALLOWED/><IS_LANGU_CODE/><CODELIST_ENTITY_SET_UUID/><IS_EXTENSION_FIELD/><IS_FREE_SEARCH_ENABLED/><IS_TRASIENT/><IS_INTERNAL/><IS_EXTERNAL/><LOCAL_ID_TYPE/><IS_PARENT_EXTERNAL_KEY/><IS_REF_EXTERNAL_KEY/><USE_EXTERNAL_INFO/><REF_EXT_KEY_UUID_KEY/><EXTERNAL_KEY_LEVEL_CODE/><EXCLUDE_FROM_SADL/><SAM_STATUS_VARIABLE_UUID/><UI_TEXT_KEY_NAME/><UI_TEXT_KEY_VERSION_ID>0000000000</UI_TEXT_KEY_VERSION_ID><UITXT_REDEF_IND/><CONCURRENCY_MODE/><INTERNAL_KEY_LEVEL_CODE/><CONTEXT_PROPERTY_UUID_UUID/><VERSION_ID>0000000000</VERSION_ID><IS_DATE_TYPE/><IS_ETAG_RELEVANT/><BO_NAME/><BO_NODE_NAME/><BO_NODE_ELEMENT_PATH/><DO_PREFIX/><IS_DWB_PROP/><IS_MULTI_VALUED/><ENCRYPTED_MAX_LENGTH>0</ENCRYPTED_MAX_LENGTH></ODATA_EXTENSION_DEF_PR_001><ODATA_EXTENSION_DEF_PR_001><CLIENT>120</CLIENT><NODE_ID>ABY+dKeCHti83HcUy7Bo8A==</NODE_ID><PARENT_NODE_ID>ABY+dKeCHti83HcUy7Ao8A==</PARENT_NODE_ID><ROOT_NODE_ID>ABY+dKeCHti83GwXOnQIgA==</ROOT_NODE_ID><MO_NAME/><ORDINAL_NUMBER>0</ORDINAL_NUMBER><NAME>Description</NAME><DATA_TYPE>String</DATA_TYPE><IS_COMPLEX/><ABAP_DT_NAME>DESCRIPTION</ABAP_DT_NAME><BO_PATH/><COMPLEX_TYPE_UUID/><IS_CODE_TYPE/><IS_CREATABLE/><IS_UPDATABLE/><IS_NULLABLE/><IS_FILTERABLE>X</IS_FILTERABLE><HAS_FIXED_LENGTH/><MAX_LENGTH>0</MAX_LENGTH><PRECISION_VALUE>0</PRECISION_VALUE><SCALE>0</SCALE><DEFAULT_VALUE/><IS_HIDDEN_IN_EDM/><BO_PATH_WITH_FILTER/><IS_ALPHA_CONV_ALLOWED/><IS_LANGU_CODE/><CODELIST_ENTITY_SET_UUID/><IS_EXTENSION_FIELD/><IS_FREE_SEARCH_ENABLED/><IS_TRASIENT/><IS_INTERNAL/><IS_EXTERNAL/><LOCAL_ID_TYPE/><IS_PARENT_EXTERNAL_KEY/><IS_REF_EXTERNAL_KEY/><USE_EXTERNAL_INFO/><REF_EXT_KEY_UUID_KEY/><EXTERNAL_KEY_LEVEL_CODE/><EXCLUDE_FROM_SADL/><SAM_STATUS_VARIABLE_UUID/><UI_TEXT_KEY_NAME/><UI_TEXT_KEY_VERSION_ID>0000000000</UI_TEXT_KEY_VERSION_ID><UITXT_REDEF_IND/><CONCURRENCY_MODE/><INTERNAL_KEY_LEVEL_CODE/><CONTEXT_PROPERTY_UUID_UUID/><VERSION_ID>0000000000</VERSION_ID><IS_DATE_TYPE/><IS_ETAG_RELEVANT/><BO_NAME/><BO_NODE_NAME/><BO_NODE_ELEMENT_PATH/><DO_PREFIX/><IS_DWB_PROP/><IS_MULTI_VALUED/><ENCRYPTED_MAX_LENGTH>0</ENCRYPTED_MAX_LENGTH></ODATA_EXTENSION_DEF_PR_001><ODATA_EXTENSION_DEF_PR_001><CLIENT>120</CLIENT><NODE_ID>ABY+X1pBHtmE0gknq3Vpdw==</NODE_ID><PARENT_NODE_ID>ABY+dKeCHti83HZb20OI8A==</PARENT_NODE_ID><ROOT_NODE_ID>ABY+dKeCHti83GwXOnQIgA==</ROOT_NODE_ID><MO_NAME/><ORDINAL_NUMBER>15</ORDINAL_NUMBER><NAME>AccountingTransactionDate</NAME><DATA_TYPE>DateTime</DATA_TYPE><IS_COMPLEX/><ABAP_DT_NAME>ACC_TRANS_DATE</ABAP_DT_NAME><BO_PATH>ACC_TRANS_DATE</BO_PATH><COMPLEX_TYPE_UUID/><IS_CODE_TYPE/><IS_CREATABLE/><IS_UPDATABLE/><IS_NULLABLE>X</IS_NULLABLE><IS_FILTERABLE>X</IS_FILTERABLE><HAS_FIXED_LENGTH>X</HAS_FIXED_LENGTH><MAX_LENGTH>8</MAX_LENGTH><PRECISION_VALUE>0</PRECISION_VALUE><SCALE>0</SCALE><DEFAULT_VALUE/><IS_HIDDEN_IN_EDM/><BO_PATH_WITH_FILTER/><IS_ALPHA_CONV_ALLOWED/><IS_LANGU_CODE/><CODELIST_ENTITY_SET_UUID/><IS_EXTENSION_FIELD/><IS_FREE_SEARCH_ENABLED/><IS_TRASIENT/><IS_INTERNAL/><IS_EXTERNAL/><LOCAL_ID_TYPE/><IS_PARENT_EXTERNAL_KEY/><IS_REF_EXTERNAL_KEY/><USE_EXTERNAL_INFO/><REF_EXT_KEY_UUID_KEY/><EXTERNAL_KEY_LEVEL_CODE/><EXCLUDE_FROM_SADL/><SAM_STATUS_VARIABLE_UUID/><UI_TEXT_KEY_NAME>GEN_BYD_013254</UI_TEXT_KEY_NAME><UI_TEXT_KEY_VERSION_ID>0000000000</UI_TEXT_KEY_VERSION_ID><UITXT_REDEF_IND/><CONCURRENCY_MODE/><INTERNAL_KEY_LEVEL_CODE/><CONTEXT_PROPERTY_UUID_UUID/><VERSION_ID>0000000000</VERSION_ID><IS_DATE_TYPE>X</IS_DATE_TYPE><IS_ETAG_RELEVANT/><BO_NAME>FOPXP_BANKSTAT</BO_NAME><BO_NODE_NAME>ROOT</BO_NODE_NAME><BO_NODE_ELEMENT_PATH>ACC_TRANS_DATE</BO_NODE_ELEMENT_PATH><DO_PREFIX/><IS_DWB_PROP/><IS_MULTI_VALUED/><ENCRYPTED_MAX_LENGTH>0</ENCRYPTED_MAX_LENGTH></ODATA_EXTENSION_DEF_PR_001><ODATA_EXTENSION_DEF_PR_001><CLIENT>120</CLIENT><NODE_ID>ABY+dKeCHti83HZb20No8A==</NODE_ID><PARENT_NODE_ID>ABY+dKeCHti83HZb20OI8A==</PARENT_NODE_ID><ROOT_NODE_ID>ABY+dKeCHti83GwXOnQIgA==</ROOT_NODE_ID><MO_NAME/><ORDINAL_NUMBER>11</ORDINAL_NUMBER><NAME>ID</NAME><DATA_TYPE>String</DATA_TYPE><IS_COMPLEX/><ABAP_DT_NAME>BANK_ID_CONTENT</ABAP_DT_NAME><BO_PATH>BANK_ID-CONTENT</BO_PATH><COMPLEX_TYPE_UUID/><IS_CODE_TYPE/><IS_CREATABLE/><IS_UPDATABLE/><IS_NULLABLE>X</IS_NULLABLE><IS_FILTERABLE>X</IS_FILTERABLE><HAS_FIXED_LENGTH>X</HAS_FIXED_LENGTH><MAX_LENGTH>35</MAX_LENGTH><PRECISION_VALUE>35</PRECISION_VALUE><SCALE>0</SCALE><DEFAULT_VALUE/><IS_HIDDEN_IN_EDM/><BO_PATH_WITH_FILTER/><IS_ALPHA_CONV_ALLOWED>X</IS_ALPHA_CONV_ALLOWED><IS_LANGU_CODE/><CODELIST_ENTITY_SET_UUID/><IS_EXTENSION_FIELD/><IS_FREE_SEARCH_ENABLED>X</IS_FREE_SEARCH_ENABLED><IS_TRASIENT/><IS_INTERNAL/><IS_EXTERNAL/><LOCAL_ID_TYPE/><IS_PARENT_EXTERNAL_KEY/><IS_REF_EXTERNAL_KEY/><USE_EXTERNAL_INFO/><REF_EXT_KEY_UUID_KEY/><EXTERNAL_KEY_LEVEL_CODE/><EXCLUDE_FROM_SADL/><SAM_STATUS_VARIABLE_UUID/><UI_TEXT_KEY_NAME>GEN_BYD_012801</UI_TEXT_KEY_NAME><UI_TEXT_KEY_VERSION_ID>0000000000</UI_TEXT_KEY_VERSION_ID><UITXT_REDEF_IND/><CONCURRENCY_MODE/><INTERNAL_KEY_LEVEL_CODE/><CONTEXT_PROPERTY_UUID_UUID/><VERSION_ID>0000000000</VERSION_ID><IS_DATE_TYPE/><IS_ETAG_RELEVANT/><BO_NAME>FOPXP_BANKSTAT</BO_NAME><BO_NODE_NAME>ROOT</BO_NODE_NAME><BO_NODE_ELEMENT_PATH>BANK_ID-CONTENT</BO_NODE_ELEMENT_PATH><DO_PREFIX/><IS_DWB_PROP/><IS_MULTI_VALUED/><ENCRYPTED_MAX_LENGTH>0</ENCRYPTED_MAX_LENGTH></ODATA_EXTENSION_DEF_PR_001><ODATA_EXTENSION_DEF_PR_001><CLIENT>120</CLIENT><NODE_ID>ABY+dKeCHti83HcUy66o8A==</NODE_ID><PARENT_NODE_ID>ABY+dKeCHti83HZb20OI8A==</PARENT_NODE_ID><ROOT_NODE_ID>ABY+dKeCHti83GwXOnQIgA==</ROOT_NODE_ID><MO_NAME/><ORDINAL_NUMBER>41</ORDINAL_NUMBER><NAME>ClosingBalanceAmount</NAME><DATA_TYPE>Decimal</DATA_TYPE><IS_COMPLEX/><ABAP_DT_NAME>CLOSING_BAL_AMT_CONTENT</ABAP_DT_NAME><BO_PATH>CLOSING_BAL_AMT-CONTENT</BO_PATH><COMPLEX_TYPE_UUID/><IS_CODE_TYPE/><IS_CREATABLE/><IS_UPDATABLE/><IS_NULLABLE>X</IS_NULLABLE><IS_FILTERABLE>X</IS_FILTERABLE><HAS_FIXED_LENGTH>X</HAS_FIXED_LENGTH><MAX_LENGTH>28</MAX_LENGTH><PRECISION_VALUE>28</PRECISION_VALUE><SCALE>6</SCALE><DEFAULT_VALUE/><IS_HIDDEN_IN_EDM/><BO_PATH_WITH_FILTER/><IS_ALPHA_CONV_ALLOWED/><IS_LANGU_CODE/><CODELIST_ENTITY_SET_UUID/><IS_EXTENSION_FIELD/><IS_FREE_SEARCH_ENABLED/><IS_TRASIENT/><IS_INTERNAL/><IS_EXTERNAL/><LOCAL_ID_TYPE/><IS_PARENT_EXTERNAL_KEY/><IS_REF_EXTERNAL_KEY/><USE_EXTERNAL_INFO/><REF_EXT_KEY_UUID_KEY/><EXTERNAL_KEY_LEVEL_CODE/><EXCLUDE_FROM_SADL/><SAM_STATUS_VARIABLE_UUID/><UI_TEXT_KEY_NAME>GEN_BYD_010956</UI_TEXT_KEY_NAME><UI_TEXT_KEY_VERSION_ID>0000000000</UI_TEXT_KEY_VERSION_ID><UITXT_REDEF_IND/><CONCURRENCY_MODE/><INTERNAL_KEY_LEVEL_CODE/><CONTEXT_PROPERTY_UUID_UUID/><VERSION_ID>0000000000</VERSION_ID><IS_DATE_TYPE/><IS_ETAG_RELEVANT/><BO_NAME>FOPXP_BANKSTAT</BO_NAME><BO_NODE_NAME>ROOT</BO_NODE_NAME><BO_NODE_ELEMENT_PATH>CLOSING_BAL_AMT-CONTENT</BO_NODE_ELEMENT_PATH><DO_PREFIX/><IS_DWB_PROP/><IS_MULTI_VALUED/><ENCRYPTED_MAX_LENGTH>0</ENCRYPTED_MAX_LENGTH></ODATA_EXTENSION_DEF_PR_001><ODATA_EXTENSION_DEF_PR_001><CLIENT>120</CLIENT><NODE_ID>ABY+X1pBHtmE0giKftepdw==</NODE_ID><PARENT_NODE_ID>ABY+dKeCHti83HZb20OI8A==</PARENT_NODE_ID><ROOT_NODE_ID>ABY+dKeCHti83GwXOnQIgA==</ROOT_NODE_ID><MO_NAME/><ORDINAL_NUMBER>42</ORDINAL_NUMBER><NAME>CreditTotalAmount</NAME><DATA_TYPE>Decimal</DATA_TYPE><IS_COMPLEX/><ABAP_DT_NAME>CREDIT_TOTAL_AMT_CONTENT</ABAP_DT_NAME><BO_PATH>CREDIT_TOTAL_AMT-CONTENT</BO_PATH><COMPLEX_TYPE_UUID/><IS_CODE_TYPE/><IS_CREATABLE/><IS_UPDATABLE/><IS_NULLABLE>X</IS_NULLABLE><IS_FILTERABLE>X</IS_FILTERABLE><HAS_FIXED_LENGTH>X</HAS_FIXED_LENGTH><MAX_LENGTH>28</MAX_LENGTH><PRECISION_VALUE>28</PRECISION_VALUE><SCALE>6</SCALE><DEFAULT_VALUE/><IS_HIDDEN_IN_EDM/><BO_PATH_WITH_FILTER/><IS_ALPHA_CONV_ALLOWED/><IS_LANGU_CODE/><CODELIST_ENTITY_SET_UUID/><IS_EXTENSION_FIELD/><IS_FREE_SEARCH_ENABLED/><IS_TRASIENT/><IS_INTERNAL/><IS_EXTERNAL/><LOCAL_ID_TYPE/><IS_PARENT_EXTERNAL_KEY/><IS_REF_EXTERNAL_KEY/><USE_EXTERNAL_INFO/><REF_EXT_KEY_UUID_KEY/><EXTERNAL_KEY_LEVEL_CODE/><EXCLUDE_FROM_SADL/><SAM_STATUS_VARIABLE_UUID/><UI_TEXT_KEY_NAME>GEN_BYD_012466</UI_TEXT_KEY_NAME><UI_TEXT_KEY_VERSION_ID>0000000000</UI_TEXT_KEY_VERSION_ID><UITXT_REDEF_IND/><CONCURRENCY_MODE/><INTERNAL_KEY_LEVEL_CODE/><CONTEXT_PROPERTY_UUID_UUID/><VERSION_ID>0000000000</VERSION_ID><IS_DATE_TYPE/><IS_ETAG_RELEVANT/><BO_NAME>FOPXP_BANKSTAT</BO_NAME><BO_NODE_NAME>ROOT</BO_NODE_NAME><BO_NODE_ELEMENT_PATH>CREDIT_TOTAL_AMT-CONTENT</BO_NODE_ELEMENT_PATH><DO_PREFIX/><IS_DWB_PROP/><IS_MULTI_VALUED/><ENCRYPTED_MAX_LENGTH>0</ENCRYPTED_MAX_LENGTH></ODATA_EXTENSION_DEF_PR_001><ODATA_EXTENSION_DEF_PR_001><CLIENT>120</CLIENT><NODE_ID>ABY+dKeCHui/kKWgjXv5Yw==</NODE_ID><PARENT_NODE_ID>ABY+dKeCHti83HZb20OI8A==</PARENT_NODE_ID><ROOT_NODE_ID>ABY+dKeCHti83GwXOnQIgA==</ROOT_NODE_ID><MO_NAME/><ORDINAL_NUMBER>13</ORDINAL_NUMBER><NAME>Date</NAME><DATA_TYPE>DateTime</DATA_TYPE><IS_COMPLEX/><ABAP_DT_NAME>DATE</ABAP_DT_NAME><BO_PATH>DATE</BO_PATH><COMPLEX_TYPE_UUID/><IS_CODE_TYPE/><IS_CREATABLE/><IS_UPDATABLE/><IS_NULLABLE>X</IS_NULLABLE><IS_FILTERABLE>X</IS_FILTERABLE><HAS_FIXED_LENGTH>X</HAS_FIXED_LENGTH><MAX_LENGTH>8</MAX_LENGTH><PRECISION_VALUE>0</PRECISION_VALUE><SCALE>0</SCALE><DEFAULT_VALUE/><IS_HIDDEN_IN_EDM/><BO_PATH_WITH_FILTER/><IS_ALPHA_CONV_ALLOWED/><IS_LANGU_CODE/><CODELIST_ENTITY_SET_UUID/><IS_EXTENSION_FIELD/><IS_FREE_SEARCH_ENABLED/><IS_TRASIENT/><IS_INTERNAL/><IS_EXTERNAL/><LOCAL_ID_TYPE/><IS_PARENT_EXTERNAL_KEY/><IS_REF_EXTERNAL_KEY/><USE_EXTERNAL_INFO/><REF_EXT_KEY_UUID_KEY/><EXTERNAL_KEY_LEVEL_CODE/><EXCLUDE_FROM_SADL/><SAM_STATUS_VARIABLE_UUID/><UI_TEXT_KEY_NAME>GEN_BYD_011454</UI_TEXT_KEY_NAME><UI_TEXT_KEY_VERSION_ID>0000000000</UI_TEXT_KEY_VERSION_ID><UITXT_REDEF_IND/><CONCURRENCY_MODE/><INTERNAL_KEY_LEVEL_CODE/><CONTEXT_PROPERTY_UUID_UUID/><VERSION_ID>0000000000</VERSION_ID><IS_DATE_TYPE>X</IS_DATE_TYPE><IS_ETAG_RELEVANT/><BO_NAME>FOPXP_BANKSTAT</BO_NAME><BO_NODE_NAME>ROOT</BO_NODE_NAME><BO_NODE_ELEMENT_PATH>DATE</BO_NODE_ELEMENT_PATH><DO_PREFIX/><IS_DWB_PROP/><IS_MULTI_VALUED/><ENCRYPTED_MAX_LENGTH>0</ENCRYPTED_MAX_LENGTH></ODATA_EXTENSION_DEF_PR_001><ODATA_EXTENSION_DEF_PR_001><CLIENT>120</CLIENT><NODE_ID>ABY+X1pBHtmE0ggizChpdw==</NODE_ID><PARENT_NODE_ID>ABY+dKeCHti83HZb20OI8A==</PARENT_NODE_ID><ROOT_NODE_ID>ABY+dKeCHti83GwXOnQIgA==</ROOT_NODE_ID><MO_NAME/><ORDINAL_NUMBER>43</ORDINAL_NUMBER><NAME>DebitTotalAmount</NAME><DATA_TYPE>Decimal</DATA_TYPE><IS_COMPLEX/><ABAP_DT_NAME>DEBIT_TOTAL_AMT_CONTENT</ABAP_DT_NAME><BO_PATH>DEBIT_TOTAL_AMT-CONTENT</BO_PATH><COMPLEX_TYPE_UUID/><IS_CODE_TYPE/><IS_CREATABLE/><IS_UPDATABLE/><IS_NULLABLE>X</IS_NULLABLE><IS_FILTERABLE>X</IS_FILTERABLE><HAS_FIXED_LENGTH>X</HAS_FIXED_LENGTH><MAX_LENGTH>28</MAX_LENGTH><PRECISION_VALUE>28</PRECISION_VALUE><SCALE>6</SCALE><DEFAULT_VALUE/><IS_HIDDEN_IN_EDM/><BO_PATH_WITH_FILTER/><IS_ALPHA_CONV_ALLOWED/><IS_LANGU_CODE/><CODELIST_ENTITY_SET_UUID/><IS_EXTENSION_FIELD/><IS_FREE_SEARCH_ENABLED/><IS_TRASIENT/><IS_INTERNAL/><IS_EXTERNAL/><LOCAL_ID_TYPE/><IS_PARENT_EXTERNAL_KEY/><IS_REF_EXTERNAL_KEY/><USE_EXTERNAL_INFO/><REF_EXT_KEY_UUID_KEY/><EXTERNAL_KEY_LEVEL_CODE/><EXCLUDE_FROM_SADL/><SAM_STATUS_VARIABLE_UUID/><UI_TEXT_KEY_NAME>GEN_BYD_010367</UI_TEXT_KEY_NAME><UI_TEXT_KEY_VERSION_ID>0000000000</UI_TEXT_KEY_VERSION_ID><UITXT_REDEF_IND/><CONCURRENCY_MODE/><INTERNAL_KEY_LEVEL_CODE/><CONTEXT_PROPERTY_UUID_UUID/><VERSION_ID>0000000000</VERSION_ID><IS_DATE_TYPE/><IS_ETAG_RELEVANT/><BO_NAME>FOPXP_BANKSTAT</BO_NAME><BO_NODE_NAME>ROOT</BO_NODE_NAME><BO_NODE_ELEMENT_PATH>DEBIT_TOTAL_AMT-CONTENT</BO_NODE_ELEMENT_PATH><DO_PREFIX/><IS_DWB_PROP/><IS_MULTI_VALUED/><ENCRYPTED_MAX_LENGTH>0</ENCRYPTED_MAX_LENGTH></ODATA_EXTENSION_DEF_PR_001><ODATA_EXTENSION_DEF_PR_001><CLIENT>120</CLIENT><NODE_ID>ABY+dKeCHti83HmfyBCo8A==</NODE_ID><PARENT_NODE_ID>ABY+dKeCHti83HZb20OI8A==</PARENT_NODE_ID><ROOT_NODE_ID>ABY+dKeCHti83GwXOnQIgA==</ROOT_NODE_ID><MO_NAME/><ORDINAL_NUMBER>23</ORDINAL_NUMBER><NAME>HouseBankAccountID</NAME><DATA_TYPE>String</DATA_TYPE><IS_COMPLEX/><ABAP_DT_NAME>ID1</ABAP_DT_NAME><BO_PATH>HBA-ID</BO_PATH><COMPLEX_TYPE_UUID/><IS_CODE_TYPE/><IS_CREATABLE/><IS_UPDATABLE/><IS_NULLABLE>X</IS_NULLABLE><IS_FILTERABLE>X</IS_FILTERABLE><HAS_FIXED_LENGTH>X</HAS_FIXED_LENGTH><MAX_LENGTH>35</MAX_LENGTH><PRECISION_VALUE>35</PRECISION_VALUE><SCALE>0</SCALE><DEFAULT_VALUE/><IS_HIDDEN_IN_EDM/><BO_PATH_WITH_FILTER/><IS_ALPHA_CONV_ALLOWED/><IS_LANGU_CODE/><CODELIST_ENTITY_SET_UUID/><IS_EXTENSION_FIELD/><IS_FREE_SEARCH_ENABLED>X</IS_FREE_SEARCH_ENABLED><IS_TRASIENT/><IS_INTERNAL/><IS_EXTERNAL/><LOCAL_ID_TYPE/><IS_PARENT_EXTERNAL_KEY/><IS_REF_EXTERNAL_KEY/><USE_EXTERNAL_INFO/><REF_EXT_KEY_UUID_KEY/><EXTERNAL_KEY_LEVEL_CODE/><EXCLUDE_FROM_SADL/><SAM_STATUS_VARIABLE_UUID/><UI_TEXT_KEY_NAME>GEN_BYD_012830</UI_TEXT_KEY_NAME><UI_TEXT_KEY_VERSION_ID>0000000000</UI_TEXT_KEY_VERSION_ID><UITXT_REDEF_IND/><CONCURRENCY_MODE/><INTERNAL_KEY_LEVEL_CODE/><CONTEXT_PROPERTY_UUID_UUID/><VERSION_ID>0000000000</VERSION_ID><IS_DATE_TYPE/><IS_ETAG_RELEVANT/><BO_NAME>FOPXP_BANKSTAT</BO_NAME><BO_NODE_NAME>ROOT</BO_NODE_NAME><BO_NODE_ELEMENT_PATH>HBA-ID</BO_NODE_ELEMENT_PATH><DO_PREFIX/><IS_DWB_PROP/><IS_MULTI_VALUED/><ENCRYPTED_MAX_LENGTH>0</ENCRYPTED_MAX_LENGTH></ODATA_EXTENSION_DEF_PR_001><ODATA_EXTENSION_DEF_PR_001><CLIENT>120</CLIENT><NODE_ID>ABY+dKeCHti83Heq5LOo8A==</NODE_ID><PARENT_NODE_ID>ABY+dKeCHti83HZb20OI8A==</PARENT_NODE_ID><ROOT_NODE_ID>ABY+dKeCHti83GwXOnQIgA==</ROOT_NODE_ID><MO_NAME/><ORDINAL_NUMBER>12</ORDINAL_NUMBER><NAME>DocumentID</NAME><DATA_TYPE>String</DATA_TYPE><IS_COMPLEX/><ABAP_DT_NAME>ID_CONTENT</ABAP_DT_NAME><BO_PATH>ID-CONTENT</BO_PATH><COMPLEX_TYPE_UUID/><IS_CODE_TYPE/><IS_CREATABLE/><IS_UPDATABLE/><IS_NULLABLE>X</IS_NULLABLE><IS_FILTERABLE>X</IS_FILTERABLE><HAS_FIXED_LENGTH>X</HAS_FIXED_LENGTH><MAX_LENGTH>35</MAX_LENGTH><PRECISION_VALUE>35</PRECISION_VALUE><SCALE>0</SCALE><DEFAULT_VALUE/><IS_HIDDEN_IN_EDM/><BO_PATH_WITH_FILTER/><IS_ALPHA_CONV_ALLOWED>X</IS_ALPHA_CONV_ALLOWED><IS_LANGU_CODE/><CODELIST_ENTITY_SET_UUID/><IS_EXTENSION_FIELD/><IS_FREE_SEARCH_ENABLED>X</IS_FREE_SEARCH_ENABLED><IS_TRASIENT/><IS_INTERNAL/><IS_EXTERNAL/><LOCAL_ID_TYPE/><IS_PARENT_EXTERNAL_KEY/><IS_REF_EXTERNAL_KEY/><USE_EXTERNAL_INFO/><REF_EXT_KEY_UUID_KEY/><EXTERNAL_KEY_LEVEL_CODE/><EXCLUDE_FROM_SADL/><SAM_STATUS_VARIABLE_UUID/><UI_TEXT_KEY_NAME>FIN_BS_DOCUMENT_ID</UI_TEXT_KEY_NAME><UI_TEXT_KEY_VERSION_ID>0000000000</UI_TEXT_KEY_VERSION_ID><UITXT_REDEF_IND/><CONCURRENCY_MODE/><INTERNAL_KEY_LEVEL_CODE/><CONTEXT_PROPERTY_UUID_UUID/><VERSION_ID>0000000000</VERSION_ID><IS_DATE_TYPE/><IS_ETAG_RELEVANT/><BO_NAME>FOPXP_BANKSTAT</BO_NAME><BO_NODE_NAME>ROOT</BO_NODE_NAME><BO_NODE_ELEMENT_PATH>ID-CONTENT</BO_NODE_ELEMENT_PATH><DO_PREFIX/><IS_DWB_PROP/><IS_MULTI_VALUED/><ENCRYPTED_MAX_LENGTH>0</ENCRYPTED_MAX_LENGTH></ODATA_EXTENSION_DEF_PR_001><ODATA_EXTENSION_DEF_PR_001><CLIENT>120</CLIENT><NODE_ID>ABY+X1pBHtmE0gdKSMopdw==</NODE_ID><PARENT_NODE_ID>ABY+dKeCHti83HZb20OI8A==</PARENT_NODE_ID><ROOT_NODE_ID>ABY+dKeCHti83GwXOnQIgA==</ROOT_NODE_ID><MO_NAME/><ORDINAL_NUMBER>17</ORDINAL_NUMBER><NAME>ItemTotalNumberValue</NAME><DATA_TYPE>Int32</DATA_TYPE><IS_COMPLEX/><ABAP_DT_NAME>ITEM_TOTAL_NUM_VAL</ABAP_DT_NAME><BO_PATH>ITEM_TOTAL_NUM_VAL</BO_PATH><COMPLEX_TYPE_UUID/><IS_CODE_TYPE/><IS_CREATABLE/><IS_UPDATABLE/><IS_NULLABLE>X</IS_NULLABLE><IS_FILTERABLE>X</IS_FILTERABLE><HAS_FIXED_LENGTH>X</HAS_FIXED_LENGTH><MAX_LENGTH>10</MAX_LENGTH><PRECISION_VALUE>10</PRECISION_VALUE><SCALE>0</SCALE><DEFAULT_VALUE/><IS_HIDDEN_IN_EDM/><BO_PATH_WITH_FILTER/><IS_ALPHA_CONV_ALLOWED/><IS_LANGU_CODE/><CODELIST_ENTITY_SET_UUID/><IS_EXTENSION_FIELD/><IS_FREE_SEARCH_ENABLED/><IS_TRASIENT/><IS_INTERNAL/><IS_EXTERNAL/><LOCAL_ID_TYPE/><IS_PARENT_EXTERNAL_KEY/><IS_REF_EXTERNAL_KEY/><USE_EXTERNAL_INFO/><REF_EXT_KEY_UUID_KEY/><EXTERNAL_KEY_LEVEL_CODE/><EXCLUDE_FROM_SADL/><SAM_STATUS_VARIABLE_UUID/><UI_TEXT_KEY_NAME>GEN_BYD_013404</UI_TEXT_KEY_NAME><UI_TEXT_KEY_VERSION_ID>0000000000</UI_TEXT_KEY_VERSION_ID><UITXT_REDEF_IND/><CONCURRENCY_MODE/><INTERNAL_KEY_LEVEL_CODE/><CONTEXT_PROPERTY_UUID_UUID/><VERSION_ID>0000000000</VERSION_ID><IS_DATE_TYPE/><IS_ETAG_RELEVANT/><BO_NAME>FOPXP_BANKSTAT</BO_NAME><BO_NODE_NAME>ROOT</BO_NODE_NAME><BO_NODE_ELEMENT_PATH>ITEM_TOTAL_NUM_VAL</BO_NODE_ELEMENT_PATH><DO_PREFIX/><IS_DWB_PROP/><IS_MULTI_VALUED/><ENCRYPTED_MAX_LENGTH>0</ENCRYPTED_MAX_LENGTH></ODATA_EXTENSION_DEF_PR_001><ODATA_EXTENSION_DEF_PR_001><CLIENT>120</CLIENT><NODE_ID>ABY+dKeCHti83HZb20Oo8A==</NODE_ID><PARENT_NODE_ID>ABY+dKeCHti83HZb20OI8A==</PARENT_NODE_ID><ROOT_NODE_ID>ABY+dKeCHti83GwXOnQIgA==</ROOT_NODE_ID><MO_NAME/><ORDINAL_NUMBER>1</ORDINAL_NUMBER><NAME>ObjectID</NAME><DATA_TYPE>String</DATA_TYPE><IS_COMPLEX/><ABAP_DT_NAME>OBJECTID</ABAP_DT_NAME><BO_PATH>NODE_ID</BO_PATH><COMPLEX_TYPE_UUID/><IS_CODE_TYPE/><IS_CREATABLE/><IS_UPDATABLE/><IS_NULLABLE/><IS_FILTERABLE>X</IS_FILTERABLE><HAS_FIXED_LENGTH>X</HAS_FIXED_LENGTH><MAX_LENGTH>70</MAX_LENGTH><PRECISION_VALUE>70</PRECISION_VALUE><SCALE>0</SCALE><DEFAULT_VALUE/><IS_HIDDEN_IN_EDM/><BO_PATH_WITH_FILTER/><IS_ALPHA_CONV_ALLOWED/><IS_LANGU_CODE/><CODELIST_ENTITY_SET_UUID/><IS_EXTENSION_FIELD/><IS_FREE_SEARCH_ENABLED/><IS_TRASIENT/><IS_INTERNAL/><IS_EXTERNAL/><LOCAL_ID_TYPE/><IS_PARENT_EXTERNAL_KEY/><IS_REF_EXTERNAL_KEY/><USE_EXTERNAL_INFO/><REF_EXT_KEY_UUID_KEY/><EXTERNAL_KEY_LEVEL_CODE/><EXCLUDE_FROM_SADL/><SAM_STATUS_VARIABLE_UUID/><UI_TEXT_KEY_NAME>ODATA_SVC_OBJECT_ID</UI_TEXT_KEY_NAME><UI_TEXT_KEY_VERSION_ID>0000000000</UI_TEXT_KEY_VERSION_ID><UITXT_REDEF_IND/><CONCURRENCY_MODE/><INTERNAL_KEY_LEVEL_CODE/><CONTEXT_PROPERTY_UUID_UUID/><VERSION_ID>0000000000</VERSION_ID><IS_DATE_TYPE/><IS_ETAG_RELEVANT/><BO_NAME/><BO_NODE_NAME/><BO_NODE_ELEMENT_PATH/><DO_PREFIX/><IS_DWB_PROP/><IS_MULTI_VALUED/><ENCRYPTED_MAX_LENGTH>0</ENCRYPTED_MAX_LENGTH></ODATA_EXTENSION_DEF_PR_001><ODATA_EXTENSION_DEF_PR_001><CLIENT>120</CLIENT><NODE_ID>ABY+dKeCHti83HhWwZio8A==</NODE_ID><PARENT_NODE_ID>ABY+dKeCHti83HZb20OI8A==</PARENT_NODE_ID><ROOT_NODE_ID>ABY+dKeCHti83GwXOnQIgA==</ROOT_NODE_ID><MO_NAME/><ORDINAL_NUMBER>40</ORDINAL_NUMBER><NAME>OpeningBalanceAmount</NAME><DATA_TYPE>Decimal</DATA_TYPE><IS_COMPLEX/><ABAP_DT_NAME>OPENING_BAL_AMT_CONTENT</ABAP_DT_NAME><BO_PATH>OPENING_BAL_AMT-CONTENT</BO_PATH><COMPLEX_TYPE_UUID/><IS_CODE_TYPE/><IS_CREATABLE/><IS_UPDATABLE/><IS_NULLABLE>X</IS_NULLABLE><IS_FILTERABLE>X</IS_FILTERABLE><HAS_FIXED_LENGTH>X</HAS_FIXED_LENGTH><MAX_LENGTH>28</MAX_LENGTH><PRECISION_VALUE>28</PRECISION_VALUE><SCALE>6</SCALE><DEFAULT_VALUE/><IS_HIDDEN_IN_EDM/><BO_PATH_WITH_FILTER/><IS_ALPHA_CONV_ALLOWED/><IS_LANGU_CODE/><CODELIST_ENTITY_SET_UUID/><IS_EXTENSION_FIELD/><IS_FREE_SEARCH_ENABLED/><IS_TRASIENT/><IS_INTERNAL/><IS_EXTERNAL/><LOCAL_ID_TYPE/><IS_PARENT_EXTERNAL_KEY/><IS_REF_EXTERNAL_KEY/><USE_EXTERNAL_INFO/><REF_EXT_KEY_UUID_KEY/><EXTERNAL_KEY_LEVEL_CODE/><EXCLUDE_FROM_SADL/><SAM_STATUS_VARIABLE_UUID/><UI_TEXT_KEY_NAME>GEN_BYD_008190</UI_TEXT_KEY_NAME><UI_TEXT_KEY_VERSION_ID>0000000000</UI_TEXT_KEY_VERSION_ID><UITXT_REDEF_IND/><CONCURRENCY_MODE/><INTERNAL_KEY_LEVEL_CODE/><CONTEXT_PROPERTY_UUID_UUID/><VERSION_ID>0000000000</VERSION_ID><IS_DATE_TYPE/><IS_ETAG_RELEVANT/><BO_NAME>FOPXP_BANKSTAT</BO_NAME><BO_NODE_NAME>ROOT</BO_NODE_NAME><BO_NODE_ELEMENT_PATH>OPENING_BAL_AMT-CONTENT</BO_NODE_ELEMENT_PATH><DO_PREFIX/><IS_DWB_PROP/><IS_MULTI_VALUED/><ENCRYPTED_MAX_LENGTH>0</ENCRYPTED_MAX_LENGTH></ODATA_EXTENSION_DEF_PR_001><ODATA_EXTENSION_DEF_PR_001><CLIENT>120</CLIENT><NODE_ID>ABY+X1pBHtmE0gbrMx1pdw==</NODE_ID><PARENT_NODE_ID>ABY+dKeCHti83HZb20OI8A==</PARENT_NODE_ID><ROOT_NODE_ID>ABY+dKeCHti83GwXOnQIgA==</ROOT_NODE_ID><MO_NAME/><ORDINAL_NUMBER>56</ORDINAL_NUMBER><NAME>CurrencyCode</NAME><DATA_TYPE>String</DATA_TYPE><IS_COMPLEX/><ABAP_DT_NAME>CURRENCYCODE1</ABAP_DT_NAME><BO_PATH>OPENING_BAL_AMT-CURRENCY_CODE</BO_PATH><COMPLEX_TYPE_UUID/><IS_CODE_TYPE>X</IS_CODE_TYPE><IS_CREATABLE/><IS_UPDATABLE/><IS_NULLABLE>X</IS_NULLABLE><IS_FILTERABLE>X</IS_FILTERABLE><HAS_FIXED_LENGTH>X</HAS_FIXED_LENGTH><MAX_LENGTH>3</MAX_LENGTH><PRECISION_VALUE>3</PRECISION_VALUE><SCALE>0</SCALE><DEFAULT_VALUE/><IS_HIDDEN_IN_EDM/><BO_PATH_WITH_FILTER/><IS_ALPHA_CONV_ALLOWED/><IS_LANGU_CODE/><CODELIST_ENTITY_SET_UUID>ABY+X1pBHtmE0gbrMx2pdw==</CODELIST_ENTITY_SET_UUID><IS_EXTENSION_FIELD/><IS_FREE_SEARCH_ENABLED/><IS_TRASIENT/><IS_INTERNAL/><IS_EXTERNAL/><LOCAL_ID_TYPE/><IS_PARENT_EXTERNAL_KEY/><IS_REF_EXTERNAL_KEY/><USE_EXTERNAL_INFO/><REF_EXT_KEY_UUID_KEY/><EXTERNAL_KEY_LEVEL_CODE/><EXCLUDE_FROM_SADL/><SAM_STATUS_VARIABLE_UUID/><UI_TEXT_KEY_NAME/><UI_TEXT_KEY_VERSION_ID>0000000000</UI_TEXT_KEY_VERSION_ID><UITXT_REDEF_IND/><CONCURRENCY_MODE/><INTERNAL_KEY_LEVEL_CODE/><CONTEXT_PROPERTY_UUID_UUID/><VERSION_ID>0000000000</VERSION_ID><IS_DATE_TYPE/><IS_ETAG_RELEVANT/><BO_NAME>FOPXP_BANKSTAT</BO_NAME><BO_NODE_NAME>ROOT</BO_NODE_NAME><BO_NODE_ELEMENT_PATH>OPENING_BAL_AMT-CURRENCY_CODE</BO_NODE_ELEMENT_PATH><DO_PREFIX/><IS_DWB_PROP/><IS_MULTI_VALUED/><ENCRYPTED_MAX_LENGTH>0</ENCRYPTED_MAX_LENGTH></ODATA_EXTENSION_DEF_PR_001><ODATA_EXTENSION_DEF_PR_001><CLIENT>120</CLIENT><NODE_ID>ABY+dKeCHti83HiozPwo8A==</NODE_ID><PARENT_NODE_ID>ABY+dKeCHti83HZb20OI8A==</PARENT_NODE_ID><ROOT_NODE_ID>ABY+dKeCHti83GwXOnQIgA==</ROOT_NODE_ID><MO_NAME/><ORDINAL_NUMBER>18</ORDINAL_NUMBER><NAME>OverallPostprocessingCode</NAME><DATA_TYPE>String</DATA_TYPE><IS_COMPLEX/><ABAP_DT_NAME>OVERALL_POSTPROCESSING_C</ABAP_DT_NAME><BO_PATH>OVERALL_POSTPROCESSING_C</BO_PATH><COMPLEX_TYPE_UUID/><IS_CODE_TYPE>X</IS_CODE_TYPE><IS_CREATABLE/><IS_UPDATABLE/><IS_NULLABLE>X</IS_NULLABLE><IS_FILTERABLE>X</IS_FILTERABLE><HAS_FIXED_LENGTH>X</HAS_FIXED_LENGTH><MAX_LENGTH>2</MAX_LENGTH><PRECISION_VALUE>2</PRECISION_VALUE><SCALE>0</SCALE><DEFAULT_VALUE/><IS_HIDDEN_IN_EDM/><BO_PATH_WITH_FILTER/><IS_ALPHA_CONV_ALLOWED/><IS_LANGU_CODE/><CODELIST_ENTITY_SET_UUID>ABY+dKeCHti83HiozPxo8A==</CODELIST_ENTITY_SET_UUID><IS_EXTENSION_FIELD/><IS_FREE_SEARCH_ENABLED/><IS_TRASIENT/><IS_INTERNAL/><IS_EXTERNAL/><LOCAL_ID_TYPE/><IS_PARENT_EXTERNAL_KEY/><IS_REF_EXTERNAL_KEY/><USE_EXTERNAL_INFO/><REF_EXT_KEY_UUID_KEY/><EXTERNAL_KEY_LEVEL_CODE/><EXCLUDE_FROM_SADL/><SAM_STATUS_VARIABLE_UUID/><UI_TEXT_KEY_NAME/><UI_TEXT_KEY_VERSION_ID>0000000000</UI_TEXT_KEY_VERSION_ID><UITXT_REDEF_IND/><CONCURRENCY_MODE/><INTERNAL_KEY_LEVEL_CODE/><CONTEXT_PROPERTY_UUID_UUID/><VERSION_ID>0000000000</VERSION_ID><IS_DATE_TYPE/><IS_ETAG_RELEVANT/><BO_NAME>FOPXP_BANKSTAT</BO_NAME><BO_NODE_NAME>ROOT</BO_NODE_NAME><BO_NODE_ELEMENT_PATH>OVERALL_POSTPROCESSING_C</BO_NODE_ELEMENT_PATH><DO_PREFIX/><IS_DWB_PROP/><IS_MULTI_VALUED/><ENCRYPTED_MAX_LENGTH>0</ENCRYPTED_MAX_LENGTH></ODATA_EXTENSION_DEF_PR_001><ODATA_EXTENSION_DEF_PR_001><CLIENT>120</CLIENT><NODE_ID>ABY+dKeCHti83HltcTWo8A==</NODE_ID><PARENT_NODE_ID>ABY+dKeCHti83HZb20OI8A==</PARENT_NODE_ID><ROOT_NODE_ID>ABY+dKeCHti83GwXOnQIgA==</ROOT_NODE_ID><MO_NAME/><ORDINAL_NUMBER>16</ORDINAL_NUMBER><NAME>LifeCycleStatusCode</NAME><DATA_TYPE>String</DATA_TYPE><IS_COMPLEX/><ABAP_DT_NAME>STATUS_LC_STAT_C</ABAP_DT_NAME><BO_PATH>STATUS-LC_STAT_C</BO_PATH><COMPLEX_TYPE_UUID/><IS_CODE_TYPE>X</IS_CODE_TYPE><IS_CREATABLE>X</IS_CREATABLE><IS_UPDATABLE>X</IS_UPDATABLE><IS_NULLABLE>X</IS_NULLABLE><IS_FILTERABLE>X</IS_FILTERABLE><HAS_FIXED_LENGTH>X</HAS_FIXED_LENGTH><MAX_LENGTH>2</MAX_LENGTH><PRECISION_VALUE>2</PRECISION_VALUE><SCALE>0</SCALE><DEFAULT_VALUE/><IS_HIDDEN_IN_EDM/><BO_PATH_WITH_FILTER/><IS_ALPHA_CONV_ALLOWED/><IS_LANGU_CODE/><CODELIST_ENTITY_SET_UUID>ABY+dKeCHti83HltcTXo8A==</CODELIST_ENTITY_SET_UUID><IS_EXTENSION_FIELD/><IS_FREE_SEARCH_ENABLED>X</IS_FREE_SEARCH_ENABLED><IS_TRASIENT/><IS_INTERNAL/><IS_EXTERNAL/><LOCAL_ID_TYPE/><IS_PARENT_EXTERNAL_KEY/><IS_REF_EXTERNAL_KEY/><USE_EXTERNAL_INFO/><REF_EXT_KEY_UUID_KEY/><EXTERNAL_KEY_LEVEL_CODE/><EXCLUDE_FROM_SADL/><SAM_STATUS_VARIABLE_UUID>ABY+AQOOAt2Qt8NT4UhQqA==</SAM_STATUS_VARIABLE_UUID><UI_TEXT_KEY_NAME>GEN_BYD_011518</UI_TEXT_KEY_NAME><UI_TEXT_KEY_VERSION_ID>0000000000</UI_TEXT_KEY_VERSION_ID><UITXT_REDEF_IND/><CONCURRENCY_MODE/><INTERNAL_KEY_LEVEL_CODE/><CONTEXT_PROPERTY_UUID_UUID/><VERSION_ID>0000000000</VERSION_ID><IS_DATE_TYPE/><IS_ETAG_RELEVANT/><BO_NAME>FOPXP_BANKSTAT</BO_NAME><BO_NODE_NAME>ROOT</BO_NODE_NAME><BO_NODE_ELEMENT_PATH>STATUS-LC_STAT_C</BO_NODE_ELEMENT_PATH><DO_PREFIX/><IS_DWB_PROP/><IS_MULTI_VALUED/><ENCRYPTED_MAX_LENGTH>0</ENCRYPTED_MAX_LENGTH></ODATA_EXTENSION_DEF_PR_001><ODATA_EXTENSION_DEF_PR_001><CLIENT>120</CLIENT><NODE_ID>ABY+dKeCHti83HkSH/uo8A==</NODE_ID><PARENT_NODE_ID>ABY+dKeCHti83HZb20OI8A==</PARENT_NODE_ID><ROOT_NODE_ID>ABY+dKeCHti83GwXOnQIgA==</ROOT_NODE_ID><MO_NAME/><ORDINAL_NUMBER>14</ORDINAL_NUMBER><NAME>ValidityYear</NAME><DATA_TYPE>String</DATA_TYPE><IS_COMPLEX/><ABAP_DT_NAME>VALIDITY_YEAR</ABAP_DT_NAME><BO_PATH>VALIDITY_YEAR</BO_PATH><COMPLEX_TYPE_UUID/><IS_CODE_TYPE/><IS_CREATABLE/><IS_UPDATABLE/><IS_NULLABLE>X</IS_NULLABLE><IS_FILTERABLE>X</IS_FILTERABLE><HAS_FIXED_LENGTH>X</HAS_FIXED_LENGTH><MAX_LENGTH>4</MAX_LENGTH><PRECISION_VALUE>4</PRECISION_VALUE><SCALE>0</SCALE><DEFAULT_VALUE/><IS_HIDDEN_IN_EDM/><BO_PATH_WITH_FILTER/><IS_ALPHA_CONV_ALLOWED/><IS_LANGU_CODE/><CODELIST_ENTITY_SET_UUID/><IS_EXTENSION_FIELD/><IS_FREE_SEARCH_ENABLED>X</IS_FREE_SEARCH_ENABLED><IS_TRASIENT/><IS_INTERNAL/><IS_EXTERNAL/><LOCAL_ID_TYPE/><IS_PARENT_EXTERNAL_KEY/><IS_REF_EXTERNAL_KEY/><USE_EXTERNAL_INFO/><REF_EXT_KEY_UUID_KEY/><EXTERNAL_KEY_LEVEL_CODE/><EXCLUDE_FROM_SADL/><SAM_STATUS_VARIABLE_UUID/><UI_TEXT_KEY_NAME>FIN_BS_VALIDITY_YEAR</UI_TEXT_KEY_NAME><UI_TEXT_KEY_VERSION_ID>0000000000</UI_TEXT_KEY_VERSION_ID><UITXT_REDEF_IND/><CONCURRENCY_MODE/><INTERNAL_KEY_LEVEL_CODE/><CONTEXT_PROPERTY_UUID_UUID/><VERSION_ID>0000000000</VERSION_ID><IS_DATE_TYPE/><IS_ETAG_RELEVANT/><BO_NAME>FOPXP_BANKSTAT</BO_NAME><BO_NODE_NAME>ROOT</BO_NODE_NAME><BO_NODE_ELEMENT_PATH>VALIDITY_YEAR</BO_NODE_ELEMENT_PATH><DO_PREFIX/><IS_DWB_PROP/><IS_MULTI_VALUED/><ENCRYPTED_MAX_LENGTH>0</ENCRYPTED_MAX_LENGTH></ODATA_EXTENSION_DEF_PR_001><ODATA_EXTENSION_DEF_PR_001><CLIENT>120</CLIENT><NODE_ID>ABY+X1pBHtmE0ibF0hEp3w==</NODE_ID><PARENT_NODE_ID>ABY+dKeCHti83HZb20OI8A==</PARENT_NODE_ID><ROOT_NODE_ID>ABY+dKeCHti83GwXOnQIgA==</ROOT_NODE_ID><MO_NAME/><ORDINAL_NUMBER>31</ORDINAL_NUMBER><NAME>BankAccountStandardID</NAME><DATA_TYPE>String</DATA_TYPE><IS_COMPLEX/><ABAP_DT_NAME>BANK_ACCT_STD_ID</ABAP_DT_NAME><BO_PATH>ass:HBA/BANK_ACCT_STD_ID</BO_PATH><COMPLEX_TYPE_UUID/><IS_CODE_TYPE/><IS_CREATABLE/><IS_UPDATABLE/><IS_NULLABLE>X</IS_NULLABLE><IS_FILTERABLE>X</IS_FILTERABLE><HAS_FIXED_LENGTH>X</HAS_FIXED_LENGTH><MAX_LENGTH>34</MAX_LENGTH><PRECISION_VALUE>34</PRECISION_VALUE><SCALE>0</SCALE><DEFAULT_VALUE/><IS_HIDDEN_IN_EDM/><BO_PATH_WITH_FILTER/><IS_ALPHA_CONV_ALLOWED/><IS_LANGU_CODE/><CODELIST_ENTITY_SET_UUID/><IS_EXTENSION_FIELD/><IS_FREE_SEARCH_ENABLED/><IS_TRASIENT/><IS_INTERNAL/><IS_EXTERNAL/><LOCAL_ID_TYPE/><IS_PARENT_EXTERNAL_KEY/><IS_REF_EXTERNAL_KEY/><USE_EXTERNAL_INFO/><REF_EXT_KEY_UUID_KEY/><EXTERNAL_KEY_LEVEL_CODE/><EXCLUDE_FROM_SADL/><SAM_STATUS_VARIABLE_UUID/><UI_TEXT_KEY_NAME/><UI_TEXT_KEY_VERSION_ID>0000000000</UI_TEXT_KEY_VERSION_ID><UITXT_REDEF_IND/><CONCURRENCY_MODE/><INTERNAL_KEY_LEVEL_CODE/><CONTEXT_PROPERTY_UUID_UUID/><VERSION_ID>0000000000</VERSION_ID><IS_DATE_TYPE/><IS_ETAG_RELEVANT/><BO_NAME>FOPXP_HBA</BO_NAME><BO_NODE_NAME>ROOT</BO_NODE_NAME><BO_NODE_ELEMENT_PATH>BANK_ACCT_STD_ID</BO_NODE_ELEMENT_PATH><DO_PREFIX/><IS_DWB_PROP/><IS_MULTI_VALUED/><ENCRYPTED_MAX_LENGTH>0</ENCRYPTED_MAX_LENGTH></ODATA_EXTENSION_DEF_PR_001><ODATA_EXTENSION_DEF_PR_001><CLIENT>120</CLIENT><NODE_ID>ABY+X1pBHtmE0ib5LmOp3w==</NODE_ID><PARENT_NODE_ID>ABY+dKeCHti83HZb20OI8A==</PARENT_NODE_ID><ROOT_NODE_ID>ABY+dKeCHti83GwXOnQIgA==</ROOT_NODE_ID><MO_NAME/><ORDINAL_NUMBER>32</ORDINAL_NUMBER><NAME>BankAccountTypeCode</NAME><DATA_TYPE>String</DATA_TYPE><IS_COMPLEX/><ABAP_DT_NAME>BANK_ACCT_TC</ABAP_DT_NAME><BO_PATH>ass:HBA/BANK_ACCT_TC</BO_PATH><COMPLEX_TYPE_UUID/><IS_CODE_TYPE>X</IS_CODE_TYPE><IS_CREATABLE/><IS_UPDATABLE/><IS_NULLABLE>X</IS_NULLABLE><IS_FILTERABLE>X</IS_FILTERABLE><HAS_FIXED_LENGTH>X</HAS_FIXED_LENGTH><MAX_LENGTH>3</MAX_LENGTH><PRECISION_VALUE>3</PRECISION_VALUE><SCALE>0</SCALE><DEFAULT_VALUE/><IS_HIDDEN_IN_EDM/><BO_PATH_WITH_FILTER/><IS_ALPHA_CONV_ALLOWED/><IS_LANGU_CODE/><CODELIST_ENTITY_SET_UUID>ABY+X1pBHtmE0ib5LmPp3w==</CODELIST_ENTITY_SET_UUID><IS_EXTENSION_FIELD/><IS_FREE_SEARCH_ENABLED/><IS_TRASIENT/><IS_INTERNAL/><IS_EXTERNAL/><LOCAL_ID_TYPE/><IS_PARENT_EXTERNAL_KEY/><IS_REF_EXTERNAL_KEY/><USE_EXTERNAL_INFO/><REF_EXT_KEY_UUID_KEY/><EXTERNAL_KEY_LEVEL_CODE/><EXCLUDE_FROM_SADL/><SAM_STATUS_VARIABLE_UUID/><UI_TEXT_KEY_NAME/><UI_TEXT_KEY_VERSION_ID>0000000000</UI_TEXT_KEY_VERSION_ID><UITXT_REDEF_IND/><CONCURRENCY_MODE/><INTERNAL_KEY_LEVEL_CODE/><CONTEXT_PROPERTY_UUID_UUID/><VERSION_ID>0000000000</VERSION_ID><IS_DATE_TYPE/><IS_ETAG_RELEVANT/><BO_NAME>FOPXP_HBA</BO_NAME><BO_NODE_NAME>ROOT</BO_NODE_NAME><BO_NODE_ELEMENT_PATH>BANK_ACCT_TC</BO_NODE_ELEMENT_PATH><DO_PREFIX/><IS_DWB_PROP/><IS_MULTI_VALUED/><ENCRYPTED_MAX_LENGTH>0</ENCRYPTED_MAX_LENGTH></ODATA_EXTENSION_DEF_PR_001><ODATA_EXTENSION_DEF_PR_001><CLIENT>120</CLIENT><NODE_ID>ABY+X1pBHtmE0icZDiKp3w==</NODE_ID><PARENT_NODE_ID>ABY+dKeCHti83HZb20OI8A==</PARENT_NODE_ID><ROOT_NODE_ID>ABY+dKeCHti83GwXOnQIgA==</ROOT_NODE_ID><MO_NAME/><ORDINAL_NUMBER>21</ORDINAL_NUMBER><NAME>HouseBankID</NAME><DATA_TYPE>String</DATA_TYPE><IS_COMPLEX/><ABAP_DT_NAME>COMPANY_HOUSE_BANK_ID</ABAP_DT_NAME><BO_PATH>ass:HBA/COMPANY_HOUSE_BANK_ID</BO_PATH><COMPLEX_TYPE_UUID/><IS_CODE_TYPE/><IS_CREATABLE/><IS_UPDATABLE/><IS_NULLABLE>X</IS_NULLABLE><IS_FILTERABLE>X</IS_FILTERABLE><HAS_FIXED_LENGTH>X</HAS_FIXED_LENGTH><MAX_LENGTH>60</MAX_LENGTH><PRECISION_VALUE>60</PRECISION_VALUE><SCALE>0</SCALE><DEFAULT_VALUE/><IS_HIDDEN_IN_EDM/><BO_PATH_WITH_FILTER/><IS_ALPHA_CONV_ALLOWED/><IS_LANGU_CODE/><CODELIST_ENTITY_SET_UUID/><IS_EXTENSION_FIELD/><IS_FREE_SEARCH_ENABLED/><IS_TRASIENT/><IS_INTERNAL/><IS_EXTERNAL/><LOCAL_ID_TYPE/><IS_PARENT_EXTERNAL_KEY/><IS_REF_EXTERNAL_KEY/><USE_EXTERNAL_INFO/><REF_EXT_KEY_UUID_KEY/><EXTERNAL_KEY_LEVEL_CODE/><EXCLUDE_FROM_SADL/><SAM_STATUS_VARIABLE_UUID/><UI_TEXT_KEY_NAME/><UI_TEXT_KEY_VERSION_ID>0000000000</UI_TEXT_KEY_VERSION_ID><UITXT_REDEF_IND/><CONCURRENCY_MODE/><INTERNAL_KEY_LEVEL_CODE/><CONTEXT_PROPERTY_UUID_UUID/><VERSION_ID>0000000000</VERSION_ID><IS_DATE_TYPE/><IS_ETAG_RELEVANT/><BO_NAME>FOPXP_HBA</BO_NAME><BO_NODE_NAME>ROOT</BO_NODE_NAME><BO_NODE_ELEMENT_PATH>COMPANY_HOUSE_BANK_ID</BO_NODE_ELEMENT_PATH><DO_PREFIX/><IS_DWB_PROP/><IS_MULTI_VALUED/><ENCRYPTED_MAX_LENGTH>0</ENCRYPTED_MAX_LENGTH></ODATA_EXTENSION_DEF_PR_001><ODATA_EXTENSION_DEF_PR_001><CLIENT>120</CLIENT><NODE_ID>ABY+X1pBHtmE0idWiqVp3w==</NODE_ID><PARENT_NODE_ID>ABY+dKeCHti83HZb20OI8A==</PARENT_NODE_ID><ROOT_NODE_ID>ABY+dKeCHti83GwXOnQIgA==</ROOT_NODE_ID><MO_NAME/><ORDINAL_NUMBER>20</ORDINAL_NUMBER><NAME>BankAccountInternalID</NAME><DATA_TYPE>String</DATA_TYPE><IS_COMPLEX/><ABAP_DT_NAME>INTERNAL_ID_CONTENT</ABAP_DT_NAME><BO_PATH>ass:HBA/INTERNAL_ID-CONTENT</BO_PATH><COMPLEX_TYPE_UUID/><IS_CODE_TYPE/><IS_CREATABLE/><IS_UPDATABLE/><IS_NULLABLE>X</IS_NULLABLE><IS_FILTERABLE>X</IS_FILTERABLE><HAS_FIXED_LENGTH>X</HAS_FIXED_LENGTH><MAX_LENGTH>32</MAX_LENGTH><PRECISION_VALUE>32</PRECISION_VALUE><SCALE>0</SCALE><DEFAULT_VALUE/><IS_HIDDEN_IN_EDM/><BO_PATH_WITH_FILTER/><IS_ALPHA_CONV_ALLOWED>X</IS_ALPHA_CONV_ALLOWED><IS_LANGU_CODE/><CODELIST_ENTITY_SET_UUID/><IS_EXTENSION_FIELD/><IS_FREE_SEARCH_ENABLED/><IS_TRASIENT/><IS_INTERNAL/><IS_EXTERNAL/><LOCAL_ID_TYPE/><IS_PARENT_EXTERNAL_KEY/><IS_REF_EXTERNAL_KEY/><USE_EXTERNAL_INFO/><REF_EXT_KEY_UUID_KEY/><EXTERNAL_KEY_LEVEL_CODE/><EXCLUDE_FROM_SADL/><SAM_STATUS_VARIABLE_UUID/><UI_TEXT_KEY_NAME/><UI_TEXT_KEY_VERSION_ID>0000000000</UI_TEXT_KEY_VERSION_ID><UITXT_REDEF_IND/><CONCURRENCY_MODE/><INTERNAL_KEY_LEVEL_CODE/><CONTEXT_PROPERTY_UUID_UUID/><VERSION_ID>0000000000</VERSION_ID><IS_DATE_TYPE/><IS_ETAG_RELEVANT/><BO_NAME>FOPXP_HBA</BO_NAME><BO_NODE_NAME>ROOT</BO_NODE_NAME><BO_NODE_ELEMENT_PATH>INTERNAL_ID-CONTENT</BO_NODE_ELEMENT_PATH><DO_PREFIX/><IS_DWB_PROP/><IS_MULTI_VALUED/><ENCRYPTED_MAX_LENGTH>0</ENCRYPTED_MAX_LENGTH></ODATA_EXTENSION_DEF_PR_001><ODATA_EXTENSION_DEF_PR_001><CLIENT>120</CLIENT><NODE_ID>ABY+X1pBHtmE0iZYqPmJ3w==</NODE_ID><PARENT_NODE_ID>ABY+dKeCHti83HZb20OI8A==</PARENT_NODE_ID><ROOT_NODE_ID>ABY+dKeCHti83GwXOnQIgA==</ROOT_NODE_ID><MO_NAME/><ORDINAL_NUMBER>0</ORDINAL_NUMBER><NAME>FOPXP_HBA;ROOT;OBJECTID1</NAME><DATA_TYPE>String</DATA_TYPE><IS_COMPLEX/><ABAP_DT_NAME>OBJECTID1</ABAP_DT_NAME><BO_PATH>ass:HBA/NODE_ID</BO_PATH><COMPLEX_TYPE_UUID/><IS_CODE_TYPE/><IS_CREATABLE/><IS_UPDATABLE/><IS_NULLABLE>X</IS_NULLABLE><IS_FILTERABLE>X</IS_FILTERABLE><HAS_FIXED_LENGTH>X</HAS_FIXED_LENGTH><MAX_LENGTH>70</MAX_LENGTH><PRECISION_VALUE>70</PRECISION_VALUE><SCALE>0</SCALE><DEFAULT_VALUE/><IS_HIDDEN_IN_EDM>X</IS_HIDDEN_IN_EDM><BO_PATH_WITH_FILTER/><IS_ALPHA_CONV_ALLOWED/><IS_LANGU_CODE/><CODELIST_ENTITY_SET_UUID/><IS_EXTENSION_FIELD/><IS_FREE_SEARCH_ENABLED/><IS_TRASIENT/><IS_INTERNAL/><IS_EXTERNAL/><LOCAL_ID_TYPE/><IS_PARENT_EXTERNAL_KEY/><IS_REF_EXTERNAL_KEY/><USE_EXTERNAL_INFO/><REF_EXT_KEY_UUID_KEY/><EXTERNAL_KEY_LEVEL_CODE/><EXCLUDE_FROM_SADL/><SAM_STATUS_VARIABLE_UUID/><UI_TEXT_KEY_NAME/><UI_TEXT_KEY_VERSION_ID>0000000000</UI_TEXT_KEY_VERSION_ID><UITXT_REDEF_IND/><CONCURRENCY_MODE/><INTERNAL_KEY_LEVEL_CODE/><CONTEXT_PROPERTY_UUID_UUID/><VERSION_ID>0000000000</VERSION_ID><IS_DATE_TYPE/><IS_ETAG_RELEVANT/><BO_NAME>FOPXP_HBA</BO_NAME><BO_NODE_NAME>ROOT</BO_NODE_NAME><BO_NODE_ELEMENT_PATH>NODE_ID</BO_NODE_ELEMENT_PATH><DO_PREFIX/><IS_DWB_PROP/><IS_MULTI_VALUED/><ENCRYPTED_MAX_LENGTH>0</ENCRYPTED_MAX_LENGTH></ODATA_EXTENSION_DEF_PR_001><ODATA_EXTENSION_DEF_PR_001><CLIENT>120</CLIENT><NODE_ID>ABY+X1pBHtmE0ijpta7p4A==</NODE_ID><PARENT_NODE_ID>ABY+dKeCHti83HZb20OI8A==</PARENT_NODE_ID><ROOT_NODE_ID>ABY+dKeCHti83GwXOnQIgA==</ROOT_NODE_ID><MO_NAME/><ORDINAL_NUMBER>24</ORDINAL_NUMBER><NAME>BankAccountDescription</NAME><DATA_TYPE>String</DATA_TYPE><IS_COMPLEX/><ABAP_DT_NAME>DESCRIPTION_CONTENT</ABAP_DT_NAME><BO_PATH>ass:HBA/ass:DESCRIPTION/DESCRIPTION-CONTENT</BO_PATH><COMPLEX_TYPE_UUID/><IS_CODE_TYPE/><IS_CREATABLE/><IS_UPDATABLE/><IS_NULLABLE>X</IS_NULLABLE><IS_FILTERABLE>X</IS_FILTERABLE><HAS_FIXED_LENGTH>X</HAS_FIXED_LENGTH><MAX_LENGTH>40</MAX_LENGTH><PRECISION_VALUE>40</PRECISION_VALUE><SCALE>0</SCALE><DEFAULT_VALUE/><IS_HIDDEN_IN_EDM/><BO_PATH_WITH_FILTER>ass:HBA/ass:DESCRIPTION[LANGUAGE_CODE = SY-LANGU]/DESCRIPTION-CONTENT</BO_PATH_WITH_FILTER><IS_ALPHA_CONV_ALLOWED/><IS_LANGU_CODE/><CODELIST_ENTITY_SET_UUID/><IS_EXTENSION_FIELD/><IS_FREE_SEARCH_ENABLED/><IS_TRASIENT/><IS_INTERNAL/><IS_EXTERNAL/><LOCAL_ID_TYPE/><IS_PARENT_EXTERNAL_KEY/><IS_REF_EXTERNAL_KEY/><USE_EXTERNAL_INFO/><REF_EXT_KEY_UUID_KEY/><EXTERNAL_KEY_LEVEL_CODE/><EXCLUDE_FROM_SADL/><SAM_STATUS_VARIABLE_UUID/><UI_TEXT_KEY_NAME/><UI_TEXT_KEY_VERSION_ID>0000000000</UI_TEXT_KEY_VERSION_ID><UITXT_REDEF_IND/><CONCURRENCY_MODE/><INTERNAL_KEY_LEVEL_CODE/><CONTEXT_PROPERTY_UUID_UUID/><VERSION_ID>0000000000</VERSION_ID><IS_DATE_TYPE/><IS_ETAG_RELEVANT/><BO_NAME>FOPXP_HBA</BO_NAME><BO_NODE_NAME>DESCRIPTION</BO_NODE_NAME><BO_NODE_ELEMENT_PATH>DESCRIPTION-CONTENT</BO_NODE_ELEMENT_PATH><DO_PREFIX/><IS_DWB_PROP/><IS_MULTI_VALUED/><ENCRYPTED_MAX_LENGTH>0</ENCRYPTED_MAX_LENGTH></ODATA_EXTENSION_DEF_PR_001><ODATA_EXTENSION_DEF_PR_001><CLIENT>120</CLIENT><NODE_ID>ABY+X1pBHtmE0iku+MMp4A==</NODE_ID><PARENT_NODE_ID>ABY+dKeCHti83HZb20OI8A==</PARENT_NODE_ID><ROOT_NODE_ID>ABY+dKeCHti83GwXOnQIgA==</ROOT_NODE_ID><MO_NAME/><ORDINAL_NUMBER>25</ORDINAL_NUMBER><NAME>BankAccountDescriptionLanguageCode</NAME><DATA_TYPE>String</DATA_TYPE><IS_COMPLEX/><ABAP_DT_NAME>DESCRIPTION_LANGUAGE_CODE</ABAP_DT_NAME><BO_PATH>ass:HBA/ass:DESCRIPTION/DESCRIPTION-LANGUAGE_CODE</BO_PATH><COMPLEX_TYPE_UUID/><IS_CODE_TYPE>X</IS_CODE_TYPE><IS_CREATABLE/><IS_UPDATABLE/><IS_NULLABLE>X</IS_NULLABLE><IS_FILTERABLE>X</IS_FILTERABLE><HAS_FIXED_LENGTH>X</HAS_FIXED_LENGTH><MAX_LENGTH>2</MAX_LENGTH><PRECISION_VALUE>1</PRECISION_VALUE><SCALE>0</SCALE><DEFAULT_VALUE/><IS_HIDDEN_IN_EDM/><BO_PATH_WITH_FILTER>ass:HBA/ass:DESCRIPTION[LANGUAGE_CODE = SY-LANGU]/DESCRIPTION-LANGUAGE_CODE</BO_PATH_WITH_FILTER><IS_ALPHA_CONV_ALLOWED/><IS_LANGU_CODE>X</IS_LANGU_CODE><CODELIST_ENTITY_SET_UUID>ABY+X1pBHtmE0iku+MNp4A==</CODELIST_ENTITY_SET_UUID><IS_EXTENSION_FIELD/><IS_FREE_SEARCH_ENABLED/><IS_TRASIENT/><IS_INTERNAL/><IS_EXTERNAL/><LOCAL_ID_TYPE/><IS_PARENT_EXTERNAL_KEY/><IS_REF_EXTERNAL_KEY/><USE_EXTERNAL_INFO/><REF_EXT_KEY_UUID_KEY/><EXTERNAL_KEY_LEVEL_CODE/><EXCLUDE_FROM_SADL/><SAM_STATUS_VARIABLE_UUID/><UI_TEXT_KEY_NAME/><UI_TEXT_KEY_VERSION_ID>0000000000</UI_TEXT_KEY_VERSION_ID><UITXT_REDEF_IND/><CONCURRENCY_MODE/><INTERNAL_KEY_LEVEL_CODE/><CONTEXT_PROPERTY_UUID_UUID/><VERSION_ID>0000000000</VERSION_ID><IS_DATE_TYPE/><IS_ETAG_RELEVANT/><BO_NAME>FOPXP_HBA</BO_NAME><BO_NODE_NAME>DESCRIPTION</BO_NODE_NAME><BO_NODE_ELEMENT_PATH>DESCRIPTION-LANGUAGE_CODE</BO_NODE_ELEMENT_PATH><DO_PREFIX/><IS_DWB_PROP/><IS_MULTI_VALUED/><ENCRYPTED_MAX_LENGTH>0</ENCRYPTED_MAX_LENGTH></ODATA_EXTENSION_DEF_PR_001><ODATA_EXTENSION_DEF_PR_001><CLIENT>120</CLIENT><NODE_ID>ABY+X1pBHtmE0iiM6WwJ4A==</NODE_ID><PARENT_NODE_ID>ABY+dKeCHti83HZb20OI8A==</PARENT_NODE_ID><ROOT_NODE_ID>ABY+dKeCHti83GwXOnQIgA==</ROOT_NODE_ID><MO_NAME/><ORDINAL_NUMBER>0</ORDINAL_NUMBER><NAME>FOPXP_HBA;DESCRIPTION;OBJECTID2</NAME><DATA_TYPE>String</DATA_TYPE><IS_COMPLEX/><ABAP_DT_NAME>OBJECTID2</ABAP_DT_NAME><BO_PATH>ass:HBA/ass:DESCRIPTION/NODE_ID</BO_PATH><COMPLEX_TYPE_UUID/><IS_CODE_TYPE/><IS_CREATABLE/><IS_UPDATABLE/><IS_NULLABLE>X</IS_NULLABLE><IS_FILTERABLE>X</IS_FILTERABLE><HAS_FIXED_LENGTH>X</HAS_FIXED_LENGTH><MAX_LENGTH>70</MAX_LENGTH><PRECISION_VALUE>70</PRECISION_VALUE><SCALE>0</SCALE><DEFAULT_VALUE/><IS_HIDDEN_IN_EDM>X</IS_HIDDEN_IN_EDM><BO_PATH_WITH_FILTER>ass:HBA/ass:DESCRIPTION[LANGUAGE_CODE = SY-LANGU]/NODE_ID</BO_PATH_WITH_FILTER><IS_ALPHA_CONV_ALLOWED/><IS_LANGU_CODE/><CODELIST_ENTITY_SET_UUID/><IS_EXTENSION_FIELD/><IS_FREE_SEARCH_ENABLED/><IS_TRASIENT/><IS_INTERNAL/><IS_EXTERNAL/><LOCAL_ID_TYPE/><IS_PARENT_EXTERNAL_KEY/><IS_REF_EXTERNAL_KEY/><USE_EXTERNAL_INFO/><REF_EXT_KEY_UUID_KEY/><EXTERNAL_KEY_LEVEL_CODE/><EXCLUDE_FROM_SADL/><SAM_STATUS_VARIABLE_UUID/><UI_TEXT_KEY_NAME/><UI_TEXT_KEY_VERSION_ID>0000000000</UI_TEXT_KEY_VERSION_ID><UITXT_REDEF_IND/><CONCURRENCY_MODE/><INTERNAL_KEY_LEVEL_CODE/><CONTEXT_PROPERTY_UUID_UUID/><VERSION_ID>0000000000</VERSION_ID><IS_DATE_TYPE/><IS_ETAG_RELEVANT/><BO_NAME>FOPXP_HBA</BO_NAME><BO_NODE_NAME>DESCRIPTION</BO_NODE_NAME><BO_NODE_ELEMENT_PATH>NODE_ID</BO_NODE_ELEMENT_PATH><DO_PREFIX/><IS_DWB_PROP/><IS_MULTI_VALUED/><ENCRYPTED_MAX_LENGTH>0</ENCRYPTED_MAX_LENGTH></ODATA_EXTENSION_DEF_PR_001><ODATA_EXTENSION_DEF_PR_001><CLIENT>120</CLIENT><NODE_ID>ABY+X1pBHtmE0iuXJV5J4A==</NODE_ID><PARENT_NODE_ID>ABY+dKeCHti83HZb20OI8A==</PARENT_NODE_ID><ROOT_NODE_ID>ABY+dKeCHti83GwXOnQIgA==</ROOT_NODE_ID><MO_NAME/><ORDINAL_NUMBER>22</ORDINAL_NUMBER><NAME>HouseBankFormattedName</NAME><DATA_TYPE>String</DATA_TYPE><IS_COMPLEX/><ABAP_DT_NAME>FORMATTED_NAME</ABAP_DT_NAME><BO_PATH>ass:HBA/ass:HOUSE_BANK/ass:CURRENT_COMMON/FORMATTED_NAME</BO_PATH><COMPLEX_TYPE_UUID/><IS_CODE_TYPE/><IS_CREATABLE/><IS_UPDATABLE/><IS_NULLABLE>X</IS_NULLABLE><IS_FILTERABLE>X</IS_FILTERABLE><HAS_FIXED_LENGTH>X</HAS_FIXED_LENGTH><MAX_LENGTH>80</MAX_LENGTH><PRECISION_VALUE>80</PRECISION_VALUE><SCALE>0</SCALE><DEFAULT_VALUE/><IS_HIDDEN_IN_EDM/><BO_PATH_WITH_FILTER/><IS_ALPHA_CONV_ALLOWED/><IS_LANGU_CODE/><CODELIST_ENTITY_SET_UUID/><IS_EXTENSION_FIELD/><IS_FREE_SEARCH_ENABLED/><IS_TRASIENT/><IS_INTERNAL/><IS_EXTERNAL/><LOCAL_ID_TYPE/><IS_PARENT_EXTERNAL_KEY/><IS_REF_EXTERNAL_KEY/><USE_EXTERNAL_INFO/><REF_EXT_KEY_UUID_KEY/><EXTERNAL_KEY_LEVEL_CODE/><EXCLUDE_FROM_SADL/><SAM_STATUS_VARIABLE_UUID/><UI_TEXT_KEY_NAME/><UI_TEXT_KEY_VERSION_ID>0000000000</UI_TEXT_KEY_VERSION_ID><UITXT_REDEF_IND/><CONCURRENCY_MODE/><INTERNAL_KEY_LEVEL_CODE/><CONTEXT_PROPERTY_UUID_UUID/><VERSION_ID>0000000000</VERSION_ID><IS_DATE_TYPE/><IS_ETAG_RELEVANT/><BO_NAME>HOUSE_BANK</BO_NAME><BO_NODE_NAME>COMMON</BO_NODE_NAME><BO_NODE_ELEMENT_PATH>FORMATTED_NAME</BO_NODE_ELEMENT_PATH><DO_PREFIX/><IS_DWB_PROP/><IS_MULTI_VALUED/><ENCRYPTED_MAX_LENGTH>0</ENCRYPTED_MAX_LENGTH></ODATA_EXTENSION_DEF_PR_001><ODATA_EXTENSION_DEF_PR_001><CLIENT>120</CLIENT><NODE_ID>ABY+X1pBHtmE0iuXJV3J4A==</NODE_ID><PARENT_NODE_ID>ABY+dKeCHti83HZb20OI8A==</PARENT_NODE_ID><ROOT_NODE_ID>ABY+dKeCHti83GwXOnQIgA==</ROOT_NODE_ID><MO_NAME/><ORDINAL_NUMBER>0</ORDINAL_NUMBER><NAME>HOUSE_BANK;COMMON;OBJECTID4</NAME><DATA_TYPE>String</DATA_TYPE><IS_COMPLEX/><ABAP_DT_NAME>OBJECTID4</ABAP_DT_NAME><BO_PATH>ass:HBA/ass:HOUSE_BANK/ass:CURRENT_COMMON/NODE_ID</BO_PATH><COMPLEX_TYPE_UUID/><IS_CODE_TYPE/><IS_CREATABLE/><IS_UPDATABLE/><IS_NULLABLE>X</IS_NULLABLE><IS_FILTERABLE>X</IS_FILTERABLE><HAS_FIXED_LENGTH>X</HAS_FIXED_LENGTH><MAX_LENGTH>70</MAX_LENGTH><PRECISION_VALUE>70</PRECISION_VALUE><SCALE>0</SCALE><DEFAULT_VALUE/><IS_HIDDEN_IN_EDM>X</IS_HIDDEN_IN_EDM><BO_PATH_WITH_FILTER/><IS_ALPHA_CONV_ALLOWED/><IS_LANGU_CODE/><CODELIST_ENTITY_SET_UUID/><IS_EXTENSION_FIELD/><IS_FREE_SEARCH_ENABLED/><IS_TRASIENT/><IS_INTERNAL/><IS_EXTERNAL/><LOCAL_ID_TYPE/><IS_PARENT_EXTERNAL_KEY/><IS_REF_EXTERNAL_KEY/><USE_EXTERNAL_INFO/><REF_EXT_KEY_UUID_KEY/><EXTERNAL_KEY_LEVEL_CODE/><EXCLUDE_FROM_SADL/><SAM_STATUS_VARIABLE_UUID/><UI_TEXT_KEY_NAME/><UI_TEXT_KEY_VERSION_ID>0000000000</UI_TEXT_KEY_VERSION_ID><UITXT_REDEF_IND/><CONCURRENCY_MODE/><INTERNAL_KEY_LEVEL_CODE/><CONTEXT_PROPERTY_UUID_UUID/><VERSION_ID>0000000000</VERSION_ID><IS_DATE_TYPE/><IS_ETAG_RELEVANT/><BO_NAME>HOUSE_BANK</BO_NAME><BO_NODE_NAME>COMMON</BO_NODE_NAME><BO_NODE_ELEMENT_PATH>NODE_ID</BO_NODE_ELEMENT_PATH><DO_PREFIX/><IS_DWB_PROP/><IS_MULTI_VALUED/><ENCRYPTED_MAX_LENGTH>0</ENCRYPTED_MAX_LENGTH></ODATA_EXTENSION_DEF_PR_001><ODATA_EXTENSION_DEF_PR_001><CLIENT>120</CLIENT><NODE_ID>ABY+dKeCHti83HcUy7BI8A==</NODE_ID><PARENT_NODE_ID>ABY+dKeCHti83HcUy7Ao8A==</PARENT_NODE_ID><ROOT_NODE_ID>ABY+dKeCHti83GwXOnQIgA==</ROOT_NODE_ID><MO_NAME/><ORDINAL_NUMBER>0</ORDINAL_NUMBER><NAME>Code</NAME><DATA_TYPE>String</DATA_TYPE><IS_COMPLEX/><ABAP_DT_NAME>CONTENT</ABAP_DT_NAME><BO_PATH/><COMPLEX_TYPE_UUID/><IS_CODE_TYPE/><IS_CREATABLE/><IS_UPDATABLE/><IS_NULLABLE/><IS_FILTERABLE>X</IS_FILTERABLE><HAS_FIXED_LENGTH/><MAX_LENGTH>0</MAX_LENGTH><PRECISION_VALUE>0</PRECISION_VALUE><SCALE>0</SCALE><DEFAULT_VALUE/><IS_HIDDEN_IN_EDM/><BO_PATH_WITH_FILTER/><IS_ALPHA_CONV_ALLOWED/><IS_LANGU_CODE/><CODELIST_ENTITY_SET_UUID/><IS_EXTENSION_FIELD/><IS_FREE_SEARCH_ENABLED/><IS_TRASIENT/><IS_INTERNAL/><IS_EXTERNAL/><LOCAL_ID_TYPE/><IS_PARENT_EXTERNAL_KEY/><IS_REF_EXTERNAL_KEY/><USE_EXTERNAL_INFO/><REF_EXT_KEY_UUID_KEY/><EXTERNAL_KEY_LEVEL_CODE/><EXCLUDE_FROM_SADL/><SAM_STATUS_VARIABLE_UUID/><UI_TEXT_KEY_NAME/><UI_TEXT_KEY_VERSION_ID>0000000000</UI_TEXT_KEY_VERSION_ID><UITXT_REDEF_IND/><CONCURRENCY_MODE/><INTERNAL_KEY_LEVEL_CODE/><CONTEXT_PROPERTY_UUID_UUID/><VERSION_ID>0000000000</VERSION_ID><IS_DATE_TYPE/><IS_ETAG_RELEVANT/><BO_NAME/><BO_NODE_NAME/><BO_NODE_ELEMENT_PATH/><DO_PREFIX/><IS_DWB_PROP/><IS_MULTI_VALUED/><ENCRYPTED_MAX_LENGTH>0</ENCRYPTED_MAX_LENGTH></ODATA_EXTENSION_DEF_PR_001><ODATA_EXTENSION_DEF_PR_001><CLIENT>120</CLIENT><NODE_ID>ABY+dKeCHti83HcUy7Bo8A==</NODE_ID><PARENT_NODE_ID>ABY+dKeCHti83HcUy7Ao8A==</PARENT_NODE_ID><ROOT_NODE_ID>ABY+dKeCHti83GwXOnQIgA==</ROOT_NODE_ID><MO_NAME/><ORDINAL_NUMBER>0</ORDINAL_NUMBER><NAME>Description</NAME><DATA_TYPE>String</DATA_TYPE><IS_COMPLEX/><ABAP_DT_NAME>DESCRIPTION</ABAP_DT_NAME><BO_PATH/><COMPLEX_TYPE_UUID/><IS_CODE_TYPE/><IS_CREATABLE/><IS_UPDATABLE/><IS_NULLABLE/><IS_FILTERABLE>X</IS_FILTERABLE><HAS_FIXED_LENGTH/><MAX_LENGTH>0</MAX_LENGTH><PRECISION_VALUE>0</PRECISION_VALUE><SCALE>0</SCALE><DEFAULT_VALUE/><IS_HIDDEN_IN_EDM/><BO_PATH_WITH_FILTER/><IS_ALPHA_CONV_ALLOWED/><IS_LANGU_CODE/><CODELIST_ENTITY_SET_UUID/><IS_EXTENSION_FIELD/><IS_FREE_SEARCH_ENABLED/><IS_TRASIENT/><IS_INTERNAL/><IS_EXTERNAL/><LOCAL_ID_TYPE/><IS_PARENT_EXTERNAL_KEY/><IS_REF_EXTERNAL_KEY/><USE_EXTERNAL_INFO/><REF_EXT_KEY_UUID_KEY/><EXTERNAL_KEY_LEVEL_CODE/><EXCLUDE_FROM_SADL/><SAM_STATUS_VARIABLE_UUID/><UI_TEXT_KEY_NAME/><UI_TEXT_KEY_VERSION_ID>0000000000</UI_TEXT_KEY_VERSION_ID><UITXT_REDEF_IND/><CONCURRENCY_MODE/><INTERNAL_KEY_LEVEL_CODE/><CONTEXT_PROPERTY_UUID_UUID/><VERSION_ID>0000000000</VERSION_ID><IS_DATE_TYPE/><IS_ETAG_RELEVANT/><BO_NAME/><BO_NODE_NAME/><BO_NODE_ELEMENT_PATH/><DO_PREFIX/><IS_DWB_PROP/><IS_MULTI_VALUED/><ENCRYPTED_MAX_LENGTH>0</ENCRYPTED_MAX_LENGTH></ODATA_EXTENSION_DEF_PR_001></PROPERTIES><NAVIGATIONS/><COMPLEX_TYPES/><COMPLEX_TYPE_PROPERTIES/><FUNCTION_IMPORTS/><FUNCTION_IMPORT_PARAMS/><ENTITY_SETS><ODATA_EXTENSN_DEF_ENT_SET><CLIENT>120</CLIENT><NODE_ID>ABY+X1pBHtmE0ib5LmPJ3w==</NODE_ID><PARENT_NODE_ID>ABY+dKeCHti83GwXOnQIgA==</PARENT_NODE_ID><MO_NAME/><UUID>ABY+X1pBHtmE0ib5LmPp3w==</UUID><NAME>HouseBankStatementBankAccountTypeCodeCollection</NAME><ENTITY_TYPE_UUID>ABY+dKeCHti83HcUy7Ao8A==</ENTITY_TYPE_UUID></ODATA_EXTENSN_DEF_ENT_SET><ODATA_EXTENSN_DEF_ENT_SET><CLIENT>120</CLIENT><NODE_ID>ABY+X1pBHtmE0iku+MNJ4A==</NODE_ID><PARENT_NODE_ID>ABY+dKeCHti83GwXOnQIgA==</PARENT_NODE_ID><MO_NAME/><UUID>ABY+X1pBHtmE0iku+MNp4A==</UUID><NAME>HouseBankStatementBankAccountDescriptionLanguageCodeCollection</NAME><ENTITY_TYPE_UUID>ABY+dKeCHti83HcUy7Ao8A==</ENTITY_TYPE_UUID></ODATA_EXTENSN_DEF_ENT_SET><ODATA_EXTENSN_DEF_ENT_SET><CLIENT>120</CLIENT><NODE_ID>ABY+dKeCHti83HltcTXI8A==</NODE_ID><PARENT_NODE_ID>ABY+dKeCHti83GwXOnQIgA==</PARENT_NODE_ID><MO_NAME/><UUID>ABY+dKeCHti83HltcTXo8A==</UUID><NAME>HouseBankStatementLifeCycleStatusCodeCollection</NAME><ENTITY_TYPE_UUID>ABY+dKeCHti83HcUy7Ao8A==</ENTITY_TYPE_UUID></ODATA_EXTENSN_DEF_ENT_SET><ODATA_EXTENSN_DEF_ENT_SET><CLIENT>120</CLIENT><NODE_ID>ABY+dKeCHti83HiozPxI8A==</NODE_ID><PARENT_NODE_ID>ABY+dKeCHti83GwXOnQIgA==</PARENT_NODE_ID><MO_NAME/><UUID>ABY+dKeCHti83HiozPxo8A==</UUID><NAME>HouseBankStatementOverallPostprocessingCodeCollection</NAME><ENTITY_TYPE_UUID>ABY+dKeCHti83HcUy7Ao8A==</ENTITY_TYPE_UUID></ODATA_EXTENSN_DEF_ENT_SET><ODATA_EXTENSN_DEF_ENT_SET><CLIENT>120</CLIENT><NODE_ID>ABY+X1pBHtmE0gbrMx2Jdw==</NODE_ID><PARENT_NODE_ID>ABY+dKeCHti83GwXOnQIgA==</PARENT_NODE_ID><MO_NAME/><UUID>ABY+X1pBHtmE0gbrMx2pdw==</UUID><NAME>HouseBankStatementCurrencyCodeCollection</NAME><ENTITY_TYPE_UUID>ABY+dKeCHti83HcUy7Ao8A==</ENTITY_TYPE_UUID></ODATA_EXTENSN_DEF_ENT_SET></ENTITY_SETS><UITEXT_DESC><MDRS_W_UIT_TEXT><MO_NAME>FOPXP_BANKSTAT</MO_NAME><VERSION_ID>0000000000</VERSION_ID><LANGU>1</LANGU><DB_KEY>ABY+AQK2At2uzvMgThhAmg==</DB_KEY><PARENT_KEY>ABY+AQOOAt2tjWAV4oWYPg==</PARENT_KEY><UUID>ABY+AQK2At2uzvMgTmrAmw==</UUID><SHORT_T>银行对账单</SHORT_T><COLUMN_T/><TOOL_TIP_T/><HELP_T/></MDRS_W_UIT_TEXT><MDRS_W_UIT_TEXT><MO_NAME>FOPXP_BANKSTAT</MO_NAME><VERSION_ID>0000000000</VERSION_ID><LANGU>D</LANGU><DB_KEY>ABY+AQK2At2vnyZ9zhPCnA==</DB_KEY><PARENT_KEY>ABY+AQOOAt2tjWAV4oWYPg==</PARENT_KEY><UUID>ABY+AQK2At2vnyZ9zlnCnQ==</UUID><SHORT_T>Kontoauszug</SHORT_T><COLUMN_T/><TOOL_TIP_T/><HELP_T/></MDRS_W_UIT_TEXT><MDRS_W_UIT_TEXT><MO_NAME>FOPXP_BANKSTAT</MO_NAME><VERSION_ID>0000000000</VERSION_ID><LANGU>E</LANGU><DB_KEY>ABY+AQOOAt2tjWAV6BzYPw==</DB_KEY><PARENT_KEY>ABY+AQOOAt2tjWAV4oWYPg==</PARENT_KEY><UUID>ABY+AQWmAt2q24qRp1UTMQ==</UUID><SHORT_T>Bank Statement</SHORT_T><COLUMN_T/><TOOL_TIP_T/><HELP_T/></MDRS_W_UIT_TEXT><MDRS_W_UIT_TEXT><MO_NAME>FOPXP_BANKSTAT</MO_NAME><VERSION_ID>0000000000</VERSION_ID><LANGU>F</LANGU><DB_KEY>ABY+AQK2At2u9F4GGneAUQ==</DB_KEY><PARENT_KEY>ABY+AQOOAt2tjWAV4oWYPg==</PARENT_KEY><UUID>ABY+AQK2At2u9F4GGtBAUg==</UUID><SHORT_T>Extrait de compte</SHORT_T><COLUMN_T/><TOOL_TIP_T/><HELP_T/></MDRS_W_UIT_TEXT><MDRS_W_UIT_TEXT><MO_NAME>FOPXP_BANKSTAT</MO_NAME><VERSION_ID>0000000000</VERSION_ID><LANGU>I</LANGU><DB_KEY>ABY+ARSdHe+uzWV5r3lNgA==</DB_KEY><PARENT_KEY>ABY+AQOOAt2tjWAV4oWYPg==</PARENT_KEY><UUID>ABY+ARSdHe+uzWV5r3ltgA==</UUID><SHORT_T>Estratto conto bancario</SHORT_T><COLUMN_T/><TOOL_TIP_T/><HELP_T/></MDRS_W_UIT_TEXT><MDRS_W_UIT_TEXT><MO_NAME>FOPXP_BANKSTAT</MO_NAME><VERSION_ID>0000000000</VERSION_ID><LANGU>N</LANGU><DB_KEY>ABY+ARSdHuC+4z0L7s0boA==</DB_KEY><PARENT_KEY>ABY+AQOOAt2tjWAV4oWYPg==</PARENT_KEY><UUID>ABY+ARSdHuC+4z0L7s07oA==</UUID><SHORT_T>Bankafschrift</SHORT_T><COLUMN_T/><TOOL_TIP_T/><HELP_T/></MDRS_W_UIT_TEXT><MDRS_W_UIT_TEXT><MO_NAME>FOPXP_BANKSTAT</MO_NAME><VERSION_ID>0000000000</VERSION_ID><LANGU>P</LANGU><DB_KEY>ABY+AQvgHd+r3EJVD3qcYg==</DB_KEY><PARENT_KEY>ABY+AQOOAt2tjWAV4oWYPg==</PARENT_KEY><UUID>ABY+AQvgHd+r3EJVD3q8Yg==</UUID><SHORT_T>Extrato bancário</SHORT_T><COLUMN_T/><TOOL_TIP_T/><HELP_T/></MDRS_W_UIT_TEXT><MDRS_W_UIT_TEXT><MO_NAME>FOPXP_BANKSTAT</MO_NAME><VERSION_ID>0000000000</VERSION_ID><LANGU>S</LANGU><DB_KEY>ABY+AQvgHd+pypzBi4BVbw==</DB_KEY><PARENT_KEY>ABY+AQOOAt2tjWAV4oWYPg==</PARENT_KEY><UUID>ABY+AQvgHd+pypzBi4B1bw==</UUID><SHORT_T>Estado de cuenta bancaria</SHORT_T><COLUMN_T/><TOOL_TIP_T/><HELP_T/></MDRS_W_UIT_TEXT><MDRS_W_UIT_TEXT><MO_NAME>GEN_BYD_013254</MO_NAME><VERSION_ID>0000000000</VERSION_ID><LANGU>1</LANGU><DB_KEY>ABY+AQaHAt2c6TWkUgGEBA==</DB_KEY><PARENT_KEY>ABY+AQaEAt2m0K+jHmkAXQ==</PARENT_KEY><UUID>ABY+AQOOAu2PycoELxofVg==</UUID><SHORT_T>过账日期</SHORT_T><COLUMN_T>过账日期</COLUMN_T><TOOL_TIP_T>日记账分录中的过账日期</TOOL_TIP_T><HELP_T>如果没有输入，过账日期缺省设置为最近相关项目的日期。</HELP_T></MDRS_W_UIT_TEXT><MDRS_W_UIT_TEXT><MO_NAME>GEN_BYD_013254</MO_NAME><VERSION_ID>0000000000</VERSION_ID><LANGU>D</LANGU><DB_KEY>ABY+AQaHAt2c6TWkUODE</DB_KEY><PARENT_KEY>ABY+AQaEAt2m0K+jHmkAXQ==</PARENT_KEY><UUID>ABY+AQOOAu2PycoELV+fUg==</UUID><SHORT_T>Buchungsdatum</SHORT_T><COLUMN_T>Buchungsdatum</COLUMN_T><TOOL_TIP_T>Buchungsdatum in Buchungsbeleg</TOOL_TIP_T><HELP_T>Ohne Eintrag wird das Datum der jüngsten Position als Buchungsdatum verwendet.</HELP_T></MDRS_W_UIT_TEXT><MDRS_W_UIT_TEXT><MO_NAME>GEN_BYD_013254</MO_NAME><VERSION_ID>0000000000</VERSION_ID><LANGU>E</LANGU><DB_KEY>ABY+AQaEAt2m0K+jI/yAXw==</DB_KEY><PARENT_KEY>ABY+AQaEAt2m0K+jHmkAXQ==</PARENT_KEY><UUID>ABY+AQOOAu2PycoELhJfUw==</UUID><SHORT_T>Posting Date</SHORT_T><COLUMN_T>Posting Date</COLUMN_T><TOOL_TIP_T>Posting Date in Journal Entry</TOOL_TIP_T><HELP_T>If no entry is made, the posting date is defaulted to the date of the youngest involved item.
</HELP_T></MDRS_W_UIT_TEXT><MDRS_W_UIT_TEXT><MO_NAME>GEN_BYD_013254</MO_NAME><VERSION_ID>0000000000</VERSION_ID><LANGU>F</LANGU><DB_KEY>ABY+AQaHAt2c6TWkUXgEAg==</DB_KEY><PARENT_KEY>ABY+AQaEAt2m0K+jHmkAXQ==</PARENT_KEY><UUID>ABY+AQOOAu2PycoELmsfVA==</UUID><SHORT_T>Date comptable</SHORT_T><COLUMN_T>Date comptable</COLUMN_T><TOOL_TIP_T>Date comptable de l'écriture au journal</TOOL_TIP_T><HELP_T>Si aucune valeur n'est indiquée, la date du poste le plus le plus récent concerné est définie par défaut en tant que date comptable.</HELP_T></MDRS_W_UIT_TEXT><MDRS_W_UIT_TEXT><MO_NAME>GEN_BYD_013254</MO_NAME><VERSION_ID>0000000000</VERSION_ID><LANGU>I</LANGU><DB_KEY>ABY+ARSdHd+vnSHjFMobRQ==</DB_KEY><PARENT_KEY>ABY+AQaEAt2m0K+jHmkAXQ==</PARENT_KEY><UUID>ABY+ARSdHd+vnSHjFMo7RQ==</UUID><SHORT_T>Data di registrazione</SHORT_T><COLUMN_T>Data di registrazione</COLUMN_T><TOOL_TIP_T>Data di registrazione in prima nota</TOOL_TIP_T><HELP_T>Se non si effettuano inserimenti, la data di registrazione di default è quella della posizione interessata più recente.</HELP_T></MDRS_W_UIT_TEXT><MDRS_W_UIT_TEXT><MO_NAME>GEN_BYD_013254</MO_NAME><VERSION_ID>0000000000</VERSION_ID><LANGU>N</LANGU><DB_KEY>ABY+Ar1OHtGfy+upo6yBqA==</DB_KEY><PARENT_KEY>ABY+AQaEAt2m0K+jHmkAXQ==</PARENT_KEY><UUID>ABY+Ar1OHtGfy+upo6yhqA==</UUID><SHORT_T>Boekingsdatum</SHORT_T><COLUMN_T>Boekingsdatum</COLUMN_T><TOOL_TIP_T>Boekingsdatum in journaalpost</TOOL_TIP_T><HELP_T>Als er geen gegevens worden ingevoerd, wordt als boekingsdatum de datum van de recentste post gebruikt.</HELP_T></MDRS_W_UIT_TEXT><MDRS_W_UIT_TEXT><MO_NAME>GEN_BYD_013254</MO_NAME><VERSION_ID>0000000000</VERSION_ID><LANGU>P</LANGU><DB_KEY>ABY+ARSdHe+viKOUTaUN5g==</DB_KEY><PARENT_KEY>ABY+AQaEAt2m0K+jHmkAXQ==</PARENT_KEY><UUID>ABY+ARSdHe+viKOUTaUt5g==</UUID><SHORT_T>Data de lançamento</SHORT_T><COLUMN_T>Data de lançamento</COLUMN_T><TOOL_TIP_T>Data do lançamento no lançamento contábil</TOOL_TIP_T><HELP_T>Se nenhuma entrada é determinada, a data de lançamento é predefinida como a data do item mais recente envolvido.</HELP_T></MDRS_W_UIT_TEXT><MDRS_W_UIT_TEXT><MO_NAME>GEN_BYD_013254</MO_NAME><VERSION_ID>0000000000</VERSION_ID><LANGU>S</LANGU><DB_KEY>ABY+ARSdHd+wy4WaqD8VTg==</DB_KEY><PARENT_KEY>ABY+AQaEAt2m0K+jHmkAXQ==</PARENT_KEY><UUID>ABY+ARSdHd+wy4WaqD81Tg==</UUID><SHORT_T>Fecha de contabilización</SHORT_T><COLUMN_T>Fecha de contabilización</COLUMN_T><TOOL_TIP_T>Fecha de contabilización en asiento contable</TOOL_TIP_T><HELP_T>Si no se realiza ninguna entrada, la fecha de contabilización se establece por defecto como la fecha de la posición involucrada más reciente.</HELP_T></MDRS_W_UIT_TEXT><MDRS_W_UIT_TEXT><MO_NAME>GEN_BYD_012801</MO_NAME><VERSION_ID>0000000000</VERSION_ID><LANGU>1</LANGU><DB_KEY>ABY+AQOOAu2PyaBi2/hEsw==</DB_KEY><PARENT_KEY>ABY+AQOOAt2i8gB+IX3Acg==</PARENT_KEY><UUID>ABY+AQOOAu2PyaBjSGXEuA==</UUID><SHORT_T>对账单编号</SHORT_T><COLUMN_T>对账单编号</COLUMN_T><TOOL_TIP_T>对账单编号</TOOL_TIP_T><HELP_T/></MDRS_W_UIT_TEXT><MDRS_W_UIT_TEXT><MO_NAME>GEN_BYD_012801</MO_NAME><VERSION_ID>0000000000</VERSION_ID><LANGU>D</LANGU><DB_KEY>ABY+AQOOAu2PyaBi2GfErw==</DB_KEY><PARENT_KEY>ABY+AQOOAt2i8gB+IX3Acg==</PARENT_KEY><UUID>ABY+AQOOAu2PyaBjRq3EtA==</UUID><SHORT_T>Auszugsnummer</SHORT_T><COLUMN_T>Auszugsnummer</COLUMN_T><TOOL_TIP_T>Auszugsnummer</TOOL_TIP_T><HELP_T/></MDRS_W_UIT_TEXT><MDRS_W_UIT_TEXT><MO_NAME>GEN_BYD_012801</MO_NAME><VERSION_ID>0000000000</VERSION_ID><LANGU>E</LANGU><DB_KEY>ABY+AQOOAt2i8gB+JyQAdA==</DB_KEY><PARENT_KEY>ABY+AQOOAt2i8gB+IX3Acg==</PARENT_KEY><UUID>ABY+AQOOAu2PyaBjR2CEtQ==</UUID><SHORT_T>Statement ID</SHORT_T><COLUMN_T>Statement ID</COLUMN_T><TOOL_TIP_T>Statement Identifier</TOOL_TIP_T><HELP_T/></MDRS_W_UIT_TEXT><MDRS_W_UIT_TEXT><MO_NAME>GEN_BYD_012801</MO_NAME><VERSION_ID>0000000000</VERSION_ID><LANGU>F</LANGU><DB_KEY>ABY+AQOOAu2PyaBi2kzEsQ==</DB_KEY><PARENT_KEY>ABY+AQOOAt2i8gB+IX3Acg==</PARENT_KEY><UUID>ABY+AQOOAu2PyaBjR7lEtg==</UUID><SHORT_T>ID extrait</SHORT_T><COLUMN_T>ID extrait</COLUMN_T><TOOL_TIP_T>ID de l'extrait de compte</TOOL_TIP_T><HELP_T/></MDRS_W_UIT_TEXT><MDRS_W_UIT_TEXT><MO_NAME>GEN_BYD_012801</MO_NAME><VERSION_ID>0000000000</VERSION_ID><LANGU>I</LANGU><DB_KEY>ABY+ARSdHe+v44GAO8pZtQ==</DB_KEY><PARENT_KEY>ABY+AQOOAt2i8gB+IX3Acg==</PARENT_KEY><UUID>ABY+ARSdHe+v44GAO8p5tQ==</UUID><SHORT_T>ID estratto conto</SHORT_T><COLUMN_T>ID estratto conto</COLUMN_T><TOOL_TIP_T>Identificatore estratto conto</TOOL_TIP_T><HELP_T/></MDRS_W_UIT_TEXT><MDRS_W_UIT_TEXT><MO_NAME>GEN_BYD_012801</MO_NAME><VERSION_ID>0000000000</VERSION_ID><LANGU>N</LANGU><DB_KEY>ABY+Ar1OHtGfy+uELDGBqA==</DB_KEY><PARENT_KEY>ABY+AQOOAt2i8gB+IX3Acg==</PARENT_KEY><UUID>ABY+Ar1OHtGfy+uELDGhqA==</UUID><SHORT_T>Afschrift-ID</SHORT_T><COLUMN_T>Afschrift-ID</COLUMN_T><TOOL_TIP_T>Afschrift-ID</TOOL_TIP_T><HELP_T/></MDRS_W_UIT_TEXT><MDRS_W_UIT_TEXT><MO_NAME>GEN_BYD_012801</MO_NAME><VERSION_ID>0000000000</VERSION_ID><LANGU>P</LANGU><DB_KEY>ABY+ARSdHe+t3DfVzEuWkg==</DB_KEY><PARENT_KEY>ABY+AQOOAt2i8gB+IX3Acg==</PARENT_KEY><UUID>ABY+ARSdHe+t3DfVzEu2kg==</UUID><SHORT_T>ID do extrato</SHORT_T><COLUMN_T>ID do extrato</COLUMN_T><TOOL_TIP_T>Identificador do extrato</TOOL_TIP_T><HELP_T/></MDRS_W_UIT_TEXT><MDRS_W_UIT_TEXT><MO_NAME>GEN_BYD_012801</MO_NAME><VERSION_ID>0000000000</VERSION_ID><LANGU>S</LANGU><DB_KEY>ABY+ARSdHd+wy3oVdtLVIg==</DB_KEY><PARENT_KEY>ABY+AQOOAt2i8gB+IX3Acg==</PARENT_KEY><UUID>ABY+ARSdHd+wy3oVdtL1Ig==</UUID><SHORT_T>ID de estado de cuenta</SHORT_T><COLUMN_T>ID de estado de cuenta</COLUMN_T><TOOL_TIP_T>Identificador de estado de cuenta</TOOL_TIP_T><HELP_T/></MDRS_W_UIT_TEXT><MDRS_W_UIT_TEXT><MO_NAME>GEN_BYD_010956</MO_NAME><VERSION_ID>0000000000</VERSION_ID><LANGU>1</LANGU><DB_KEY>ABY+AQOOAu2PyRKYpDhX7A==</DB_KEY><PARENT_KEY>ABY+AQOOAu2PyRKYnOaX5w==</PARENT_KEY><UUID>ABY+AQOOAu2PyRKZEGiX8Q==</UUID><SHORT_T>期末余额</SHORT_T><COLUMN_T>期末余额</COLUMN_T><TOOL_TIP_T/><HELP_T/></MDRS_W_UIT_TEXT><MDRS_W_UIT_TEXT><MO_NAME>GEN_BYD_010956</MO_NAME><VERSION_ID>0000000000</VERSION_ID><LANGU>D</LANGU><DB_KEY>ABY+AQOOAu2PyRKYoJtX6A==</DB_KEY><PARENT_KEY>ABY+AQOOAu2PyRKYnOaX5w==</PARENT_KEY><UUID>ABY+AQOOAu2PyRKZDiNX7Q==</UUID><SHORT_T>Abschlusssaldo</SHORT_T><COLUMN_T>Abschlusssaldo</COLUMN_T><TOOL_TIP_T/><HELP_T/></MDRS_W_UIT_TEXT><MDRS_W_UIT_TEXT><MO_NAME>GEN_BYD_010956</MO_NAME><VERSION_ID>0000000000</VERSION_ID><LANGU>E</LANGU><DB_KEY>ABY+AQOOAu2PyRKYoavX6Q==</DB_KEY><PARENT_KEY>ABY+AQOOAu2PyRKYnOaX5w==</PARENT_KEY><UUID>ABY+AQOOAu2PyRKZDtiX7g==</UUID><SHORT_T>Closing Balance</SHORT_T><COLUMN_T>Closing Balance</COLUMN_T><TOOL_TIP_T/><HELP_T/></MDRS_W_UIT_TEXT><MDRS_W_UIT_TEXT><MO_NAME>GEN_BYD_010956</MO_NAME><VERSION_ID>0000000000</VERSION_ID><LANGU>F</LANGU><DB_KEY>ABY+AQOOAu2PyRKYon3X6g==</DB_KEY><PARENT_KEY>ABY+AQOOAu2PyRKYnOaX5w==</PARENT_KEY><UUID>ABY+AQOOAu2PyRKZDzZX7w==</UUID><SHORT_T>Solde final</SHORT_T><COLUMN_T>Solde final</COLUMN_T><TOOL_TIP_T/><HELP_T/></MDRS_W_UIT_TEXT><MDRS_W_UIT_TEXT><MO_NAME>GEN_BYD_010956</MO_NAME><VERSION_ID>0000000000</VERSION_ID><LANGU>I</LANGU><DB_KEY>ABY+ARSdHe+v44yKh/VZtg==</DB_KEY><PARENT_KEY>ABY+AQOOAu2PyRKYnOaX5w==</PARENT_KEY><UUID>ABY+ARSdHe+v44yKh/V5tg==</UUID><SHORT_T>Saldo di chiusura</SHORT_T><COLUMN_T>Saldo di chiusura</COLUMN_T><TOOL_TIP_T/><HELP_T/></MDRS_W_UIT_TEXT><MDRS_W_UIT_TEXT><MO_NAME>GEN_BYD_010956</MO_NAME><VERSION_ID>0000000000</VERSION_ID><LANGU>N</LANGU><DB_KEY>ABY+Ar1OHtGfy+rqrFyBqA==</DB_KEY><PARENT_KEY>ABY+AQOOAu2PyRKYnOaX5w==</PARENT_KEY><UUID>ABY+Ar1OHtGfy+rqrFyhqA==</UUID><SHORT_T>Eindsaldo</SHORT_T><COLUMN_T>Eindsaldo</COLUMN_T><TOOL_TIP_T/><HELP_T/></MDRS_W_UIT_TEXT><MDRS_W_UIT_TEXT><MO_NAME>GEN_BYD_010956</MO_NAME><VERSION_ID>0000000000</VERSION_ID><LANGU>P</LANGU><DB_KEY>ABY+ARSdHe+t1U4oWbpK2w==</DB_KEY><PARENT_KEY>ABY+AQOOAu2PyRKYnOaX5w==</PARENT_KEY><UUID>ABY+ARSdHe+t1U4oWbpq2w==</UUID><SHORT_T>Saldo final</SHORT_T><COLUMN_T>Saldo final</COLUMN_T><TOOL_TIP_T/><HELP_T/></MDRS_W_UIT_TEXT><MDRS_W_UIT_TEXT><MO_NAME>GEN_BYD_010956</MO_NAME><VERSION_ID>0000000000</VERSION_ID><LANGU>S</LANGU><DB_KEY>ABY+ARSdHe+woG3kW5LXQg==</DB_KEY><PARENT_KEY>ABY+AQOOAu2PyRKYnOaX5w==</PARENT_KEY><UUID>ABY+ARSdHe+woG3kW5L3Qg==</UUID><SHORT_T>Saldo final</SHORT_T><COLUMN_T>Saldo final</COLUMN_T><TOOL_TIP_T/><HELP_T/></MDRS_W_UIT_TEXT><MDRS_W_UIT_TEXT><MO_NAME>GEN_BYD_012466</MO_NAME><VERSION_ID>0000000000</VERSION_ID><LANGU>1</LANGU><DB_KEY>ABY+AQOOAt2PyYMrejAQ7w==</DB_KEY><PARENT_KEY>ABY+AQOOAt2PyYMrb25Q6g==</PARENT_KEY><UUID>ABY+AQOOAt2PyYMr4LyQ9A==</UUID><SHORT_T>贷方总金额</SHORT_T><COLUMN_T>贷方总金额</COLUMN_T><TOOL_TIP_T/><HELP_T/></MDRS_W_UIT_TEXT><MDRS_W_UIT_TEXT><MO_NAME>GEN_BYD_012466</MO_NAME><VERSION_ID>0000000000</VERSION_ID><LANGU>D</LANGU><DB_KEY>ABY+AQOOAt2PyYMrdaMQ6w==</DB_KEY><PARENT_KEY>ABY+AQOOAt2PyYMrb25Q6g==</PARENT_KEY><UUID>ABY+AQOOAt2PyYMr3v5Q8A==</UUID><SHORT_T>Habenbetrag gesamt</SHORT_T><COLUMN_T>Habenbetrag gesamt</COLUMN_T><TOOL_TIP_T/><HELP_T/></MDRS_W_UIT_TEXT><MDRS_W_UIT_TEXT><MO_NAME>GEN_BYD_012466</MO_NAME><VERSION_ID>0000000000</VERSION_ID><LANGU>E</LANGU><DB_KEY>ABY+AQOOAt2PyYMrd2oQ7A==</DB_KEY><PARENT_KEY>ABY+AQOOAt2PyYMrb25Q6g==</PARENT_KEY><UUID>ABY+AQOOAt2PyYMr37JQ8Q==</UUID><SHORT_T>Total Credit Amount</SHORT_T><COLUMN_T>Total Credit Amount</COLUMN_T><TOOL_TIP_T/><HELP_T/></MDRS_W_UIT_TEXT><MDRS_W_UIT_TEXT><MO_NAME>GEN_BYD_012466</MO_NAME><VERSION_ID>0000000000</VERSION_ID><LANGU>F</LANGU><DB_KEY>ABY+AQOOAt2PyYMreETQ7Q==</DB_KEY><PARENT_KEY>ABY+AQOOAt2PyYMrb25Q6g==</PARENT_KEY><UUID>ABY+AQOOAt2PyYMr4AxQ8g==</UUID><SHORT_T>Montant total au crédit</SHORT_T><COLUMN_T>Montant total au crédit</COLUMN_T><TOOL_TIP_T/><HELP_T/></MDRS_W_UIT_TEXT><MDRS_W_UIT_TEXT><MO_NAME>GEN_BYD_012466</MO_NAME><VERSION_ID>0000000000</VERSION_ID><LANGU>I</LANGU><DB_KEY>ABY+ARSdHe+v444KumHZtg==</DB_KEY><PARENT_KEY>ABY+AQOOAt2PyYMrb25Q6g==</PARENT_KEY><UUID>ABY+ARSdHe+v444KumH5tg==</UUID><SHORT_T>Totale importo a credito</SHORT_T><COLUMN_T>Totale importo a credito</COLUMN_T><TOOL_TIP_T/><HELP_T/></MDRS_W_UIT_TEXT><MDRS_W_UIT_TEXT><MO_NAME>GEN_BYD_012466</MO_NAME><VERSION_ID>0000000000</VERSION_ID><LANGU>N</LANGU><DB_KEY>ABY+Ar1OHtGfy+tdVyKBqA==</DB_KEY><PARENT_KEY>ABY+AQOOAt2PyYMrb25Q6g==</PARENT_KEY><UUID>ABY+Ar1OHtGfy+tdVyKhqA==</UUID><SHORT_T>Totaal creditbedrag</SHORT_T><COLUMN_T>Totaal creditbedrag</COLUMN_T><TOOL_TIP_T/><HELP_T/></MDRS_W_UIT_TEXT><MDRS_W_UIT_TEXT><MO_NAME>GEN_BYD_012466</MO_NAME><VERSION_ID>0000000000</VERSION_ID><LANGU>P</LANGU><DB_KEY>ABY+ARSdHe+t3K7UWjiXdQ==</DB_KEY><PARENT_KEY>ABY+AQOOAt2PyYMrb25Q6g==</PARENT_KEY><UUID>ABY+ARSdHe+t3K7UWji3dQ==</UUID><SHORT_T>Valor total do crédito</SHORT_T><COLUMN_T>Valor total do crédito</COLUMN_T><TOOL_TIP_T/><HELP_T/></MDRS_W_UIT_TEXT><MDRS_W_UIT_TEXT><MO_NAME>GEN_BYD_012466</MO_NAME><VERSION_ID>0000000000</VERSION_ID><LANGU>S</LANGU><DB_KEY>ABY+ARSdHd+xnp4xL4CLvA==</DB_KEY><PARENT_KEY>ABY+AQOOAt2PyYMrb25Q6g==</PARENT_KEY><UUID>ABY+ARSdHd+xnp4xL4CrvA==</UUID><SHORT_T>Importe total en el Haber</SHORT_T><COLUMN_T>Importe total en el Haber</COLUMN_T><TOOL_TIP_T/><HELP_T/></MDRS_W_UIT_TEXT><MDRS_W_UIT_TEXT><MO_NAME>GEN_BYD_011454</MO_NAME><VERSION_ID>0000000000</VERSION_ID><LANGU>1</LANGU><DB_KEY>ABY+AQOOAt2PyTP7iLZVTg==</DB_KEY><PARENT_KEY>ABY+AQOOAt2i78uPdRZCLw==</PARENT_KEY><UUID>ABY+AQOOAt2PyTP77k3VUw==</UUID><SHORT_T>对账单日期</SHORT_T><COLUMN_T>对账单日期</COLUMN_T><TOOL_TIP_T/><HELP_T/></MDRS_W_UIT_TEXT><MDRS_W_UIT_TEXT><MO_NAME>GEN_BYD_011454</MO_NAME><VERSION_ID>0000000000</VERSION_ID><LANGU>D</LANGU><DB_KEY>ABY+AQOOAt2PyTP7hScVSg==</DB_KEY><PARENT_KEY>ABY+AQOOAt2i78uPdRZCLw==</PARENT_KEY><UUID>ABY+AQOOAt2PyTP77JSVTw==</UUID><SHORT_T>Auszugsdatum</SHORT_T><COLUMN_T>Auszugsdatum</COLUMN_T><TOOL_TIP_T/><HELP_T/></MDRS_W_UIT_TEXT><MDRS_W_UIT_TEXT><MO_NAME>GEN_BYD_011454</MO_NAME><VERSION_ID>0000000000</VERSION_ID><LANGU>E</LANGU><DB_KEY>ABY+AQOOAt2i78uPeszCMQ==</DB_KEY><PARENT_KEY>ABY+AQOOAt2i78uPdRZCLw==</PARENT_KEY><UUID>ABY+AQOOAt2PyTP77UTVUA==</UUID><SHORT_T>Statement Date</SHORT_T><COLUMN_T>Statement Date</COLUMN_T><TOOL_TIP_T/><HELP_T/></MDRS_W_UIT_TEXT><MDRS_W_UIT_TEXT><MO_NAME>GEN_BYD_011454</MO_NAME><VERSION_ID>0000000000</VERSION_ID><LANGU>F</LANGU><DB_KEY>ABY+AQOOAt2PyTP7hwcVTA==</DB_KEY><PARENT_KEY>ABY+AQOOAt2i78uPdRZCLw==</PARENT_KEY><UUID>ABY+AQOOAt2PyTP77aAVUQ==</UUID><SHORT_T>Date de l'extrait de compte</SHORT_T><COLUMN_T>Date de l'extrait de compte</COLUMN_T><TOOL_TIP_T/><HELP_T/></MDRS_W_UIT_TEXT><MDRS_W_UIT_TEXT><MO_NAME>GEN_BYD_011454</MO_NAME><VERSION_ID>0000000000</VERSION_ID><LANGU>I</LANGU><DB_KEY>ABY+ARSdHe+v449X1d2Ztg==</DB_KEY><PARENT_KEY>ABY+AQOOAt2i78uPdRZCLw==</PARENT_KEY><UUID>ABY+ARSdHe+v449X1d25tg==</UUID><SHORT_T>Data dell'estratto conto</SHORT_T><COLUMN_T>Data dell'estratto conto</COLUMN_T><TOOL_TIP_T/><HELP_T/></MDRS_W_UIT_TEXT><MDRS_W_UIT_TEXT><MO_NAME>GEN_BYD_011454</MO_NAME><VERSION_ID>0000000000</VERSION_ID><LANGU>N</LANGU><DB_KEY>ABY+Ar1OHtGfy+sRQKqBqA==</DB_KEY><PARENT_KEY>ABY+AQOOAt2i78uPdRZCLw==</PARENT_KEY><UUID>ABY+Ar1OHtGfy+sRQKqhqA==</UUID><SHORT_T>Afschriftdatum</SHORT_T><COLUMN_T>Afschriftdatum</COLUMN_T><TOOL_TIP_T/><HELP_T/></MDRS_W_UIT_TEXT><MDRS_W_UIT_TEXT><MO_NAME>GEN_BYD_011454</MO_NAME><VERSION_ID>0000000000</VERSION_ID><LANGU>P</LANGU><DB_KEY>ABY+ARSdHe+t2LbznyHQkA==</DB_KEY><PARENT_KEY>ABY+AQOOAt2i78uPdRZCLw==</PARENT_KEY><UUID>ABY+ARSdHe+t2LbznyHwkA==</UUID><SHORT_T>Data do extrato bancário</SHORT_T><COLUMN_T>Data do extrato bancário</COLUMN_T><TOOL_TIP_T/><HELP_T/></MDRS_W_UIT_TEXT><MDRS_W_UIT_TEXT><MO_NAME>GEN_BYD_011454</MO_NAME><VERSION_ID>0000000000</VERSION_ID><LANGU>S</LANGU><DB_KEY>ABY+ARSdHe+xr3SK+oiN9w==</DB_KEY><PARENT_KEY>ABY+AQOOAt2i78uPdRZCLw==</PARENT_KEY><UUID>ABY+ARSdHe+xr3SK+oit9w==</UUID><SHORT_T>Fecha de extracto</SHORT_T><COLUMN_T>Fecha de extracto</COLUMN_T><TOOL_TIP_T/><HELP_T/></MDRS_W_UIT_TEXT><MDRS_W_UIT_TEXT><MO_NAME>GEN_BYD_010367</MO_NAME><VERSION_ID>0000000000</VERSION_ID><LANGU>1</LANGU><DB_KEY>ABY+AQOOAt2PyO4JPO9VHg==</DB_KEY><PARENT_KEY>ABY+AQOOAt2PyO4JNZJVGQ==</PARENT_KEY><UUID>ABY+AQOOAt2PyO4JwSgVIw==</UUID><SHORT_T>借方总金额</SHORT_T><COLUMN_T>借方总金额</COLUMN_T><TOOL_TIP_T/><HELP_T/></MDRS_W_UIT_TEXT><MDRS_W_UIT_TEXT><MO_NAME>GEN_BYD_010367</MO_NAME><VERSION_ID>0000000000</VERSION_ID><LANGU>D</LANGU><DB_KEY>ABY+AQOOAt2PyO4JOWAVGg==</DB_KEY><PARENT_KEY>ABY+AQOOAt2PyO4JNZJVGQ==</PARENT_KEY><UUID>ABY+AQOOAt2PyO4Jv22VHw==</UUID><SHORT_T>Sollbetrag gesamt</SHORT_T><COLUMN_T>Sollbetrag gesamt</COLUMN_T><TOOL_TIP_T/><HELP_T/></MDRS_W_UIT_TEXT><MDRS_W_UIT_TEXT><MO_NAME>GEN_BYD_010367</MO_NAME><VERSION_ID>0000000000</VERSION_ID><LANGU>E</LANGU><DB_KEY>ABY+AQOOAt2PyO4JOnHVGw==</DB_KEY><PARENT_KEY>ABY+AQOOAt2PyO4JNZJVGQ==</PARENT_KEY><UUID>ABY+AQOOAt2PyO4JwCGVIA==</UUID><SHORT_T>Total Debit Amount</SHORT_T><COLUMN_T>Total Debit Amount</COLUMN_T><TOOL_TIP_T/><HELP_T/></MDRS_W_UIT_TEXT><MDRS_W_UIT_TEXT><MO_NAME>GEN_BYD_010367</MO_NAME><VERSION_ID>0000000000</VERSION_ID><LANGU>F</LANGU><DB_KEY>ABY+AQOOAt2PyO4JO0UVHA==</DB_KEY><PARENT_KEY>ABY+AQOOAt2PyO4JNZJVGQ==</PARENT_KEY><UUID>ABY+AQOOAt2PyO4JwHuVIQ==</UUID><SHORT_T>Montant total au débit</SHORT_T><COLUMN_T>Montant total au débit</COLUMN_T><TOOL_TIP_T/><HELP_T/></MDRS_W_UIT_TEXT><MDRS_W_UIT_TEXT><MO_NAME>GEN_BYD_010367</MO_NAME><VERSION_ID>0000000000</VERSION_ID><LANGU>I</LANGU><DB_KEY>ABY+ARSdHd+u/mfbschZNw==</DB_KEY><PARENT_KEY>ABY+AQOOAt2PyO4JNZJVGQ==</PARENT_KEY><UUID>ABY+ARSdHd+u/mfbsch5Nw==</UUID><SHORT_T>Totale importo a debito</SHORT_T><COLUMN_T>Totale importo a debito</COLUMN_T><TOOL_TIP_T/><HELP_T/></MDRS_W_UIT_TEXT><MDRS_W_UIT_TEXT><MO_NAME>GEN_BYD_010367</MO_NAME><VERSION_ID>0000000000</VERSION_ID><LANGU>N</LANGU><DB_KEY>ABY+Ar1OHtGfy+rEuUnBqA==</DB_KEY><PARENT_KEY>ABY+AQOOAt2PyO4JNZJVGQ==</PARENT_KEY><UUID>ABY+Ar1OHtGfy+rEuUnhqA==</UUID><SHORT_T>Totaal debetbedrag</SHORT_T><COLUMN_T>Totaal debetbedrag</COLUMN_T><TOOL_TIP_T/><HELP_T/></MDRS_W_UIT_TEXT><MDRS_W_UIT_TEXT><MO_NAME>GEN_BYD_010367</MO_NAME><VERSION_ID>0000000000</VERSION_ID><LANGU>P</LANGU><DB_KEY>ABY+ARSdHd+twrKEd6wGmQ==</DB_KEY><PARENT_KEY>ABY+AQOOAt2PyO4JNZJVGQ==</PARENT_KEY><UUID>ABY+ARSdHd+twrKEd6wmmQ==</UUID><SHORT_T>Valor total do débito</SHORT_T><COLUMN_T>Valor total do débito</COLUMN_T><TOOL_TIP_T/><HELP_T/></MDRS_W_UIT_TEXT><MDRS_W_UIT_TEXT><MO_NAME>GEN_BYD_010367</MO_NAME><VERSION_ID>0000000000</VERSION_ID><LANGU>S</LANGU><DB_KEY>ABY+ARSdHe+wn7I6dOnVpg==</DB_KEY><PARENT_KEY>ABY+AQOOAt2PyO4JNZJVGQ==</PARENT_KEY><UUID>ABY+ARSdHe+wn7I6dOn1pg==</UUID><SHORT_T>Importe total en el Debe</SHORT_T><COLUMN_T>Importe total en el Debe</COLUMN_T><TOOL_TIP_T/><HELP_T/></MDRS_W_UIT_TEXT><MDRS_W_UIT_TEXT><MO_NAME>GEN_BYD_012830</MO_NAME><VERSION_ID>0000000000</VERSION_ID><LANGU>1</LANGU><DB_KEY>ABY+AQOOAu2PyaLs1EUGXw==</DB_KEY><PARENT_KEY>ABY+AQOOAt2i8H+i0ZEImw==</PARENT_KEY><UUID>ABY+AQOOAu2PyaLtPEJGZA==</UUID><SHORT_T>银行账号</SHORT_T><COLUMN_T>银行账号</COLUMN_T><TOOL_TIP_T/><HELP_T/></MDRS_W_UIT_TEXT><MDRS_W_UIT_TEXT><MO_NAME>GEN_BYD_012830</MO_NAME><VERSION_ID>0000000000</VERSION_ID><LANGU>D</LANGU><DB_KEY>ABY+AQOOAu2PyaLs0LcGWw==</DB_KEY><PARENT_KEY>ABY+AQOOAt2i8H+i0ZEImw==</PARENT_KEY><UUID>ABY+AQOOAu2PyaLtOm7GYA==</UUID><SHORT_T>Kontonummer</SHORT_T><COLUMN_T>Kontonummer</COLUMN_T><TOOL_TIP_T/><HELP_T/></MDRS_W_UIT_TEXT><MDRS_W_UIT_TEXT><MO_NAME>GEN_BYD_012830</MO_NAME><VERSION_ID>0000000000</VERSION_ID><LANGU>E</LANGU><DB_KEY>ABY+AQOOAt2i8H+i1raInQ==</DB_KEY><PARENT_KEY>ABY+AQOOAt2i8H+i0ZEImw==</PARENT_KEY><UUID>ABY+AQOOAu2PyaLtOzgGYQ==</UUID><SHORT_T>Bank Account Number</SHORT_T><COLUMN_T>Bank Account Number</COLUMN_T><TOOL_TIP_T/><HELP_T/></MDRS_W_UIT_TEXT><MDRS_W_UIT_TEXT><MO_NAME>GEN_BYD_012830</MO_NAME><VERSION_ID>0000000000</VERSION_ID><LANGU>F</LANGU><DB_KEY>ABY+AQOOAu2PyaLs0pmGXQ==</DB_KEY><PARENT_KEY>ABY+AQOOAt2i8H+i0ZEImw==</PARENT_KEY><UUID>ABY+AQOOAu2PyaLtO5SGYg==</UUID><SHORT_T>Numéro de compte bancaire</SHORT_T><COLUMN_T>Numéro de compte bancaire</COLUMN_T><TOOL_TIP_T/><HELP_T/></MDRS_W_UIT_TEXT><MDRS_W_UIT_TEXT><MO_NAME>GEN_BYD_012830</MO_NAME><VERSION_ID>0000000000</VERSION_ID><LANGU>I</LANGU><DB_KEY>ABY+ARSdHe+v45LoG66Z7A==</DB_KEY><PARENT_KEY>ABY+AQOOAt2i8H+i0ZEImw==</PARENT_KEY><UUID>ABY+ARSdHe+v45LoG6657A==</UUID><SHORT_T>Numero di conto bancario</SHORT_T><COLUMN_T>Numero di conto bancario</COLUMN_T><TOOL_TIP_T/><HELP_T/></MDRS_W_UIT_TEXT><MDRS_W_UIT_TEXT><MO_NAME>GEN_BYD_012830</MO_NAME><VERSION_ID>0000000000</VERSION_ID><LANGU>N</LANGU><DB_KEY>ABY+Ar1OHtGfy+uELDLBqA==</DB_KEY><PARENT_KEY>ABY+AQOOAt2i8H+i0ZEImw==</PARENT_KEY><UUID>ABY+Ar1OHtGfy+uELDLhqA==</UUID><SHORT_T>Bankrekeningnummer</SHORT_T><COLUMN_T>Bankrekeningnummer</COLUMN_T><TOOL_TIP_T/><HELP_T/></MDRS_W_UIT_TEXT><MDRS_W_UIT_TEXT><MO_NAME>GEN_BYD_012830</MO_NAME><VERSION_ID>0000000000</VERSION_ID><LANGU>P</LANGU><DB_KEY>ABY+ARSdHe+t3OB4PjiXzw==</DB_KEY><PARENT_KEY>ABY+AQOOAt2i8H+i0ZEImw==</PARENT_KEY><UUID>ABY+ARSdHe+t3OB4Pji3zw==</UUID><SHORT_T>Nº da conta bancária</SHORT_T><COLUMN_T>Nº da conta bancária</COLUMN_T><TOOL_TIP_T/><HELP_T/></MDRS_W_UIT_TEXT><MDRS_W_UIT_TEXT><MO_NAME>GEN_BYD_012830</MO_NAME><VERSION_ID>0000000000</VERSION_ID><LANGU>S</LANGU><DB_KEY>ABY+ARSdHd+wy9bINIzV0A==</DB_KEY><PARENT_KEY>ABY+AQOOAt2i8H+i0ZEImw==</PARENT_KEY><UUID>ABY+ARSdHd+wy9bINIz10A==</UUID><SHORT_T>Número de cuenta bancaria</SHORT_T><COLUMN_T>Número de cuenta bancaria</COLUMN_T><TOOL_TIP_T/><HELP_T/></MDRS_W_UIT_TEXT><MDRS_W_UIT_TEXT><MO_NAME>FIN_BS_DOCUMENT_ID</MO_NAME><VERSION_ID>0000000000</VERSION_ID><LANGU>1</LANGU><DB_KEY>ABY+AQK2At2lxod7t8gAYg==</DB_KEY><PARENT_KEY>ABY+AQOOAt2i83d69VfA6A==</PARENT_KEY><UUID>ABY+AQK2At2lxod7uDJAYw==</UUID><SHORT_T>单据编号</SHORT_T><COLUMN_T>单据编号</COLUMN_T><TOOL_TIP_T>银行对账单内部单据编号</TOOL_TIP_T><HELP_T/></MDRS_W_UIT_TEXT><MDRS_W_UIT_TEXT><MO_NAME>FIN_BS_DOCUMENT_ID</MO_NAME><VERSION_ID>0000000000</VERSION_ID><LANGU>D</LANGU><DB_KEY>ABY+AQK2At2lzsaKcKAAmQ==</DB_KEY><PARENT_KEY>ABY+AQOOAt2i83d69VfA6A==</PARENT_KEY><UUID>ABY+AQK2At2lzsaKcPFAmg==</UUID><SHORT_T>Belegnummer</SHORT_T><COLUMN_T>Belegnummer</COLUMN_T><TOOL_TIP_T>Interne Belegnummer des Kontoauszugs</TOOL_TIP_T><HELP_T/></MDRS_W_UIT_TEXT><MDRS_W_UIT_TEXT><MO_NAME>FIN_BS_DOCUMENT_ID</MO_NAME><VERSION_ID>0000000000</VERSION_ID><LANGU>E</LANGU><DB_KEY>ABY+AQOOAt2i83d7DIlA6g==</DB_KEY><PARENT_KEY>ABY+AQOOAt2i83d69VfA6A==</PARENT_KEY><UUID>ABY+AQOOAt2i83d7DAxA6Q==</UUID><SHORT_T>Document ID</SHORT_T><COLUMN_T>Document ID</COLUMN_T><TOOL_TIP_T>Bank Statement Internal Document ID</TOOL_TIP_T><HELP_T/></MDRS_W_UIT_TEXT><MDRS_W_UIT_TEXT><MO_NAME>FIN_BS_DOCUMENT_ID</MO_NAME><VERSION_ID>0000000000</VERSION_ID><LANGU>F</LANGU><DB_KEY>ABY+AQK2At2mt3fu1jkAFg==</DB_KEY><PARENT_KEY>ABY+AQOOAt2i83d69VfA6A==</PARENT_KEY><UUID>ABY+AQK2At2mt3fu1ouAFw==</UUID><SHORT_T>ID pièce</SHORT_T><COLUMN_T>ID pièce</COLUMN_T><TOOL_TIP_T>ID de document interne d'extrait de compte</TOOL_TIP_T><HELP_T/></MDRS_W_UIT_TEXT><MDRS_W_UIT_TEXT><MO_NAME>FIN_BS_DOCUMENT_ID</MO_NAME><VERSION_ID>0000000000</VERSION_ID><LANGU>I</LANGU><DB_KEY>ABY+ARSdHe+ttgJxiu7OPg==</DB_KEY><PARENT_KEY>ABY+AQOOAt2i83d69VfA6A==</PARENT_KEY><UUID>ABY+ARSdHe+ttgJxiu7uPg==</UUID><SHORT_T>ID documento</SHORT_T><COLUMN_T>ID documento</COLUMN_T><TOOL_TIP_T>ID documento interno dell'estratto conto bancario</TOOL_TIP_T><HELP_T/></MDRS_W_UIT_TEXT><MDRS_W_UIT_TEXT><MO_NAME>FIN_BS_DOCUMENT_ID</MO_NAME><VERSION_ID>0000000000</VERSION_ID><LANGU>N</LANGU><DB_KEY>ABY+AlabHuGR8k+7Uj+K4g==</DB_KEY><PARENT_KEY>ABY+AQOOAt2i83d69VfA6A==</PARENT_KEY><UUID>ABY+AlabHuGR8k+7Uj+q4g==</UUID><SHORT_T>Document-ID</SHORT_T><COLUMN_T>Document-ID</COLUMN_T><TOOL_TIP_T>Interne document-ID bankafschrift</TOOL_TIP_T><HELP_T/></MDRS_W_UIT_TEXT><MDRS_W_UIT_TEXT><MO_NAME>FIN_BS_DOCUMENT_ID</MO_NAME><VERSION_ID>0000000000</VERSION_ID><LANGU>P</LANGU><DB_KEY>ABY+AQvgHe+sqwqQRddPNA==</DB_KEY><PARENT_KEY>ABY+AQOOAt2i83d69VfA6A==</PARENT_KEY><UUID>ABY+AQvgHe+sqwqQRddvNA==</UUID><SHORT_T>ID do documento</SHORT_T><COLUMN_T>ID do documento</COLUMN_T><TOOL_TIP_T>ID do documento interno de extrato bancário</TOOL_TIP_T><HELP_T/></MDRS_W_UIT_TEXT><MDRS_W_UIT_TEXT><MO_NAME>FIN_BS_DOCUMENT_ID</MO_NAME><VERSION_ID>0000000000</VERSION_ID><LANGU>S</LANGU><DB_KEY>ABY+AQvgHd+q4UdN/Y3Wtw==</DB_KEY><PARENT_KEY>ABY+AQOOAt2i83d69VfA6A==</PARENT_KEY><UUID>ABY+AQvgHd+q4UdN/Y32tw==</UUID><SHORT_T>ID de documento</SHORT_T><COLUMN_T>ID de documento</COLUMN_T><TOOL_TIP_T>ID de documento interno de estado de cuenta bancaria</TOOL_TIP_T><HELP_T/></MDRS_W_UIT_TEXT><MDRS_W_UIT_TEXT><MO_NAME>GEN_BYD_013404</MO_NAME><VERSION_ID>0000000000</VERSION_ID><LANGU>1</LANGU><DB_KEY>ABY+AQOOAt2PydiwAwVINw==</DB_KEY><PARENT_KEY>ABY+AQOOAt2Pydiv+61IMg==</PARENT_KEY><UUID>ABY+AQOOAt2Pydix79pIPA==</UUID><SHORT_T>项目数</SHORT_T><COLUMN_T>项目数</COLUMN_T><TOOL_TIP_T/><HELP_T/></MDRS_W_UIT_TEXT><MDRS_W_UIT_TEXT><MO_NAME>GEN_BYD_013404</MO_NAME><VERSION_ID>0000000000</VERSION_ID><LANGU>D</LANGU><DB_KEY>ABY+AQOOAt2Pydiv/3iIMw==</DB_KEY><PARENT_KEY>ABY+AQOOAt2Pydiv+61IMg==</PARENT_KEY><UUID>ABY+AQOOAt2Pydix7h6IOA==</UUID><SHORT_T>Anzahl der Posten</SHORT_T><COLUMN_T>Anzahl der Posten</COLUMN_T><TOOL_TIP_T/><HELP_T/></MDRS_W_UIT_TEXT><MDRS_W_UIT_TEXT><MO_NAME>GEN_BYD_013404</MO_NAME><VERSION_ID>0000000000</VERSION_ID><LANGU>E</LANGU><DB_KEY>ABY+AQOOAt2PydiwAIzINA==</DB_KEY><PARENT_KEY>ABY+AQOOAt2Pydiv+61IMg==</PARENT_KEY><UUID>ABY+AQOOAt2Pydix7tKIOQ==</UUID><SHORT_T>Number of Items</SHORT_T><COLUMN_T>Number of Items</COLUMN_T><TOOL_TIP_T/><HELP_T/></MDRS_W_UIT_TEXT><MDRS_W_UIT_TEXT><MO_NAME>GEN_BYD_013404</MO_NAME><VERSION_ID>0000000000</VERSION_ID><LANGU>F</LANGU><DB_KEY>ABY+AQOOAt2PydiwAVnINQ==</DB_KEY><PARENT_KEY>ABY+AQOOAt2Pydiv+61IMg==</PARENT_KEY><UUID>ABY+AQOOAt2Pydix7yyIOg==</UUID><SHORT_T>Nombre de postes</SHORT_T><COLUMN_T>Nombre de postes</COLUMN_T><TOOL_TIP_T/><HELP_T/></MDRS_W_UIT_TEXT><MDRS_W_UIT_TEXT><MO_NAME>GEN_BYD_013404</MO_NAME><VERSION_ID>0000000000</VERSION_ID><LANGU>I</LANGU><DB_KEY>ABY+ARSdHe+v45bw6inZ7g==</DB_KEY><PARENT_KEY>ABY+AQOOAt2Pydiv+61IMg==</PARENT_KEY><UUID>ABY+ARSdHe+v45bw6in57g==</UUID><SHORT_T>Numero di posizioni</SHORT_T><COLUMN_T>Numero di posizioni</COLUMN_T><TOOL_TIP_T/><HELP_T/></MDRS_W_UIT_TEXT><MDRS_W_UIT_TEXT><MO_NAME>GEN_BYD_013404</MO_NAME><VERSION_ID>0000000000</VERSION_ID><LANGU>N</LANGU><DB_KEY>ABY+Ar1OHtGfy+vPzsoBqA==</DB_KEY><PARENT_KEY>ABY+AQOOAt2Pydiv+61IMg==</PARENT_KEY><UUID>ABY+Ar1OHtGfy+vPzsohqA==</UUID><SHORT_T>Aantal regels</SHORT_T><COLUMN_T>Aantal regels</COLUMN_T><TOOL_TIP_T/><HELP_T/></MDRS_W_UIT_TEXT><MDRS_W_UIT_TEXT><MO_NAME>GEN_BYD_013404</MO_NAME><VERSION_ID>0000000000</VERSION_ID><LANGU>P</LANGU><DB_KEY>ABY+ARSdHe+viz/kwCPTQQ==</DB_KEY><PARENT_KEY>ABY+AQOOAt2Pydiv+61IMg==</PARENT_KEY><UUID>ABY+ARSdHe+viz/kwCPzQQ==</UUID><SHORT_T>Nº de itens</SHORT_T><COLUMN_T>Nº de itens</COLUMN_T><TOOL_TIP_T/><HELP_T/></MDRS_W_UIT_TEXT><MDRS_W_UIT_TEXT><MO_NAME>GEN_BYD_013404</MO_NAME><VERSION_ID>0000000000</VERSION_ID><LANGU>S</LANGU><DB_KEY>ABY+ARSdHd+wy9iSMacV/A==</DB_KEY><PARENT_KEY>ABY+AQOOAt2Pydiv+61IMg==</PARENT_KEY><UUID>ABY+ARSdHd+wy9iSMac1/A==</UUID><SHORT_T>Número de posiciones</SHORT_T><COLUMN_T>Número de posiciones</COLUMN_T><TOOL_TIP_T/><HELP_T/></MDRS_W_UIT_TEXT><MDRS_W_UIT_TEXT><MO_NAME>ODATA_SVC_OBJECT_ID</MO_NAME><VERSION_ID>0000000000</VERSION_ID><LANGU>E</LANGU><DB_KEY>ABY+Emf1HtiLzSakkmlSRA==</DB_KEY><PARENT_KEY>ABY+Emf1HtiLzSakkmkSRA==</PARENT_KEY><UUID>ABY+Emf1HtiLzSakkmmyRA==</UUID><SHORT_T>Object ID</SHORT_T><COLUMN_T>Object ID</COLUMN_T><TOOL_TIP_T/><HELP_T/></MDRS_W_UIT_TEXT><MDRS_W_UIT_TEXT><MO_NAME>GEN_BYD_008190</MO_NAME><VERSION_ID>0000000000</VERSION_ID><LANGU>1</LANGU><DB_KEY>ABY+AQOOAt2PyIu35g0VNQ==</DB_KEY><PARENT_KEY>ABY+AQOOAt2PyIu33rPVMA==</PARENT_KEY><UUID>ABY+AQOOAt2PyIu4TAOVOg==</UUID><SHORT_T>期初余额</SHORT_T><COLUMN_T>期初余额</COLUMN_T><TOOL_TIP_T/><HELP_T/></MDRS_W_UIT_TEXT><MDRS_W_UIT_TEXT><MO_NAME>GEN_BYD_008190</MO_NAME><VERSION_ID>0000000000</VERSION_ID><LANGU>D</LANGU><DB_KEY>ABY+AQOOAt2PyIu34n3VMQ==</DB_KEY><PARENT_KEY>ABY+AQOOAt2PyIu33rPVMA==</PARENT_KEY><UUID>ABY+AQOOAt2PyIu4SkpVNg==</UUID><SHORT_T>Eröffnungssaldo</SHORT_T><COLUMN_T>Eröffnungssaldo</COLUMN_T><TOOL_TIP_T/><HELP_T/></MDRS_W_UIT_TEXT><MDRS_W_UIT_TEXT><MO_NAME>GEN_BYD_008190</MO_NAME><VERSION_ID>0000000000</VERSION_ID><LANGU>E</LANGU><DB_KEY>ABY+AQOOAt2PyIu345DVMg==</DB_KEY><PARENT_KEY>ABY+AQOOAt2PyIu33rPVMA==</PARENT_KEY><UUID>ABY+AQOOAt2PyIu4SvlVNw==</UUID><SHORT_T>Opening Balance</SHORT_T><COLUMN_T>Opening Balance</COLUMN_T><TOOL_TIP_T/><HELP_T/></MDRS_W_UIT_TEXT><MDRS_W_UIT_TEXT><MO_NAME>GEN_BYD_008190</MO_NAME><VERSION_ID>0000000000</VERSION_ID><LANGU>F</LANGU><DB_KEY>ABY+AQOOAt2PyIu35F8VMw==</DB_KEY><PARENT_KEY>ABY+AQOOAt2PyIu33rPVMA==</PARENT_KEY><UUID>ABY+AQOOAt2PyIu4S1XVOA==</UUID><SHORT_T>Solde d'ouverture</SHORT_T><COLUMN_T>Solde d'ouverture</COLUMN_T><TOOL_TIP_T/><HELP_T/></MDRS_W_UIT_TEXT><MDRS_W_UIT_TEXT><MO_NAME>GEN_BYD_008190</MO_NAME><VERSION_ID>0000000000</VERSION_ID><LANGU>I</LANGU><DB_KEY>ABY+ARSdHe+us8q5qS3WKA==</DB_KEY><PARENT_KEY>ABY+AQOOAt2PyIu33rPVMA==</PARENT_KEY><UUID>ABY+ARSdHe+us8q5qS32KA==</UUID><SHORT_T>Saldo di apertura</SHORT_T><COLUMN_T>Saldo di apertura</COLUMN_T><TOOL_TIP_T/><HELP_T/></MDRS_W_UIT_TEXT><MDRS_W_UIT_TEXT><MO_NAME>GEN_BYD_008190</MO_NAME><VERSION_ID>0000000000</VERSION_ID><LANGU>N</LANGU><DB_KEY>ABY+Ar1OHtGf5jpMIgAG1A==</DB_KEY><PARENT_KEY>ABY+AQOOAt2PyIu33rPVMA==</PARENT_KEY><UUID>ABY+Ar1OHtGf5jpMIgAm1A==</UUID><SHORT_T>Beginsaldo</SHORT_T><COLUMN_T>Beginsaldo</COLUMN_T><TOOL_TIP_T/><HELP_T/></MDRS_W_UIT_TEXT><MDRS_W_UIT_TEXT><MO_NAME>GEN_BYD_008190</MO_NAME><VERSION_ID>0000000000</VERSION_ID><LANGU>P</LANGU><DB_KEY>ABY+AQvgHe+tqeMwcDYfMA==</DB_KEY><PARENT_KEY>ABY+AQOOAt2PyIu33rPVMA==</PARENT_KEY><UUID>ABY+AQvgHe+tqeMwcDY/MA==</UUID><SHORT_T>Saldo inicial</SHORT_T><COLUMN_T>Saldo inicial</COLUMN_T><TOOL_TIP_T/><HELP_T/></MDRS_W_UIT_TEXT><MDRS_W_UIT_TEXT><MO_NAME>GEN_BYD_008190</MO_NAME><VERSION_ID>0000000000</VERSION_ID><LANGU>S</LANGU><DB_KEY>ABY+ARSdHe+wnTsBIZhQAg==</DB_KEY><PARENT_KEY>ABY+AQOOAt2PyIu33rPVMA==</PARENT_KEY><UUID>ABY+ARSdHe+wnTsBIZhwAg==</UUID><SHORT_T>Saldo inicial</SHORT_T><COLUMN_T>Saldo inicial</COLUMN_T><TOOL_TIP_T/><HELP_T/></MDRS_W_UIT_TEXT><MDRS_W_UIT_TEXT><MO_NAME>GEN_BYD_011518</MO_NAME><VERSION_ID>0000000000</VERSION_ID><LANGU>1</LANGU><DB_KEY>ABY+AQOOAt2PyTjo0eMZDA==</DB_KEY><PARENT_KEY>ABY+AQOOAt2PyTjoysIZBw==</PARENT_KEY><UUID>ABY+AQOOAt2PyTjpP61ZEQ==</UUID><SHORT_T>状态</SHORT_T><COLUMN_T>状态</COLUMN_T><TOOL_TIP_T/><HELP_T/></MDRS_W_UIT_TEXT><MDRS_W_UIT_TEXT><MO_NAME>GEN_BYD_011518</MO_NAME><VERSION_ID>0000000000</VERSION_ID><LANGU>D</LANGU><DB_KEY>ABY+AQOOAt2PyTjoznRZCA==</DB_KEY><PARENT_KEY>ABY+AQOOAt2PyTjoysIZBw==</PARENT_KEY><UUID>ABY+AQOOAt2PyTjpPfVZDQ==</UUID><SHORT_T>Status</SHORT_T><COLUMN_T>Status</COLUMN_T><TOOL_TIP_T/><HELP_T/></MDRS_W_UIT_TEXT><MDRS_W_UIT_TEXT><MO_NAME>GEN_BYD_011518</MO_NAME><VERSION_ID>0000000000</VERSION_ID><LANGU>E</LANGU><DB_KEY>ABY+AQOOAt2PyTjoz3cZCQ==</DB_KEY><PARENT_KEY>ABY+AQOOAt2PyTjoysIZBw==</PARENT_KEY><UUID>ABY+AQOOAt2PyTjpPqRZDg==</UUID><SHORT_T>Status</SHORT_T><COLUMN_T>Status</COLUMN_T><TOOL_TIP_T/><HELP_T/></MDRS_W_UIT_TEXT><MDRS_W_UIT_TEXT><MO_NAME>GEN_BYD_011518</MO_NAME><VERSION_ID>0000000000</VERSION_ID><LANGU>F</LANGU><DB_KEY>ABY+AQOOAt2PyTjo0EVZCg==</DB_KEY><PARENT_KEY>ABY+AQOOAt2PyTjoysIZBw==</PARENT_KEY><UUID>ABY+AQOOAt2PyTjpPv5ZDw==</UUID><SHORT_T>Statut</SHORT_T><COLUMN_T>Statut</COLUMN_T><TOOL_TIP_T/><HELP_T/></MDRS_W_UIT_TEXT><MDRS_W_UIT_TEXT><MO_NAME>GEN_BYD_011518</MO_NAME><VERSION_ID>0000000000</VERSION_ID><LANGU>I</LANGU><DB_KEY>ABY+ARSdHd+0wp39E4CGEA==</DB_KEY><PARENT_KEY>ABY+AQOOAt2PyTjoysIZBw==</PARENT_KEY><UUID>ABY+ARSdHd+0wp39E4CmEA==</UUID><SHORT_T>Stato</SHORT_T><COLUMN_T>Stato</COLUMN_T><TOOL_TIP_T/><HELP_T/></MDRS_W_UIT_TEXT><MDRS_W_UIT_TEXT><MO_NAME>GEN_BYD_011518</MO_NAME><VERSION_ID>0000000000</VERSION_ID><LANGU>N</LANGU><DB_KEY>ABY+Ar1OHuGfsSk5zjrdyg==</DB_KEY><PARENT_KEY>ABY+AQOOAt2PyTjoysIZBw==</PARENT_KEY><UUID>ABY+Ar1OHuGfsSk5zjr9yg==</UUID><SHORT_T>Status</SHORT_T><COLUMN_T>Status</COLUMN_T><TOOL_TIP_T/><HELP_T/></MDRS_W_UIT_TEXT><MDRS_W_UIT_TEXT><MO_NAME>GEN_BYD_011518</MO_NAME><VERSION_ID>0000000000</VERSION_ID><LANGU>P</LANGU><DB_KEY>ABY+ARSdHe+utpMTBPFcBw==</DB_KEY><PARENT_KEY>ABY+AQOOAt2PyTjoysIZBw==</PARENT_KEY><UUID>ABY+ARSdHe+utpMTBPF8Bw==</UUID><SHORT_T>Status</SHORT_T><COLUMN_T>Status</COLUMN_T><TOOL_TIP_T/><HELP_T/></MDRS_W_UIT_TEXT><MDRS_W_UIT_TEXT><MO_NAME>GEN_BYD_011518</MO_NAME><VERSION_ID>0000000000</VERSION_ID><LANGU>S</LANGU><DB_KEY>ABY+ARSdHe+t8CtXsV5AiQ==</DB_KEY><PARENT_KEY>ABY+AQOOAt2PyTjoysIZBw==</PARENT_KEY><UUID>ABY+ARSdHe+t8CtXsV5giQ==</UUID><SHORT_T>Estado</SHORT_T><COLUMN_T>Estado</COLUMN_T><TOOL_TIP_T/><HELP_T/></MDRS_W_UIT_TEXT><MDRS_W_UIT_TEXT><MO_NAME>FIN_BS_VALIDITY_YEAR</MO_NAME><VERSION_ID>0000000000</VERSION_ID><LANGU>1</LANGU><DB_KEY>ABY+AQK2At2ticag5mBAOg==</DB_KEY><PARENT_KEY>ABY+AQaEAt2osTf6G2ZAlg==</PARENT_KEY><UUID>ABY+AQK2At2ticag5q3AOw==</UUID><SHORT_T>有效年度</SHORT_T><COLUMN_T>有效年度</COLUMN_T><TOOL_TIP_T/><HELP_T/></MDRS_W_UIT_TEXT><MDRS_W_UIT_TEXT><MO_NAME>FIN_BS_VALIDITY_YEAR</MO_NAME><VERSION_ID>0000000000</VERSION_ID><LANGU>D</LANGU><DB_KEY>ABY+AQK2At2qzQ20ESSAXQ==</DB_KEY><PARENT_KEY>ABY+AQaEAt2osTf6G2ZAlg==</PARENT_KEY><UUID>ABY+AQK2At2qzQ20EXcAXg==</UUID><SHORT_T>Gültigkeitsjahr</SHORT_T><COLUMN_T>Gültigkeitsjahr</COLUMN_T><TOOL_TIP_T/><HELP_T/></MDRS_W_UIT_TEXT><MDRS_W_UIT_TEXT><MO_NAME>FIN_BS_VALIDITY_YEAR</MO_NAME><VERSION_ID>0000000000</VERSION_ID><LANGU>E</LANGU><DB_KEY>ABY+AQaEAt2osTf7qvSAmA==</DB_KEY><PARENT_KEY>ABY+AQaEAt2osTf6G2ZAlg==</PARENT_KEY><UUID>ABY+AQaEAt2osTf7xg4AmQ==</UUID><SHORT_T>Validity Year</SHORT_T><COLUMN_T>Validity Year</COLUMN_T><TOOL_TIP_T/><HELP_T/></MDRS_W_UIT_TEXT><MDRS_W_UIT_TEXT><MO_NAME>FIN_BS_VALIDITY_YEAR</MO_NAME><VERSION_ID>0000000000</VERSION_ID><LANGU>F</LANGU><DB_KEY>ABY+AQK2At2uxejMwP/AFw==</DB_KEY><PARENT_KEY>ABY+AQaEAt2osTf6G2ZAlg==</PARENT_KEY><UUID>ABY+AQK2At2uxejMwU/AGA==</UUID><SHORT_T>Année de validité</SHORT_T><COLUMN_T>Année de validité</COLUMN_T><TOOL_TIP_T/><HELP_T/></MDRS_W_UIT_TEXT><MDRS_W_UIT_TEXT><MO_NAME>FIN_BS_VALIDITY_YEAR</MO_NAME><VERSION_ID>0000000000</VERSION_ID><LANGU>I</LANGU><DB_KEY>ABY+ARSdHe+u0o1tprjYJQ==</DB_KEY><PARENT_KEY>ABY+AQaEAt2osTf6G2ZAlg==</PARENT_KEY><UUID>ABY+ARSdHe+u0o1tprj4JQ==</UUID><SHORT_T>Anno di validità</SHORT_T><COLUMN_T>Anno di validità</COLUMN_T><TOOL_TIP_T/><HELP_T/></MDRS_W_UIT_TEXT><MDRS_W_UIT_TEXT><MO_NAME>FIN_BS_VALIDITY_YEAR</MO_NAME><VERSION_ID>0000000000</VERSION_ID><LANGU>N</LANGU><DB_KEY>ABY+AlabHuGR8k+7UkBK4g==</DB_KEY><PARENT_KEY>ABY+AQaEAt2osTf6G2ZAlg==</PARENT_KEY><UUID>ABY+AlabHuGR8k+7UkBq4g==</UUID><SHORT_T>Geldigheidsjaar</SHORT_T><COLUMN_T>Geldigheidsjaar</COLUMN_T><TOOL_TIP_T/><HELP_T/></MDRS_W_UIT_TEXT><MDRS_W_UIT_TEXT><MO_NAME>FIN_BS_VALIDITY_YEAR</MO_NAME><VERSION_ID>0000000000</VERSION_ID><LANGU>P</LANGU><DB_KEY>ABY+AQvgHd+svsBLxU8Dpw==</DB_KEY><PARENT_KEY>ABY+AQaEAt2osTf6G2ZAlg==</PARENT_KEY><UUID>ABY+AQvgHd+svsBLxU8jpw==</UUID><SHORT_T>Ano de validade</SHORT_T><COLUMN_T>Ano de validade</COLUMN_T><TOOL_TIP_T/><HELP_T/></MDRS_W_UIT_TEXT><MDRS_W_UIT_TEXT><MO_NAME>FIN_BS_VALIDITY_YEAR</MO_NAME><VERSION_ID>0000000000</VERSION_ID><LANGU>S</LANGU><DB_KEY>ABY+AQvgHd+q4V2hqZNW3g==</DB_KEY><PARENT_KEY>ABY+AQaEAt2osTf6G2ZAlg==</PARENT_KEY><UUID>ABY+AQvgHd+q4V2hqZN23g==</UUID><SHORT_T>Año de validez</SHORT_T><COLUMN_T>Año de validez</COLUMN_T><TOOL_TIP_T/><HELP_T/></MDRS_W_UIT_TEXT></UITEXT_DESC><CODELIST_METADTA><ODATA_EXT_DEF_CLIST_PROP><CLIENT>120</CLIENT><NODE_ID>ABY+dKeCHti83HiozPyI8A==</NODE_ID><PARENT_NODE_ID>ABY+dKeCHti83HiozPxI8A==</PARENT_NODE_ID><ROOT_NODE_ID>ABY+dKeCHti83GwXOnQIgA==</ROOT_NODE_ID><MO_NAME/><RESOLVED_BO_ELEMENT_NAME>OVERALL_POSTPROCESSING_C</RESOLVED_BO_ELEMENT_NAME><RESOLVED_BO_NAME>FOPXP_BANKSTAT</RESOLVED_BO_NAME><RESOLVED_BO_NODE_NAME>ROOT</RESOLVED_BO_NODE_NAME><UUID>ABY+dKeCHti83HiozPyo8A==</UUID><RESOLVED_BO_NODE_DO_PREFIX/></ODATA_EXT_DEF_CLIST_PROP><ODATA_EXT_DEF_CLIST_PROP><CLIENT>120</CLIENT><NODE_ID>ABY+dKeCHti83HltcTYI8A==</NODE_ID><PARENT_NODE_ID>ABY+dKeCHti83HltcTXI8A==</PARENT_NODE_ID><ROOT_NODE_ID>ABY+dKeCHti83GwXOnQIgA==</ROOT_NODE_ID><MO_NAME/><RESOLVED_BO_ELEMENT_NAME>STATUS-LC_STAT_C</RESOLVED_BO_ELEMENT_NAME><RESOLVED_BO_NAME>FOPXP_BANKSTAT</RESOLVED_BO_NAME><RESOLVED_BO_NODE_NAME>ROOT</RESOLVED_BO_NODE_NAME><UUID>ABY+dKeCHti83HltcTYo8A==</UUID><RESOLVED_BO_NODE_DO_PREFIX/></ODATA_EXT_DEF_CLIST_PROP><ODATA_EXT_DEF_CLIST_PROP><CLIENT>120</CLIENT><NODE_ID>ABY+X1pBHtmE0gbrMx3Jdw==</NODE_ID><PARENT_NODE_ID>ABY+X1pBHtmE0gbrMx2Jdw==</PARENT_NODE_ID><ROOT_NODE_ID>ABY+dKeCHti83GwXOnQIgA==</ROOT_NODE_ID><MO_NAME/><RESOLVED_BO_ELEMENT_NAME>OPENING_BAL_AMT-CURRENCY_CODE</RESOLVED_BO_ELEMENT_NAME><RESOLVED_BO_NAME>FOPXP_BANKSTAT</RESOLVED_BO_NAME><RESOLVED_BO_NODE_NAME>ROOT</RESOLVED_BO_NODE_NAME><UUID>ABY+X1pBHtmE0gbrMx3pdw==</UUID><RESOLVED_BO_NODE_DO_PREFIX/></ODATA_EXT_DEF_CLIST_PROP><ODATA_EXT_DEF_CLIST_PROP><CLIENT>120</CLIENT><NODE_ID>ABY+X1pBHtmE0ib5LmQJ3w==</NODE_ID><PARENT_NODE_ID>ABY+X1pBHtmE0ib5LmPJ3w==</PARENT_NODE_ID><ROOT_NODE_ID>ABY+dKeCHti83GwXOnQIgA==</ROOT_NODE_ID><MO_NAME/><RESOLVED_BO_ELEMENT_NAME>BANK_ACCT_TC</RESOLVED_BO_ELEMENT_NAME><RESOLVED_BO_NAME>FOPXP_HBA</RESOLVED_BO_NAME><RESOLVED_BO_NODE_NAME>ROOT</RESOLVED_BO_NODE_NAME><UUID>ABY+X1pBHtmE0ib5LmQp3w==</UUID><RESOLVED_BO_NODE_DO_PREFIX/></ODATA_EXT_DEF_CLIST_PROP><ODATA_EXT_DEF_CLIST_PROP><CLIENT>120</CLIENT><NODE_ID>ABY+X1pBHtmE0iku+MOJ4A==</NODE_ID><PARENT_NODE_ID>ABY+X1pBHtmE0iku+MNJ4A==</PARENT_NODE_ID><ROOT_NODE_ID>ABY+dKeCHti83GwXOnQIgA==</ROOT_NODE_ID><MO_NAME/><RESOLVED_BO_ELEMENT_NAME>DESCRIPTION-LANGUAGE_CODE</RESOLVED_BO_ELEMENT_NAME><RESOLVED_BO_NAME>FOPXP_HBA</RESOLVED_BO_NAME><RESOLVED_BO_NODE_NAME>DESCRIPTION</RESOLVED_BO_NODE_NAME><UUID>ABY+X1pBHtmE0iku+MOp4A==</UUID><RESOLVED_BO_NODE_DO_PREFIX/></ODATA_EXT_DEF_CLIST_PROP></CODELIST_METADTA><INCLUDED_BO_NODE/><EXTERNAL_INFORMATION/></SERVICE></asx:values></asx:abap>