{
	"id": "fb226016-c425-4907-bf13-fd97d286fcc8",
	"name": "ByD End-to-End Scenarios - Environment Template",
	"values": [
		{
			"key": "TenantHostname",
			"value": "my ByD hostname (myXXXXXX@sapbydesign.com)",
			"enabled": true
		},
		{
			"key": "User",
			"value": "my logon user ID",
			"enabled": true
		},
		{
			"key": "Password",
			"value": "my user password",
			"enabled": true
		},
		{
			"key": "x-csrf-token",
			"value": "",
			"description": {
				"content": "",
				"type": "text/plain"
			},
			"enabled": true
		},
		{
			"key": "CommunicationUser",
			"value": "my communication user ID",
			"description": "",
			"enabled": true
		},
		{
			"key": "CommunicationUserPW",
			"value": "my communication user password",
			"description": "",
			"enabled": true
		},
		{
			"key": "CustomerID",
			"value": "CP100120",
			"description": {
				"content": "",
				"type": "text/plain"
			},
			"enabled": true
		},
		{
			"key": "ServiceProduct1",
			"value": "S200103",
			"description": {
				"content": "",
				"type": "text/plain"
			},
			"enabled": true
		},
		{
			"key": "ServiceProduct2",
			"value": "S200121",
			"description": {
				"content": "",
				"type": "text/plain"
			},
			"enabled": true
		},
		{
			"key": "ItemQuantity1",
			"value": "80",
			"description": {
				"content": "",
				"type": "text/plain"
			},
			"enabled": true
		},
		{
			"key": "ItemQuantity2",
			"value": "38",
			"description": {
				"content": "",
				"type": "text/plain"
			},
			"enabled": true
		},
		{
			"key": "Variant",
			"value": "1",
			"description": {
				"content": "",
				"type": "text/plain"
			},
			"enabled": true
		},
		{
			"key": "SalesOrderExternalReference",
			"value": "",
			"enabled": true
		},
		{
			"key": "SalesOrderObjectID",
			"value": "",
			"enabled": true
		},
		{
			"key": "SalesOrderID",
			"value": "",
			"description": {
				"content": "",
				"type": "text/plain"
			},
			"enabled": true
		},
		{
			"key": "SalesOrderUUID",
			"value": "",
			"enabled": true
		},
		{
			"key": "SalesOrderItemID",
			"value": "",
			"enabled": true
		},
		{
			"key": "SalesOrderItemUUID",
			"value": "",
			"enabled": true
		},
		{
			"key": "Item1-ObjectID",
			"value": "",
			"enabled": true
		},
		{
			"key": "Item2-ObjectID",
			"value": "",
			"enabled": true
		},
		{
			"key": "CustomerInvoiceRequestObjectID",
			"value": "",
			"enabled": true
		},
		{
			"key": "ExternalReferencePrefix",
			"value": "R-",
			"description": {
				"content": "",
				"type": "text/plain"
			},
			"enabled": true
		},
		{
			"key": "CustomerInvoiceID",
			"value": "",
			"enabled": true
		},
		{
			"key": "CustomerInvoiceObjectID",
			"value": "",
			"enabled": true
		},
		{
			"key": "CompanyID",
			"value": "1000",
			"description": {
				"content": "",
				"type": "text/plain"
			},
			"enabled": true
		},
		{
			"key": "SalesUnitID",
			"value": "P1110",
			"description": "",
			"enabled": true
		},
		{
			"key": "SetOfBooks",
			"value": "9011",
			"description": {
				"content": "",
				"type": "text/plain"
			},
			"enabled": true
		},
		{
			"key": "CompanyPaymentFileRegisterObjectID",
			"value": "",
			"enabled": true
		},
		{
			"key": "HouseBankUUID",
			"value": "",
			"description": {
				"content": "",
				"type": "text/plain"
			},
			"enabled": true
		},
		{
			"key": "HouseBankAccountObjectID",
			"value": "",
			"enabled": true
		},
		{
			"key": "OpenItemsKeyDate",
			"value": "",
			"enabled": true
		},
		{
			"key": "HouseBankAccountID",
			"value": "1100062588",
			"description": {
				"content": "",
				"type": "text/plain"
			},
			"enabled": true
		},
		{
			"key": "HouseBankRoutingID",
			"value": "64203513",
			"description": {
				"content": "",
				"type": "text/plain"
			},
			"enabled": true
		},
		{
			"key": "LastBankStatementClosingBalanceAmount",
			"value": "",
			"enabled": true
		},
		{
			"key": "LastBankStatementClosingBalanceCurrency",
			"value": "USD",
			"enabled": true
		},
		{
			"key": "LastBankStatementDate",
			"value": "190103",
			"enabled": true
		},
		{
			"key": "LastBankStatementID",
			"value": "1",
			"enabled": true
		},
		{
			"key": "TotalNumberOfDueItemsToBeCleared",
			"value": "5",
			"description": {
				"content": "",
				"type": "text/plain"
			},
			"enabled": true
		},
		{
			"key": "MaxNumberOfDueItemsToBeClearedPartially",
			"value": "0",
			"description": {
				"content": "",
				"type": "text/plain"
			},
			"enabled": true
		},
		{
			"key": "BAI2-BankStatementFile",
			"value": "",
			"enabled": true
		},
		{
			"key": "BAI2-BankStatementFile-base64",
			"value": "",
			"enabled": true
		},
		{
			"key": "IncomingFileObjectID",
			"value": "",
			"description": {
				"content": "",
				"type": "text/plain"
			},
			"enabled": true
		},
		{
			"key": "SupplierID",
			"value": "S100400",
			"description": "",
			"enabled": true
		},
		{
			"key": "PurchasingUnitID",
			"value": "A1110",
			"description": "",
			"enabled": true
		},
		{
			"key": "LocationID",
			"value": "P1100",
			"description": "",
			"enabled": true
		},
		{
			"key": "MaterialID",
			"value": "P110401",
			"description": "",
			"enabled": true
		},
		{
			"key": "PurchaseOrderID",
			"value": "",
			"description": "",
			"enabled": true
		},
		{
			"key": "PurchaseOrderItemID",
			"value": "",
			"enabled": true
		},
		{
			"key": "PurchaseOrderUUID",
			"value": "",
			"enabled": true
		},
		{
			"key": "PurchaseOrderItemUUID",
			"value": "",
			"enabled": true
		},
		{
			"key": "PurchaseOrderObjectID",
			"value": "",
			"description": "",
			"enabled": true
		},
		{
			"key": "EmployeeID",
			"value": "E0004",
			"description": "",
			"enabled": true
		},
		{
			"key": "InboundDeliveryRequestObjectID",
			"value": "",
			"enabled": true
		},
		{
			"key": "InboundDeliveryRequestID",
			"value": "",
			"enabled": true
		},
		{
			"key": "InboundDeliveryRequestUUID",
			"value": "",
			"enabled": true
		},
		{
			"key": "InboundDeliveryRequestItemID",
			"value": "",
			"enabled": true
		},
		{
			"key": "InboundDeliveryRequestItemUUID",
			"value": "",
			"enabled": true
		},
		{
			"key": "InboundDeliveryNotificationID",
			"value": "",
			"description": "",
			"enabled": true
		},
		{
			"key": "InboundDeliveryNotificationObjectID",
			"value": "",
			"enabled": true
		},
		{
			"key": "InboundDeliveryNotificationItemObjectID",
			"value": "",
			"enabled": true
		},
		{
			"key": "ConfirmedInboundDeliveryObjectID",
			"value": "",
			"enabled": true
		},
		{
			"key": "ConfirmedInboundDeliveryID",
			"value": "",
			"enabled": true
		},
		{
			"key": "SupplierInvoiceExternalDocumentID",
			"value": "",
			"enabled": true
		},
		{
			"key": "InvoiceDate",
			"value": "",
			"enabled": true
		},
		{
			"key": "SupplierInvoiceDescription",
			"value": "",
			"enabled": true
		},
		{
			"key": "SupplierInvoiceID",
			"value": "",
			"enabled": true
		},
		{
			"key": "SupplierInvoiceObjectID",
			"value": "",
			"enabled": true
		},
		{
			"key": "SupplierInvoiceExceptionObjectID",
			"value": "",
			"enabled": true
		},
		{
			"key": "WholesalesItemQuantity1",
			"value": "190",
			"description": "",
			"enabled": true
		},
		{
			"key": "WholesalesItemPrice1",
			"value": "266.00",
			"description": "",
			"enabled": true
		},
		{
			"key": "RequestedFulfillmentStartDate",
			"value": "",
			"enabled": true
		},
		{
			"key": "RequestedFulfillmentEndDate",
			"value": "",
			"enabled": true
		},
		{
			"key": "OutboundDeliveryRequestObjectID",
			"value": "",
			"enabled": true
		},
		{
			"key": "OutboundDeliveryRequestItemObjectID",
			"value": "",
			"enabled": true
		},
		{
			"key": "OutboundDeliveryRequestID",
			"value": "",
			"enabled": true
		},
		{
			"key": "OutboundDeliveryID",
			"value": "",
			"enabled": true
		},
		{
			"key": "OutboundDeliveryObjectID",
			"value": "",
			"enabled": true
		},
		{
			"key": "CustomerID2",
			"value": "CP100110",
			"description": "",
			"enabled": true
		},
		{
			"key": "DropShipmentItemQuantity1",
			"value": "800",
			"description": "",
			"enabled": true
		},
		{
			"key": "MaterialID2",
			"value": "P100202",
			"description": "",
			"enabled": true
		},
		{
			"key": "Item1-VendorPartyObjectID",
			"value": "",
			"enabled": true
		},
		{
			"key": "SupplierID2",
			"value": "S100401",
			"description": "",
			"enabled": true
		},
		{
			"key": "LeadID",
			"value": "",
			"enabled": true
		},
		{
			"key": "LeadObjectID",
			"value": "",
			"enabled": true
		},
		{
			"key": "LeadSourceCode",
			"value": "001",
			"description": "",
			"enabled": true
		},
		{
			"key": "LeadQualificationCode",
			"value": "03",
			"description": "",
			"enabled": true
		},
		{
			"key": "LeadClassificationCategoryCode",
			"value": "0023",
			"description": "",
			"enabled": true
		},
		{
			"key": "LeadDescription",
			"value": "New product launch",
			"enabled": true
		},
		{
			"key": "LeadEndDate",
			"value": "",
			"enabled": true
		},
		{
			"key": "LeadStartDate",
			"value": "",
			"enabled": true
		},
		{
			"key": "SupplyPlanningAreaID",
			"value": "P1100",
			"description": "",
			"enabled": true
		},
		{
			"key": "MaterialID3",
			"value": "P100101",
			"description": "",
			"enabled": true
		},
		{
			"key": "ProductionProcurementQuantity",
			"value": "10",
			"description": "",
			"enabled": true
		},
		{
			"key": "ProductionPlanningOrderQuantity",
			"value": "8",
			"description": "",
			"enabled": true
		},
		{
			"key": "ProductionConfirmedQuantity",
			"value": "7",
			"description": "",
			"enabled": true
		},
		{
			"key": "ProductionConfirmedScrapQuantity",
			"value": "3",
			"description": "",
			"enabled": true
		},
		{
			"key": "EmployeeID2",
			"value": "E0108",
			"description": "",
			"enabled": true
		},
		{
			"key": "ProductionPlanningOrderID",
			"value": "",
			"enabled": true
		},
		{
			"key": "MaterialAvailabilityDateTime",
			"value": "",
			"enabled": true
		},
		{
			"key": "ProductionPlanningOrderObjectID",
			"value": "",
			"enabled": true
		},
		{
			"key": "ProductionOrderID",
			"value": "",
			"enabled": true
		},
		{
			"key": "ProductionOrderObjectID",
			"value": "",
			"enabled": true
		},
		{
			"key": "ProductionLotID",
			"value": "",
			"enabled": true
		},
		{
			"key": "ProductionLotUUID",
			"value": "",
			"enabled": true
		},
		{
			"key": "ConfirmationGroupUUID",
			"value": "",
			"enabled": true
		},
		{
			"key": "ProductionTaskID",
			"value": "",
			"enabled": true
		},
		{
			"key": "ProductionTaskUUID",
			"value": "",
			"enabled": true
		},
		{
			"key": "ReportingPointUUID",
			"value": "",
			"enabled": true
		},
		{
			"key": "DeviationReason",
			"value": "",
			"description": "",
			"enabled": true
		},
		{
			"key": "ProductionExecutionDateTime",
			"value": "",
			"enabled": true
		},
		{
			"key": "MaterialID4",
			"value": "P100505",
			"description": "",
			"enabled": true
		},
		{
			"key": "MaterialID5",
			"value": "P100201",
			"description": "",
			"enabled": true
		},
		{
			"key": "SupplierID3",
			"value": "S100400",
			"description": "",
			"enabled": true
		},
		{
			"key": "PriceMaterial4",
			"value": "46.46",
			"description": "",
			"enabled": true
		},
		{
			"key": "PriceMaterial5",
			"value": "45",
			"description": "",
			"enabled": true
		},
		{
			"key": "PurchaseOrderItemID2",
			"value": "",
			"enabled": true
		},
		{
			"key": "PurchaseOrderItemUUID2",
			"value": "",
			"enabled": true
		},
		{
			"key": "InboundDeliveryRequestItemID2",
			"value": "",
			"enabled": true
		},
		{
			"key": "InboundDeliveryRequestItemUUID2",
			"value": "",
			"enabled": true
		},
		{
			"key": "MarketingEmployeeID",
			"value": "E0104",
			"description": "",
			"enabled": true
		},
		{
			"key": "SalesEmployeeID",
			"value": "E0102",
			"description": "",
			"enabled": true
		},
		{
			"key": "OpportunityID",
			"value": "",
			"description": "",
			"enabled": true
		},
		{
			"key": "OpportunityObjectID",
			"value": "",
			"enabled": true
		},
		{
			"key": "OpportunityDescription",
			"value": "",
			"description": "",
			"enabled": true
		},
		{
			"key": "OpportunityQualificationCode",
			"value": "0023",
			"description": "",
			"enabled": true
		},
		{
			"key": "OpportunitySourceCode",
			"value": "001",
			"description": "",
			"enabled": true
		},
		{
			"key": "OpportunitySalesPhaseCode",
			"value": "003",
			"description": "",
			"enabled": true
		},
		{
			"key": "OpportunityChanceOfSuccessPercent",
			"value": "42",
			"description": "",
			"enabled": true
		},
		{
			"key": "OpportunityMaterialID",
			"value": "P110310",
			"description": "",
			"enabled": true
		},
		{
			"key": "OpportunityItemQuantity",
			"value": "500",
			"description": "",
			"enabled": true
		},
		{
			"key": "OpportunityExpectedRevenueAmount",
			"value": "100000",
			"description": "",
			"enabled": true
		},
		{
			"key": "OpportunityWonExpectedRevenueAmount",
			"value": "40000",
			"description": "",
			"enabled": true
		},
		{
			"key": "OpportunityEndDate",
			"value": "",
			"enabled": true
		},
		{
			"key": "OpportunityStartDate",
			"value": "",
			"enabled": true
		},
		{
			"key": "ServiceRequestSubjectPrefix",
			"value": "Repair",
			"description": "",
			"enabled": true
		},
		{
			"key": "ServiceRequestCustomerID",
			"value": "CP100110",
			"description": "",
			"enabled": true
		},
		{
			"key": "ServiceRequestRegisteredProduct",
			"value": "REG_100401_CP100110",
			"description": "",
			"enabled": true
		},
		{
			"key": "ServiceRequestServiceCategory",
			"value": "10014172",
			"description": "",
			"enabled": true
		},
		{
			"key": "ServiceRequestProcessor",
			"value": "8000000018",
			"description": "",
			"enabled": true
		},
		{
			"key": "ServiceOrderProductID",
			"value": "S200108",
			"description": "",
			"enabled": true
		},
		{
			"key": "ServiceOrderQuantity",
			"value": "40",
			"description": "",
			"enabled": true
		},
		{
			"key": "ServiceOrderServicePerformer",
			"value": "E0114",
			"description": "",
			"enabled": true
		},
		{
			"key": "ServiceRequestServiceUnit",
			"value": "P1130",
			"description": "",
			"enabled": true
		},
		{
			"key": "ServiceOrderStartDateTime",
			"value": "",
			"enabled": true
		},
		{
			"key": "ServiceRequestID",
			"value": "",
			"enabled": true
		},
		{
			"key": "ServiceRequestObjectID",
			"value": "",
			"enabled": true
		},
		{
			"key": "ServiceOrderID",
			"value": "",
			"enabled": true
		},
		{
			"key": "ServiceOrderObjectID",
			"value": "",
			"enabled": true
		},
		{
			"key": "ServiceOrderProcessorObjectID",
			"value": "",
			"enabled": true
		},
		{
			"key": "ServiceOrderExternalReference",
			"value": "",
			"enabled": true
		},
		{
			"key": "ServiceOrderItemObjectID",
			"value": "",
			"enabled": true
		},
		{
			"key": "ServiceConfirmationID",
			"value": "",
			"enabled": true
		},
		{
			"key": "ServiceConfirmationItemObjectID",
			"value": "",
			"enabled": true
		},
		{
			"key": "SalesQuoteExternalReference",
			"value": "",
			"enabled": true
		},
		{
			"key": "SalesQuoteID",
			"value": "",
			"enabled": true
		},
		{
			"key": "SalesQuoteObjectID",
			"value": "",
			"enabled": true
		},
		{
			"key": "FreightForwarderID",
			"value": "S100800",
			"description": "",
			"enabled": true
		},
		{
			"key": "DropShipmentItemPrice1",
			"value": "99",
			"description": "",
			"enabled": true
		}
	],
	"_postman_variable_scope": "environment",
	"_postman_exported_at": "2019-02-21T15:28:14.335Z",
	"_postman_exported_using": "Postman/6.7.3"
}