{
	"id": "fea05cff-b997-491d-969a-a3118d570fc4",
	"name": "ByD Projects - Template Environment",
	"values": [
		{
			"key": "TenantHostname",
			"value": "my ByD hostname (myXXXXXX@sapbydesign.com)",
			"enabled": true
		},
		{
			"key": "User",
			"value": "my logon user ID",
			"enabled": true
		},
		{
			"key": "Password",
			"value": "my user password",
			"enabled": true
		},
		{
			"key": "x-csrf-token",
			"value": "",
			"enabled": true
		},
		{
			"key": "SalesOrderExternalReference",
			"value": "",
			"enabled": true
		},
		{
			"key": "Name",
			"value": "",
			"enabled": true
		},
		{
			"key": "DataOriginTypeCode",
			"value": "",
			"enabled": true
		},
		{
			"key": "ID",
			"value": "",
			"enabled": true
		},
		{
			"key": "BuyerPartyObjectID",
			"value": "",
			"enabled": true
		},
		{
			"key": "PricingTermsObjectID",
			"value": "",
			"enabled": true
		},
		{
			"key": "ItemProductObjectID",
			"value": "",
			"enabled": true
		},
		{
			"key": "ItemScheduleLineObjectID",
			"value": "",
			"enabled": true
		},
		{
			"key": "ProjectID",
			"value": "",
			"enabled": true
		},
		{
			"key": "ProjectObjectID",
			"value": "",
			"enabled": true
		},
		{
			"key": "ProjectSummaryTaskObjectID",
			"value": "",
			"description": {
				"content": "",
				"type": "text/plain"
			},
			"enabled": true
		},
		{
			"key": "ProjectTaskObjectID_1",
			"value": "",
			"description": {
				"content": "",
				"type": "text/plain"
			},
			"enabled": true
		},
		{
			"key": "ProjectTaskObjectID_2",
			"value": "",
			"description": {
				"content": "",
				"type": "text/plain"
			},
			"enabled": true
		},
		{
			"key": "ProjectTaskObjectID_3",
			"value": "",
			"enabled": true
		},
		{
			"key": "ProjectTaskObjectID_4",
			"value": "",
			"description": {
				"content": "",
				"type": "text/plain"
			},
			"enabled": true
		},
		{
			"key": "ProjectTaskUUID_1",
			"value": "",
			"description": {
				"content": "",
				"type": "text/plain"
			},
			"enabled": true
		},
		{
			"key": "ProjectTaskUUID_2",
			"value": "",
			"description": {
				"content": "",
				"type": "text/plain"
			},
			"enabled": true
		},
		{
			"key": "ProjectTaskID_1",
			"value": "",
			"enabled": true
		},
		{
			"key": "ProjectTaskID_2",
			"value": "",
			"enabled": true
		},
		{
			"key": "ProjectTaskID_3",
			"value": "",
			"enabled": true
		},
		{
			"key": "ProjectTaskID_4",
			"value": "",
			"enabled": true
		},
		{
			"key": "Project ResponsibleCostCentreID",
			"value": "S1111",
			"enabled": true
		},
		{
			"key": "EmployeeID",
			"value": "E0002",
			"enabled": true
		},
		{
			"key": "ObjectID",
			"value": "",
			"enabled": true
		},
		{
			"key": "ParentObjectID",
			"value": "",
			"enabled": true
		},
		{
			"key": "Date_1",
			"value": "",
			"description": {
				"content": "",
				"type": "text/plain"
			},
			"enabled": true
		},
		{
			"key": "Date_2",
			"value": "",
			"description": {
				"content": "",
				"type": "text/plain"
			},
			"enabled": true
		},
		{
			"key": "EmployeeID_1",
			"value": "E0202",
			"description": {
				"content": "",
				"type": "text/plain"
			},
			"enabled": true
		},
		{
			"key": "EmployeeID_2",
			"value": "E0101",
			"description": {
				"content": "",
				"type": "text/plain"
			},
			"enabled": true
		},
		{
			"key": "EmployeeID_3",
			"value": "EXT0004",
			"description": {
				"content": "",
				"type": "text/plain"
			},
			"enabled": true
		},
		{
			"key": "EmployeeID_4",
			"value": "E1002",
			"description": {
				"content": "",
				"type": "text/plain"
			},
			"enabled": true
		},
		{
			"key": "ProjectTeamObjectID_0",
			"value": "",
			"description": {
				"content": "",
				"type": "text/plain"
			},
			"enabled": true
		},
		{
			"key": "ProjectTeamObjectID_1",
			"value": "",
			"description": {
				"content": "",
				"type": "text/plain"
			},
			"enabled": true
		},
		{
			"key": "ServiceProduct_1",
			"value": "S200103",
			"description": {
				"content": "",
				"type": "text/plain"
			},
			"enabled": true
		},
		{
			"key": "ServiceProduct_2",
			"value": "S200101",
			"description": {
				"content": "",
				"type": "text/plain"
			},
			"enabled": true
		},
		{
			"key": "ServiceProduct_3",
			"value": "S200105",
			"description": {
				"content": "",
				"type": "text/plain"
			},
			"enabled": true
		},
		{
			"key": "AttachmentObjectID",
			"value": "",
			"description": {
				"content": "",
				"type": "text/plain"
			},
			"enabled": true
		},
		{
			"key": "SalesOrderItemObjectID",
			"value": "",
			"description": {
				"content": "",
				"type": "text/plain"
			},
			"enabled": true
		},
		{
			"key": "MaterialID_non-stock",
			"value": "P100800",
			"description": {
				"content": "",
				"type": "text/plain"
			},
			"enabled": true
		},
		{
			"key": "MaterialID_stock",
			"value": "P100401",
			"description": {
				"content": "",
				"type": "text/plain"
			},
			"enabled": true
		},
		{
			"key": "ProjectBuyerPartyObjectID",
			"value": null,
			"description": {
				"content": "",
				"type": "text/plain"
			},
			"enabled": true
		},
		{
			"key": "Project BuyerPartyID",
			"value": "CP100110",
			"description": {
				"content": "",
				"type": "text/plain"
			},
			"enabled": true
		},
		{
			"key": "SalesUnitID",
			"value": "P1110",
			"description": {
				"content": "",
				"type": "text/plain"
			},
			"enabled": true
		},
		{
			"key": "CustomerID",
			"value": "CP100110",
			"description": {
				"content": "",
				"type": "text/plain"
			},
			"enabled": true
		},
		{
			"key": "ServiceProductID",
			"value": "300002",
			"description": {
				"content": "",
				"type": "text/plain"
			},
			"enabled": true
		},
		{
			"key": "ExternalReferencePrefix",
			"value": "R-",
			"description": "",
			"enabled": true
		},
		{
			"key": "SalesOrderID",
			"value": "",
			"description": "",
			"enabled": true
		},
		{
			"key": "SalesOrderObjectID",
			"value": "",
			"enabled": true
		},
		{
			"key": "SalesOrderItemObjectID2",
			"value": "",
			"enabled": true
		},
		{
			"key": "SalesOrderItemObjectID3",
			"value": "",
			"enabled": true
		},
		{
			"key": "ProjectTaskServiceObjectID_1",
			"value": "",
			"enabled": true
		},
		{
			"key": "ProjectTaskServiceObjectID_2",
			"value": "",
			"enabled": true
		},
		{
			"key": "ProjectTaskServiceObjectID_3",
			"value": "",
			"enabled": true
		}
	],
	"_postman_variable_scope": "environment",
	"_postman_exported_at": "2019-02-15T12:17:54.492Z",
	"_postman_exported_using": "Postman/6.7.3"
}