{
	"id": "b1ea2a14-699b-40c3-974b-2cfa68dde64b",
	"name": "ByD Analytics - Template Environment",
	"values": [
		{
			"key": "TenantHostname",
			"value": "my ByD hostname (myXXXXXX@sapbydesign.com)",
			"enabled": true
		},
		{
			"key": "User",
			"value": "my logon user ID",
			"enabled": true
		},
		{
			"key": "Password",
			"value": "my user password",
			"enabled": true
		},
		{
			"key": "CommunicationUser",
			"value": "my communication user ID",
			"description": "",
			"enabled": true
		},
		{
			"key": "CommunicationUserPW",
			"value": "my communication user password",
			"description": "",
			"enabled": true
		},
		{
			"key": "InvoiceVolume_ReportID",
			"value": "CRMCIVIB_Q0001",
			"description": "",
			"enabled": true
		},
		{
			"key": "EmployeeOverview_ReportID",
			"value": "HCMPAB01_Q1001",
			"description": "",
			"enabled": true
		},
		{
			"key": "InventoryReport_ReportID",
			"value": "SCMINVV02_Q0001",
			"description": "",
			"enabled": true
		},
		{
			"key": "MonitoringPurchaseOrders_ReportID",
			"value": "SRMPO_B02_Q0004",
			"description": "",
			"enabled": true
		},
		{
			"key": "GLAccountsLineItems_ReportID",
			"value": "FINGLAU02_Q0001",
			"description": "",
			"enabled": true
		},
		{
			"key": "AccountDetails_ReportID",
			"value": "BUPCSD_Q0001",
			"description": "",
			"enabled": true
		},
		{
			"key": "UserAccessRights_ReportID",
			"value": "CCAB01_Q002",
			"description": "",
			"enabled": true
		},
		{
			"key": "SalesOrderVolume_ReportID",
			"value": "CRMSLOIB_Q0001",
			"description": "",
			"enabled": true
		},
		{
			"key": "AccountsReceivableOpenItems_ReportID",
			"value": "FINGLAU08_Q0002",
			"description": "",
			"enabled": true
		},
		{
			"key": "TodayDateTime",
			"value": "",
			"enabled": true
		}
	],
	"_postman_variable_scope": "environment",
	"_postman_exported_at": "2019-02-20T14:14:01.854Z",
	"_postman_exported_using": "Postman/6.7.3"
}