<?xml version="1.0" encoding="utf-8"?><asx:abap version="1.0" xmlns:asx="http://www.sap.com/abapxml"><asx:values><SERVICE><ROOT><CLIENT>171</CLIENT><NODE_ID>ABY+cwb3HtmJiMoejsP8ew==</NODE_ID><NAME/><SERVICE_NAME>vmumaterialvaluationdata</SERVICE_NAME><SERVICE_NAMESPACE>cust</SERVICE_NAMESPACE><SRVC_NAMESPACE_ALIAS/><DATA_PROVIDER_CLASS/><MODEL_PROVIDER_CLASS/><EXIT_CLASS/><CREATION_DATE_TIME>20190208121751.0</CREATION_DATE_TIME><CREATION_IDENTITY_UUID>AAAAAAABHe+617Q9qHhsNg==</CREATION_IDENTITY_UUID><LAST_CHANGE_DATE_TIME>20190208121751.0</LAST_CHANGE_DATE_TIME><LAST_CHANGE_IDENTITY_UUID>AAAAAAABHe+617Q9qHhsNg==</LAST_CHANGE_IDENTITY_UUID><PACKAGE_NAME/><IS_EXTENSION/><IS_DRAFT/><STATUS_LIFE_CYCLE_STAT>1</STATUS_LIFE_CYCLE_STAT><IMPL_VERSION_CODE>V2</IMPL_VERSION_CODE><START_UI_APPLICATION_ID/><CODE_DESCRIPTION_ENABLED/><SERVICE_DATA_BINARY_MIME_CODE/><CHARACTER_SET_CODE/><SERVICE_DATA_BINARY_FORMAT/><SERVICE_DATA_BINARY_FILE_NAME/><SERVICE_DATA_BINARY_URI/><SERVICE_DATA_BINARY/><START_UI_APPLICATION_WOC_NAME/><START_UI_APPLN_WOC_VIEW_NAME>MMA_INVENTORYVALUATION</START_UI_APPLN_WOC_VIEW_NAME><SERVICE_DOCUMENTATION_URL/><NO_AUTH_CHECK/><KEY_MAPPING_ENABLED/><PDI_SOLUTION_NAMESPACE/><IS_PDI_SOL_INACTIVE/><XODATA_NAME/><SAP_RELEASE>784</SAP_RELEASE><SAP_SUPP_PACKAGE>5</SAP_SUPP_PACKAGE></ROOT><ENTITIES><ODATA_EXTENSION_DEF_EN_001><CLIENT>171</CLIENT><NODE_ID>ABY+cwb3HtmJiNF/WdO8gg==</NODE_ID><PARENT_NODE_ID>ABY+cwb3HtmJiMoejsP8ew==</PARENT_NODE_ID><MO_NAME/><REF_UUID_KEY_UUID/><REF_UUID_KEY_VERSION_ID>0000000000</REF_UUID_KEY_VERSION_ID><ORDINAL_NUMBER>1</ORDINAL_NUMBER><NAME>MaterialValuationData</NAME><SADL_XML>&lt;?xml version="1.0" encoding="utf-16"?&gt;&lt;sadl:definition xmlns:sadl="http://sap.com/sap.nw.f.sadl" &gt; &lt;sadl:modes&gt; &lt;sadl:mode type="UI" /&gt; &lt;/sadl:modes&gt; &lt;sadl:dataSource type="BusinessObjectNode" name="DS" binding="FIA_MATERIAL_VALU_DATA~ROOT" /&gt;&lt;sadl:resultSet&gt;&lt;sadl:structure name="ROOT" dataSource="DS" maxEditMode="RO" type="QUERY_ONLY" &gt; &lt;sadl:query name="SADL_QUERY" &gt; &lt;sadl:inputStructure&gt; &lt;sadl:inputParameter name="MATERIAL_UUID_CONTENT" &gt; &lt;sadl:attribute binding="MATERIAL_UUID_CONTENT" /&gt; &lt;/sadl:inputParameter&gt; &lt;sadl:inputParameter name="OBJECTID" &gt; &lt;sadl:attribute binding="OBJECTID" /&gt; &lt;/sadl:inputParameter&gt; &lt;/sadl:inputStructure&gt; &lt;/sadl:query&gt; &lt;sadl:attribute name="MATERIAL_UUID_CONTENT" binding="MATERIAL_UUID-CONTENT" /&gt; &lt;sadl:attribute name="OBJECTID" binding="NODE_ID" /&gt;&lt;/sadl:structure&gt;&lt;/sadl:resultSet&gt;&lt;/sadl:definition&gt;</SADL_XML><LEADING_BO_NAME>FIA_MATERIAL_VALU_DATA</LEADING_BO_NAME><SADL_LAST_CHANGE_DATE_TIME>20190215112112.496161</SADL_LAST_CHANGE_DATE_TIME><ENTRY_TITLE_PROPERTY_BINDING/><CORE_ENT_LAST_CHANGE_DATE_TIME>0.0</CORE_ENT_LAST_CHANGE_DATE_TIME><LEADING_BO_NODE_NAME>ROOT</LEADING_BO_NODE_NAME><ENTRY_AUTHOR_PROPERTY_BINDING/><ENTRY_CRE_AT_PROPERTY_BINDING/><ENTRY_UPD_AT_PROPERTY_BINDING/><IS_CREATABLE/><IS_UPDATABLE/><IS_DELETABLE/><DEFAULT_ENTITY_SET_NAME>MaterialValuationDataCollection</DEFAULT_ENTITY_SET_NAME><RBAM_UI_APPLICATION_ID/><LAST_CHANGE_DATE_TIME>20190208121751.0</LAST_CHANGE_DATE_TIME><DO_PREFIX/><PREDECESSOR_ENTITY_UUID/><START_UI_APPLICATION_WOC_NAME/><START_UI_APPLN_WOC_VIEW_NAME/><IS_CODELIST_ENTITY_TYPE/><UI_TEXT_KEY_NAME>FIA_MATERIAL_VALU_DATA</UI_TEXT_KEY_NAME><UI_TEXT_KEY_VERSION_ID>0000000000</UI_TEXT_KEY_VERSION_ID><UITXT_REDEF_IND/></ODATA_EXTENSION_DEF_EN_001><ODATA_EXTENSION_DEF_EN_001><CLIENT>171</CLIENT><NODE_ID>ABY+cwb3HtmJiNTJXIO8gg==</NODE_ID><PARENT_NODE_ID>ABY+cwb3HtmJiMoejsP8ew==</PARENT_NODE_ID><MO_NAME/><REF_UUID_KEY_UUID/><REF_UUID_KEY_VERSION_ID>0000000000</REF_UUID_KEY_VERSION_ID><ORDINAL_NUMBER>3</ORDINAL_NUMBER><NAME>MaterialValuationDataInventoryValuationSpecification</NAME><SADL_XML>&lt;?xml version="1.0" encoding="utf-16"?&gt;&lt;sadl:definition xmlns:sadl="http://sap.com/sap.nw.f.sadl" &gt; &lt;sadl:modes&gt; &lt;sadl:mode type="UI" /&gt; &lt;/sadl:modes&gt; &lt;sadl:dataSource type="BusinessObjectNode" name="DS" binding="FIA_MATERIAL_VALU_DATA~INVEN_VALU_SPECIFICATION" /&gt;&lt;sadl:resultSet&gt;&lt;sadl:structure name="ROOT" dataSource="DS" maxEditMode="RO" type="QUERY_ONLY" &gt; &lt;sadl:query name="SADL_QUERY" &gt; &lt;sadl:inputStructure&gt; &lt;sadl:inputParameter name="OBJECTID" &gt; &lt;sadl:attribute binding="OBJECTID" /&gt; &lt;/sadl:inputParameter&gt; &lt;sadl:inputParameter name="PARENTOBJECTID" &gt; &lt;sadl:attribute binding="PARENTOBJECTID" /&gt; &lt;/sadl:inputParameter&gt; &lt;sadl:inputParameter name="PERPETUAL_INVEN_VALU_PROCED_" &gt; &lt;sadl:attribute binding="PERPETUAL_INVEN_VALU_PROCED_" /&gt; &lt;/sadl:inputParameter&gt; &lt;/sadl:inputStructure&gt; &lt;/sadl:query&gt; &lt;sadl:attribute name="OBJECTID" binding="NODE_ID" /&gt; &lt;sadl:attribute name="PARENTOBJECTID" binding="PARENT_NODE_ID" /&gt; &lt;sadl:attribute name="PERPETUAL_INVEN_VALU_PROCED_" binding="PERPETUAL_INVEN_VALU_PROCED_C" /&gt;&lt;/sadl:structure&gt;&lt;/sadl:resultSet&gt;&lt;/sadl:definition&gt;</SADL_XML><LEADING_BO_NAME>FIA_MATERIAL_VALU_DATA</LEADING_BO_NAME><SADL_LAST_CHANGE_DATE_TIME>20190215112112.499445</SADL_LAST_CHANGE_DATE_TIME><ENTRY_TITLE_PROPERTY_BINDING/><CORE_ENT_LAST_CHANGE_DATE_TIME>0.0</CORE_ENT_LAST_CHANGE_DATE_TIME><LEADING_BO_NODE_NAME>INVEN_VALU_SPECIFICATION</LEADING_BO_NODE_NAME><ENTRY_AUTHOR_PROPERTY_BINDING/><ENTRY_CRE_AT_PROPERTY_BINDING/><ENTRY_UPD_AT_PROPERTY_BINDING/><IS_CREATABLE>X</IS_CREATABLE><IS_UPDATABLE>X</IS_UPDATABLE><IS_DELETABLE>X</IS_DELETABLE><DEFAULT_ENTITY_SET_NAME>MaterialValuationDataInventoryValuationSpecificationCollection</DEFAULT_ENTITY_SET_NAME><RBAM_UI_APPLICATION_ID/><LAST_CHANGE_DATE_TIME>20190208121751.0</LAST_CHANGE_DATE_TIME><DO_PREFIX/><PREDECESSOR_ENTITY_UUID>ABY+cwb3HtmJiNF/WdO8gg==</PREDECESSOR_ENTITY_UUID><START_UI_APPLICATION_WOC_NAME/><START_UI_APPLN_WOC_VIEW_NAME/><IS_CODELIST_ENTITY_TYPE/><UI_TEXT_KEY_NAME/><UI_TEXT_KEY_VERSION_ID>0000000000</UI_TEXT_KEY_VERSION_ID><UITXT_REDEF_IND/></ODATA_EXTENSION_DEF_EN_001><ODATA_EXTENSION_DEF_EN_001><CLIENT>171</CLIENT><NODE_ID>ABY+cwb3HtmJiNsYBm5chQ==</NODE_ID><PARENT_NODE_ID>ABY+cwb3HtmJiMoejsP8ew==</PARENT_NODE_ID><MO_NAME/><REF_UUID_KEY_UUID/><REF_UUID_KEY_VERSION_ID>0000000000</REF_UUID_KEY_VERSION_ID><ORDINAL_NUMBER>990</ORDINAL_NUMBER><NAME>CodeList</NAME><SADL_XML>&lt;?xml version="1.0" encoding="utf-16"?&gt;&lt;sadl:definition xmlns:sadl="http://sap.com/sap.nw.f.sadl" &gt; &lt;sadl:modes&gt; &lt;sadl:mode type="UI" /&gt; &lt;/sadl:modes&gt; &lt;sadl:dataSource type="BusinessObjectNode" name="DS" binding="~" /&gt;&lt;sadl:resultSet&gt;&lt;sadl:structure name="ROOT" dataSource="DS" maxEditMode="RO" type="QUERY_ONLY" &gt; &lt;sadl:query name="SADL_QUERY" &gt; &lt;/sadl:query&gt;&lt;/sadl:structure&gt;&lt;/sadl:resultSet&gt;&lt;/sadl:definition&gt;</SADL_XML><LEADING_BO_NAME/><SADL_LAST_CHANGE_DATE_TIME>20190215112112.501716</SADL_LAST_CHANGE_DATE_TIME><ENTRY_TITLE_PROPERTY_BINDING/><CORE_ENT_LAST_CHANGE_DATE_TIME>0.0</CORE_ENT_LAST_CHANGE_DATE_TIME><LEADING_BO_NODE_NAME/><ENTRY_AUTHOR_PROPERTY_BINDING/><ENTRY_CRE_AT_PROPERTY_BINDING/><ENTRY_UPD_AT_PROPERTY_BINDING/><IS_CREATABLE/><IS_UPDATABLE/><IS_DELETABLE/><DEFAULT_ENTITY_SET_NAME/><RBAM_UI_APPLICATION_ID/><LAST_CHANGE_DATE_TIME>20190208121751.0</LAST_CHANGE_DATE_TIME><DO_PREFIX/><PREDECESSOR_ENTITY_UUID/><START_UI_APPLICATION_WOC_NAME/><START_UI_APPLN_WOC_VIEW_NAME/><IS_CODELIST_ENTITY_TYPE>X</IS_CODELIST_ENTITY_TYPE><UI_TEXT_KEY_NAME/><UI_TEXT_KEY_VERSION_ID>0000000000</UI_TEXT_KEY_VERSION_ID><UITXT_REDEF_IND/></ODATA_EXTENSION_DEF_EN_001><ODATA_EXTENSION_DEF_EN_001><CLIENT>171</CLIENT><NODE_ID>ABY+cwb3HtmJqny06ypiqQ==</NODE_ID><PARENT_NODE_ID>ABY+cwb3HtmJiMoejsP8ew==</PARENT_NODE_ID><MO_NAME/><REF_UUID_KEY_UUID/><REF_UUID_KEY_VERSION_ID>0000000000</REF_UUID_KEY_VERSION_ID><ORDINAL_NUMBER>2</ORDINAL_NUMBER><NAME>MaterialValuationDataAccountDeterminationSpecification</NAME><SADL_XML>&lt;?xml version="1.0" encoding="utf-16"?&gt;&lt;sadl:definition xmlns:sadl="http://sap.com/sap.nw.f.sadl" &gt; &lt;sadl:modes&gt; &lt;sadl:mode type="UI" /&gt; &lt;/sadl:modes&gt; &lt;sadl:dataSource type="BusinessObjectNode" name="DS" binding="FIA_MATERIAL_VALU_DATA~ACCTDET_SPECIFICATION" /&gt;&lt;sadl:resultSet&gt;&lt;sadl:structure name="ROOT" dataSource="DS" maxEditMode="RO" type="QUERY_ONLY" &gt; &lt;sadl:query name="SADL_QUERY" &gt; &lt;sadl:inputStructure&gt; &lt;sadl:inputParameter name="ACCOUNT_DET_MATVD_GROUP_CODE" &gt; &lt;sadl:attribute binding="ACCOUNT_DET_MATVD_GROUP_CODE" /&gt; &lt;/sadl:inputParameter&gt; &lt;sadl:inputParameter name="OBJECTID" &gt; &lt;sadl:attribute binding="OBJECTID" /&gt; &lt;/sadl:inputParameter&gt; &lt;sadl:inputParameter name="PARENTOBJECTID" &gt; &lt;sadl:attribute binding="PARENTOBJECTID" /&gt; &lt;/sadl:inputParameter&gt; &lt;/sadl:inputStructure&gt; &lt;/sadl:query&gt; &lt;sadl:attribute name="ACCOUNT_DET_MATVD_GROUP_CODE" binding="ACCOUNT_DET_MATVD_GROUP_CODE" /&gt; &lt;sadl:attribute name="OBJECTID" binding="NODE_ID" /&gt; &lt;sadl:attribute name="PARENTOBJECTID" binding="PARENT_NODE_ID" /&gt;&lt;/sadl:structure&gt;&lt;/sadl:resultSet&gt;&lt;/sadl:definition&gt;</SADL_XML><LEADING_BO_NAME>FIA_MATERIAL_VALU_DATA</LEADING_BO_NAME><SADL_LAST_CHANGE_DATE_TIME>20190215112112.503912</SADL_LAST_CHANGE_DATE_TIME><ENTRY_TITLE_PROPERTY_BINDING/><CORE_ENT_LAST_CHANGE_DATE_TIME>0.0</CORE_ENT_LAST_CHANGE_DATE_TIME><LEADING_BO_NODE_NAME>ACCTDET_SPECIFICATION</LEADING_BO_NODE_NAME><ENTRY_AUTHOR_PROPERTY_BINDING/><ENTRY_CRE_AT_PROPERTY_BINDING/><ENTRY_UPD_AT_PROPERTY_BINDING/><IS_CREATABLE>X</IS_CREATABLE><IS_UPDATABLE>X</IS_UPDATABLE><IS_DELETABLE>X</IS_DELETABLE><DEFAULT_ENTITY_SET_NAME>MaterialValuationDataAccountDeterminationSpecificationCollection</DEFAULT_ENTITY_SET_NAME><RBAM_UI_APPLICATION_ID/><LAST_CHANGE_DATE_TIME>20190208121751.0</LAST_CHANGE_DATE_TIME><DO_PREFIX/><PREDECESSOR_ENTITY_UUID>ABY+cwb3HtmJiNF/WdO8gg==</PREDECESSOR_ENTITY_UUID><START_UI_APPLICATION_WOC_NAME/><START_UI_APPLN_WOC_VIEW_NAME/><IS_CODELIST_ENTITY_TYPE/><UI_TEXT_KEY_NAME/><UI_TEXT_KEY_VERSION_ID>0000000000</UI_TEXT_KEY_VERSION_ID><UITXT_REDEF_IND/></ODATA_EXTENSION_DEF_EN_001></ENTITIES><PROPERTIES><ODATA_EXTENSION_DEF_PR_001><CLIENT>171</CLIENT><NODE_ID>ABY+cwb3HtmJiPnqMGw9Qg==</NODE_ID><PARENT_NODE_ID>ABY+cwb3HtmJiNF/WdO8gg==</PARENT_NODE_ID><ROOT_NODE_ID>ABY+cwb3HtmJiMoejsP8ew==</ROOT_NODE_ID><MO_NAME/><ORDINAL_NUMBER>11</ORDINAL_NUMBER><NAME>MaterialUUID</NAME><DATA_TYPE>Guid</DATA_TYPE><IS_COMPLEX/><ABAP_DT_NAME>MATERIAL_UUID_CONTENT</ABAP_DT_NAME><BO_PATH>MATERIAL_UUID-CONTENT</BO_PATH><COMPLEX_TYPE_UUID/><IS_CODE_TYPE/><IS_CREATABLE/><IS_UPDATABLE/><IS_NULLABLE>X</IS_NULLABLE><IS_FILTERABLE>X</IS_FILTERABLE><HAS_FIXED_LENGTH>X</HAS_FIXED_LENGTH><MAX_LENGTH>36</MAX_LENGTH><PRECISION_VALUE>36</PRECISION_VALUE><SCALE>0</SCALE><DEFAULT_VALUE/><IS_HIDDEN_IN_EDM/><BO_PATH_WITH_FILTER/><IS_ALPHA_CONV_ALLOWED/><IS_LANGU_CODE/><CODELIST_ENTITY_SET_UUID/><IS_EXTENSION_FIELD/><IS_FREE_SEARCH_ENABLED/><IS_TRASIENT/><IS_INTERNAL/><IS_EXTERNAL/><LOCAL_ID_TYPE/><IS_PARENT_EXTERNAL_KEY/><IS_REF_EXTERNAL_KEY/><USE_EXTERNAL_INFO/><REF_EXT_KEY_UUID_KEY/><EXTERNAL_KEY_LEVEL_CODE/><EXCLUDE_FROM_SADL/><SAM_STATUS_VARIABLE_UUID/><UI_TEXT_KEY_NAME/><UI_TEXT_KEY_VERSION_ID>0000000000</UI_TEXT_KEY_VERSION_ID><UITXT_REDEF_IND/><CONCURRENCY_MODE/><INTERNAL_KEY_LEVEL_CODE/><CONTEXT_PROPERTY_UUID_UUID/><VERSION_ID>0000000000</VERSION_ID><IS_DATE_TYPE/><IS_ETAG_RELEVANT/><BO_NAME>FIA_MATERIAL_VALU_DATA</BO_NAME><BO_NODE_NAME>ROOT</BO_NODE_NAME><BO_NODE_ELEMENT_PATH>MATERIAL_UUID-CONTENT</BO_NODE_ELEMENT_PATH><DO_PREFIX/><IS_DWB_PROP/><IS_MULTI_VALUED/><ENCRYPTED_MAX_LENGTH>0</ENCRYPTED_MAX_LENGTH></ODATA_EXTENSION_DEF_PR_001><ODATA_EXTENSION_DEF_PR_001><CLIENT>171</CLIENT><NODE_ID>ABY+cwb3HtmJiNF/WdPcgg==</NODE_ID><PARENT_NODE_ID>ABY+cwb3HtmJiNF/WdO8gg==</PARENT_NODE_ID><ROOT_NODE_ID>ABY+cwb3HtmJiMoejsP8ew==</ROOT_NODE_ID><MO_NAME/><ORDINAL_NUMBER>1</ORDINAL_NUMBER><NAME>ObjectID</NAME><DATA_TYPE>String</DATA_TYPE><IS_COMPLEX/><ABAP_DT_NAME>OBJECTID</ABAP_DT_NAME><BO_PATH>NODE_ID</BO_PATH><COMPLEX_TYPE_UUID/><IS_CODE_TYPE/><IS_CREATABLE/><IS_UPDATABLE/><IS_NULLABLE/><IS_FILTERABLE>X</IS_FILTERABLE><HAS_FIXED_LENGTH>X</HAS_FIXED_LENGTH><MAX_LENGTH>70</MAX_LENGTH><PRECISION_VALUE>70</PRECISION_VALUE><SCALE>0</SCALE><DEFAULT_VALUE/><IS_HIDDEN_IN_EDM/><BO_PATH_WITH_FILTER/><IS_ALPHA_CONV_ALLOWED/><IS_LANGU_CODE/><CODELIST_ENTITY_SET_UUID/><IS_EXTENSION_FIELD/><IS_FREE_SEARCH_ENABLED/><IS_TRASIENT/><IS_INTERNAL/><IS_EXTERNAL/><LOCAL_ID_TYPE/><IS_PARENT_EXTERNAL_KEY/><IS_REF_EXTERNAL_KEY/><USE_EXTERNAL_INFO/><REF_EXT_KEY_UUID_KEY/><EXTERNAL_KEY_LEVEL_CODE/><EXCLUDE_FROM_SADL/><SAM_STATUS_VARIABLE_UUID/><UI_TEXT_KEY_NAME>ODATA_SVC_OBJECT_ID</UI_TEXT_KEY_NAME><UI_TEXT_KEY_VERSION_ID>0000000000</UI_TEXT_KEY_VERSION_ID><UITXT_REDEF_IND/><CONCURRENCY_MODE/><INTERNAL_KEY_LEVEL_CODE/><CONTEXT_PROPERTY_UUID_UUID/><VERSION_ID>0000000000</VERSION_ID><IS_DATE_TYPE/><IS_ETAG_RELEVANT/><BO_NAME/><BO_NODE_NAME/><BO_NODE_ELEMENT_PATH/><DO_PREFIX/><IS_DWB_PROP/><IS_MULTI_VALUED/><ENCRYPTED_MAX_LENGTH>0</ENCRYPTED_MAX_LENGTH></ODATA_EXTENSION_DEF_PR_001><ODATA_EXTENSION_DEF_PR_001><CLIENT>171</CLIENT><NODE_ID>ABY+cwb3HtmJiNTJXIQcgg==</NODE_ID><PARENT_NODE_ID>ABY+cwb3HtmJiNTJXIO8gg==</PARENT_NODE_ID><ROOT_NODE_ID>ABY+cwb3HtmJiMoejsP8ew==</ROOT_NODE_ID><MO_NAME/><ORDINAL_NUMBER>1</ORDINAL_NUMBER><NAME>ObjectID</NAME><DATA_TYPE>String</DATA_TYPE><IS_COMPLEX/><ABAP_DT_NAME>OBJECTID</ABAP_DT_NAME><BO_PATH>NODE_ID</BO_PATH><COMPLEX_TYPE_UUID/><IS_CODE_TYPE/><IS_CREATABLE/><IS_UPDATABLE/><IS_NULLABLE/><IS_FILTERABLE>X</IS_FILTERABLE><HAS_FIXED_LENGTH>X</HAS_FIXED_LENGTH><MAX_LENGTH>70</MAX_LENGTH><PRECISION_VALUE>70</PRECISION_VALUE><SCALE>0</SCALE><DEFAULT_VALUE/><IS_HIDDEN_IN_EDM/><BO_PATH_WITH_FILTER/><IS_ALPHA_CONV_ALLOWED/><IS_LANGU_CODE/><CODELIST_ENTITY_SET_UUID/><IS_EXTENSION_FIELD/><IS_FREE_SEARCH_ENABLED/><IS_TRASIENT/><IS_INTERNAL/><IS_EXTERNAL/><LOCAL_ID_TYPE/><IS_PARENT_EXTERNAL_KEY/><IS_REF_EXTERNAL_KEY/><USE_EXTERNAL_INFO/><REF_EXT_KEY_UUID_KEY/><EXTERNAL_KEY_LEVEL_CODE/><EXCLUDE_FROM_SADL/><SAM_STATUS_VARIABLE_UUID/><UI_TEXT_KEY_NAME>ODATA_SVC_OBJECT_ID</UI_TEXT_KEY_NAME><UI_TEXT_KEY_VERSION_ID>0000000000</UI_TEXT_KEY_VERSION_ID><UITXT_REDEF_IND/><CONCURRENCY_MODE/><INTERNAL_KEY_LEVEL_CODE/><CONTEXT_PROPERTY_UUID_UUID/><VERSION_ID>0000000000</VERSION_ID><IS_DATE_TYPE/><IS_ETAG_RELEVANT/><BO_NAME/><BO_NODE_NAME/><BO_NODE_ELEMENT_PATH/><DO_PREFIX/><IS_DWB_PROP/><IS_MULTI_VALUED/><ENCRYPTED_MAX_LENGTH>0</ENCRYPTED_MAX_LENGTH></ODATA_EXTENSION_DEF_PR_001><ODATA_EXTENSION_DEF_PR_001><CLIENT>171</CLIENT><NODE_ID>ABY+cwb3HtmJiNTJXIQ8gg==</NODE_ID><PARENT_NODE_ID>ABY+cwb3HtmJiNTJXIO8gg==</PARENT_NODE_ID><ROOT_NODE_ID>ABY+cwb3HtmJiMoejsP8ew==</ROOT_NODE_ID><MO_NAME/><ORDINAL_NUMBER>2</ORDINAL_NUMBER><NAME>ParentObjectID</NAME><DATA_TYPE>String</DATA_TYPE><IS_COMPLEX/><ABAP_DT_NAME>PARENTOBJECTID</ABAP_DT_NAME><BO_PATH>PARENT_NODE_ID</BO_PATH><COMPLEX_TYPE_UUID/><IS_CODE_TYPE/><IS_CREATABLE>X</IS_CREATABLE><IS_UPDATABLE/><IS_NULLABLE>X</IS_NULLABLE><IS_FILTERABLE>X</IS_FILTERABLE><HAS_FIXED_LENGTH>X</HAS_FIXED_LENGTH><MAX_LENGTH>70</MAX_LENGTH><PRECISION_VALUE>70</PRECISION_VALUE><SCALE>0</SCALE><DEFAULT_VALUE/><IS_HIDDEN_IN_EDM/><BO_PATH_WITH_FILTER/><IS_ALPHA_CONV_ALLOWED/><IS_LANGU_CODE/><CODELIST_ENTITY_SET_UUID/><IS_EXTENSION_FIELD/><IS_FREE_SEARCH_ENABLED/><IS_TRASIENT/><IS_INTERNAL/><IS_EXTERNAL/><LOCAL_ID_TYPE/><IS_PARENT_EXTERNAL_KEY/><IS_REF_EXTERNAL_KEY/><USE_EXTERNAL_INFO/><REF_EXT_KEY_UUID_KEY/><EXTERNAL_KEY_LEVEL_CODE/><EXCLUDE_FROM_SADL/><SAM_STATUS_VARIABLE_UUID/><UI_TEXT_KEY_NAME>ODATA_SVC_PARENT_OBJECT_ID</UI_TEXT_KEY_NAME><UI_TEXT_KEY_VERSION_ID>0000000000</UI_TEXT_KEY_VERSION_ID><UITXT_REDEF_IND/><CONCURRENCY_MODE/><INTERNAL_KEY_LEVEL_CODE/><CONTEXT_PROPERTY_UUID_UUID/><VERSION_ID>0000000000</VERSION_ID><IS_DATE_TYPE/><IS_ETAG_RELEVANT/><BO_NAME/><BO_NODE_NAME/><BO_NODE_ELEMENT_PATH/><DO_PREFIX/><IS_DWB_PROP/><IS_MULTI_VALUED/><ENCRYPTED_MAX_LENGTH>0</ENCRYPTED_MAX_LENGTH></ODATA_EXTENSION_DEF_PR_001><ODATA_EXTENSION_DEF_PR_001><CLIENT>171</CLIENT><NODE_ID>ABY+cwb3HtmJiNsYBm48hQ==</NODE_ID><PARENT_NODE_ID>ABY+cwb3HtmJiNTJXIO8gg==</PARENT_NODE_ID><ROOT_NODE_ID>ABY+cwb3HtmJiMoejsP8ew==</ROOT_NODE_ID><MO_NAME/><ORDINAL_NUMBER>11</ORDINAL_NUMBER><NAME>PerpetualInventoryValuationProcedureCode</NAME><DATA_TYPE>String</DATA_TYPE><IS_COMPLEX/><ABAP_DT_NAME>PERPETUAL_INVEN_VALU_PROCED_</ABAP_DT_NAME><BO_PATH>PERPETUAL_INVEN_VALU_PROCED_C</BO_PATH><COMPLEX_TYPE_UUID/><IS_CODE_TYPE>X</IS_CODE_TYPE><IS_CREATABLE/><IS_UPDATABLE/><IS_NULLABLE>X</IS_NULLABLE><IS_FILTERABLE>X</IS_FILTERABLE><HAS_FIXED_LENGTH>X</HAS_FIXED_LENGTH><MAX_LENGTH>3</MAX_LENGTH><PRECISION_VALUE>3</PRECISION_VALUE><SCALE>0</SCALE><DEFAULT_VALUE/><IS_HIDDEN_IN_EDM/><BO_PATH_WITH_FILTER/><IS_ALPHA_CONV_ALLOWED/><IS_LANGU_CODE/><CODELIST_ENTITY_SET_UUID>ABY+cwb3HtmJiNsYBm7chQ==</CODELIST_ENTITY_SET_UUID><IS_EXTENSION_FIELD/><IS_FREE_SEARCH_ENABLED/><IS_TRASIENT/><IS_INTERNAL/><IS_EXTERNAL/><LOCAL_ID_TYPE/><IS_PARENT_EXTERNAL_KEY/><IS_REF_EXTERNAL_KEY/><USE_EXTERNAL_INFO/><REF_EXT_KEY_UUID_KEY/><EXTERNAL_KEY_LEVEL_CODE/><EXCLUDE_FROM_SADL/><SAM_STATUS_VARIABLE_UUID/><UI_TEXT_KEY_NAME>GEN_BYD_010127</UI_TEXT_KEY_NAME><UI_TEXT_KEY_VERSION_ID>0000000000</UI_TEXT_KEY_VERSION_ID><UITXT_REDEF_IND/><CONCURRENCY_MODE/><INTERNAL_KEY_LEVEL_CODE/><CONTEXT_PROPERTY_UUID_UUID/><VERSION_ID>0000000000</VERSION_ID><IS_DATE_TYPE/><IS_ETAG_RELEVANT/><BO_NAME>FIA_MATERIAL_VALU_DATA</BO_NAME><BO_NODE_NAME>INVEN_VALU_SPECIFICATION</BO_NODE_NAME><BO_NODE_ELEMENT_PATH>PERPETUAL_INVEN_VALU_PROCED_C</BO_NODE_ELEMENT_PATH><DO_PREFIX/><IS_DWB_PROP/><IS_MULTI_VALUED/><ENCRYPTED_MAX_LENGTH>0</ENCRYPTED_MAX_LENGTH></ODATA_EXTENSION_DEF_PR_001><ODATA_EXTENSION_DEF_PR_001><CLIENT>171</CLIENT><NODE_ID>ABY+cwb3HtmJiNsYBm58hQ==</NODE_ID><PARENT_NODE_ID>ABY+cwb3HtmJiNsYBm5chQ==</PARENT_NODE_ID><ROOT_NODE_ID>ABY+cwb3HtmJiMoejsP8ew==</ROOT_NODE_ID><MO_NAME/><ORDINAL_NUMBER>0</ORDINAL_NUMBER><NAME>Code</NAME><DATA_TYPE>String</DATA_TYPE><IS_COMPLEX/><ABAP_DT_NAME>CONTENT</ABAP_DT_NAME><BO_PATH/><COMPLEX_TYPE_UUID/><IS_CODE_TYPE/><IS_CREATABLE/><IS_UPDATABLE/><IS_NULLABLE/><IS_FILTERABLE>X</IS_FILTERABLE><HAS_FIXED_LENGTH/><MAX_LENGTH>0</MAX_LENGTH><PRECISION_VALUE>0</PRECISION_VALUE><SCALE>0</SCALE><DEFAULT_VALUE/><IS_HIDDEN_IN_EDM/><BO_PATH_WITH_FILTER/><IS_ALPHA_CONV_ALLOWED/><IS_LANGU_CODE/><CODELIST_ENTITY_SET_UUID/><IS_EXTENSION_FIELD/><IS_FREE_SEARCH_ENABLED/><IS_TRASIENT/><IS_INTERNAL/><IS_EXTERNAL/><LOCAL_ID_TYPE/><IS_PARENT_EXTERNAL_KEY/><IS_REF_EXTERNAL_KEY/><USE_EXTERNAL_INFO/><REF_EXT_KEY_UUID_KEY/><EXTERNAL_KEY_LEVEL_CODE/><EXCLUDE_FROM_SADL/><SAM_STATUS_VARIABLE_UUID/><UI_TEXT_KEY_NAME/><UI_TEXT_KEY_VERSION_ID>0000000000</UI_TEXT_KEY_VERSION_ID><UITXT_REDEF_IND/><CONCURRENCY_MODE/><INTERNAL_KEY_LEVEL_CODE/><CONTEXT_PROPERTY_UUID_UUID/><VERSION_ID>0000000000</VERSION_ID><IS_DATE_TYPE/><IS_ETAG_RELEVANT/><BO_NAME/><BO_NODE_NAME/><BO_NODE_ELEMENT_PATH/><DO_PREFIX/><IS_DWB_PROP/><IS_MULTI_VALUED/><ENCRYPTED_MAX_LENGTH>0</ENCRYPTED_MAX_LENGTH></ODATA_EXTENSION_DEF_PR_001><ODATA_EXTENSION_DEF_PR_001><CLIENT>171</CLIENT><NODE_ID>ABY+cwb3HtmJiNsYBm6chQ==</NODE_ID><PARENT_NODE_ID>ABY+cwb3HtmJiNsYBm5chQ==</PARENT_NODE_ID><ROOT_NODE_ID>ABY+cwb3HtmJiMoejsP8ew==</ROOT_NODE_ID><MO_NAME/><ORDINAL_NUMBER>0</ORDINAL_NUMBER><NAME>Description</NAME><DATA_TYPE>String</DATA_TYPE><IS_COMPLEX/><ABAP_DT_NAME>DESCRIPTION</ABAP_DT_NAME><BO_PATH/><COMPLEX_TYPE_UUID/><IS_CODE_TYPE/><IS_CREATABLE/><IS_UPDATABLE/><IS_NULLABLE/><IS_FILTERABLE>X</IS_FILTERABLE><HAS_FIXED_LENGTH/><MAX_LENGTH>0</MAX_LENGTH><PRECISION_VALUE>0</PRECISION_VALUE><SCALE>0</SCALE><DEFAULT_VALUE/><IS_HIDDEN_IN_EDM/><BO_PATH_WITH_FILTER/><IS_ALPHA_CONV_ALLOWED/><IS_LANGU_CODE/><CODELIST_ENTITY_SET_UUID/><IS_EXTENSION_FIELD/><IS_FREE_SEARCH_ENABLED/><IS_TRASIENT/><IS_INTERNAL/><IS_EXTERNAL/><LOCAL_ID_TYPE/><IS_PARENT_EXTERNAL_KEY/><IS_REF_EXTERNAL_KEY/><USE_EXTERNAL_INFO/><REF_EXT_KEY_UUID_KEY/><EXTERNAL_KEY_LEVEL_CODE/><EXCLUDE_FROM_SADL/><SAM_STATUS_VARIABLE_UUID/><UI_TEXT_KEY_NAME/><UI_TEXT_KEY_VERSION_ID>0000000000</UI_TEXT_KEY_VERSION_ID><UITXT_REDEF_IND/><CONCURRENCY_MODE/><INTERNAL_KEY_LEVEL_CODE/><CONTEXT_PROPERTY_UUID_UUID/><VERSION_ID>0000000000</VERSION_ID><IS_DATE_TYPE/><IS_ETAG_RELEVANT/><BO_NAME/><BO_NODE_NAME/><BO_NODE_ELEMENT_PATH/><DO_PREFIX/><IS_DWB_PROP/><IS_MULTI_VALUED/><ENCRYPTED_MAX_LENGTH>0</ENCRYPTED_MAX_LENGTH></ODATA_EXTENSION_DEF_PR_001><ODATA_EXTENSION_DEF_PR_001><CLIENT>171</CLIENT><NODE_ID>ABY+cwb3HtmJqn1m6N+iqQ==</NODE_ID><PARENT_NODE_ID>ABY+cwb3HtmJqny06ypiqQ==</PARENT_NODE_ID><ROOT_NODE_ID>ABY+cwb3HtmJiMoejsP8ew==</ROOT_NODE_ID><MO_NAME/><ORDINAL_NUMBER>11</ORDINAL_NUMBER><NAME>AccountDeterminationMaterialValuationDataGroupCode</NAME><DATA_TYPE>String</DATA_TYPE><IS_COMPLEX/><ABAP_DT_NAME>ACCOUNT_DET_MATVD_GROUP_CODE</ABAP_DT_NAME><BO_PATH>ACCOUNT_DET_MATVD_GROUP_CODE</BO_PATH><COMPLEX_TYPE_UUID/><IS_CODE_TYPE>X</IS_CODE_TYPE><IS_CREATABLE/><IS_UPDATABLE/><IS_NULLABLE>X</IS_NULLABLE><IS_FILTERABLE>X</IS_FILTERABLE><HAS_FIXED_LENGTH>X</HAS_FIXED_LENGTH><MAX_LENGTH>14</MAX_LENGTH><PRECISION_VALUE>14</PRECISION_VALUE><SCALE>0</SCALE><DEFAULT_VALUE/><IS_HIDDEN_IN_EDM/><BO_PATH_WITH_FILTER/><IS_ALPHA_CONV_ALLOWED/><IS_LANGU_CODE/><CODELIST_ENTITY_SET_UUID>ABY+cwb3HtmJqn1m6N/iqQ==</CODELIST_ENTITY_SET_UUID><IS_EXTENSION_FIELD/><IS_FREE_SEARCH_ENABLED/><IS_TRASIENT/><IS_INTERNAL/><IS_EXTERNAL/><LOCAL_ID_TYPE/><IS_PARENT_EXTERNAL_KEY/><IS_REF_EXTERNAL_KEY/><USE_EXTERNAL_INFO/><REF_EXT_KEY_UUID_KEY/><EXTERNAL_KEY_LEVEL_CODE/><EXCLUDE_FROM_SADL/><SAM_STATUS_VARIABLE_UUID/><UI_TEXT_KEY_NAME>GEN_BYD_013837</UI_TEXT_KEY_NAME><UI_TEXT_KEY_VERSION_ID>0000000000</UI_TEXT_KEY_VERSION_ID><UITXT_REDEF_IND/><CONCURRENCY_MODE/><INTERNAL_KEY_LEVEL_CODE/><CONTEXT_PROPERTY_UUID_UUID/><VERSION_ID>0000000000</VERSION_ID><IS_DATE_TYPE/><IS_ETAG_RELEVANT/><BO_NAME>FIA_MATERIAL_VALU_DATA</BO_NAME><BO_NODE_NAME>ACCTDET_SPECIFICATION</BO_NODE_NAME><BO_NODE_ELEMENT_PATH>ACCOUNT_DET_MATVD_GROUP_CODE</BO_NODE_ELEMENT_PATH><DO_PREFIX/><IS_DWB_PROP/><IS_MULTI_VALUED/><ENCRYPTED_MAX_LENGTH>0</ENCRYPTED_MAX_LENGTH></ODATA_EXTENSION_DEF_PR_001><ODATA_EXTENSION_DEF_PR_001><CLIENT>171</CLIENT><NODE_ID>ABY+cwb3HtmJqny06yrCqQ==</NODE_ID><PARENT_NODE_ID>ABY+cwb3HtmJqny06ypiqQ==</PARENT_NODE_ID><ROOT_NODE_ID>ABY+cwb3HtmJiMoejsP8ew==</ROOT_NODE_ID><MO_NAME/><ORDINAL_NUMBER>1</ORDINAL_NUMBER><NAME>ObjectID</NAME><DATA_TYPE>String</DATA_TYPE><IS_COMPLEX/><ABAP_DT_NAME>OBJECTID</ABAP_DT_NAME><BO_PATH>NODE_ID</BO_PATH><COMPLEX_TYPE_UUID/><IS_CODE_TYPE/><IS_CREATABLE/><IS_UPDATABLE/><IS_NULLABLE/><IS_FILTERABLE>X</IS_FILTERABLE><HAS_FIXED_LENGTH>X</HAS_FIXED_LENGTH><MAX_LENGTH>70</MAX_LENGTH><PRECISION_VALUE>70</PRECISION_VALUE><SCALE>0</SCALE><DEFAULT_VALUE/><IS_HIDDEN_IN_EDM/><BO_PATH_WITH_FILTER/><IS_ALPHA_CONV_ALLOWED/><IS_LANGU_CODE/><CODELIST_ENTITY_SET_UUID/><IS_EXTENSION_FIELD/><IS_FREE_SEARCH_ENABLED/><IS_TRASIENT/><IS_INTERNAL/><IS_EXTERNAL/><LOCAL_ID_TYPE/><IS_PARENT_EXTERNAL_KEY/><IS_REF_EXTERNAL_KEY/><USE_EXTERNAL_INFO/><REF_EXT_KEY_UUID_KEY/><EXTERNAL_KEY_LEVEL_CODE/><EXCLUDE_FROM_SADL/><SAM_STATUS_VARIABLE_UUID/><UI_TEXT_KEY_NAME>ODATA_SVC_OBJECT_ID</UI_TEXT_KEY_NAME><UI_TEXT_KEY_VERSION_ID>0000000000</UI_TEXT_KEY_VERSION_ID><UITXT_REDEF_IND/><CONCURRENCY_MODE/><INTERNAL_KEY_LEVEL_CODE/><CONTEXT_PROPERTY_UUID_UUID/><VERSION_ID>0000000000</VERSION_ID><IS_DATE_TYPE/><IS_ETAG_RELEVANT/><BO_NAME/><BO_NODE_NAME/><BO_NODE_ELEMENT_PATH/><DO_PREFIX/><IS_DWB_PROP/><IS_MULTI_VALUED/><ENCRYPTED_MAX_LENGTH>0</ENCRYPTED_MAX_LENGTH></ODATA_EXTENSION_DEF_PR_001><ODATA_EXTENSION_DEF_PR_001><CLIENT>171</CLIENT><NODE_ID>ABY+cwb3HtmJqny06yriqQ==</NODE_ID><PARENT_NODE_ID>ABY+cwb3HtmJqny06ypiqQ==</PARENT_NODE_ID><ROOT_NODE_ID>ABY+cwb3HtmJiMoejsP8ew==</ROOT_NODE_ID><MO_NAME/><ORDINAL_NUMBER>2</ORDINAL_NUMBER><NAME>ParentObjectID</NAME><DATA_TYPE>String</DATA_TYPE><IS_COMPLEX/><ABAP_DT_NAME>PARENTOBJECTID</ABAP_DT_NAME><BO_PATH>PARENT_NODE_ID</BO_PATH><COMPLEX_TYPE_UUID/><IS_CODE_TYPE/><IS_CREATABLE>X</IS_CREATABLE><IS_UPDATABLE/><IS_NULLABLE>X</IS_NULLABLE><IS_FILTERABLE>X</IS_FILTERABLE><HAS_FIXED_LENGTH>X</HAS_FIXED_LENGTH><MAX_LENGTH>70</MAX_LENGTH><PRECISION_VALUE>70</PRECISION_VALUE><SCALE>0</SCALE><DEFAULT_VALUE/><IS_HIDDEN_IN_EDM/><BO_PATH_WITH_FILTER/><IS_ALPHA_CONV_ALLOWED/><IS_LANGU_CODE/><CODELIST_ENTITY_SET_UUID/><IS_EXTENSION_FIELD/><IS_FREE_SEARCH_ENABLED/><IS_TRASIENT/><IS_INTERNAL/><IS_EXTERNAL/><LOCAL_ID_TYPE/><IS_PARENT_EXTERNAL_KEY/><IS_REF_EXTERNAL_KEY/><USE_EXTERNAL_INFO/><REF_EXT_KEY_UUID_KEY/><EXTERNAL_KEY_LEVEL_CODE/><EXCLUDE_FROM_SADL/><SAM_STATUS_VARIABLE_UUID/><UI_TEXT_KEY_NAME>ODATA_SVC_PARENT_OBJECT_ID</UI_TEXT_KEY_NAME><UI_TEXT_KEY_VERSION_ID>0000000000</UI_TEXT_KEY_VERSION_ID><UITXT_REDEF_IND/><CONCURRENCY_MODE/><INTERNAL_KEY_LEVEL_CODE/><CONTEXT_PROPERTY_UUID_UUID/><VERSION_ID>0000000000</VERSION_ID><IS_DATE_TYPE/><IS_ETAG_RELEVANT/><BO_NAME/><BO_NODE_NAME/><BO_NODE_ELEMENT_PATH/><DO_PREFIX/><IS_DWB_PROP/><IS_MULTI_VALUED/><ENCRYPTED_MAX_LENGTH>0</ENCRYPTED_MAX_LENGTH></ODATA_EXTENSION_DEF_PR_001><ODATA_EXTENSION_DEF_PR_001><CLIENT>171</CLIENT><NODE_ID>ABY+cwb3HtmJiNsYBm58hQ==</NODE_ID><PARENT_NODE_ID>ABY+cwb3HtmJiNsYBm5chQ==</PARENT_NODE_ID><ROOT_NODE_ID>ABY+cwb3HtmJiMoejsP8ew==</ROOT_NODE_ID><MO_NAME/><ORDINAL_NUMBER>0</ORDINAL_NUMBER><NAME>Code</NAME><DATA_TYPE>String</DATA_TYPE><IS_COMPLEX/><ABAP_DT_NAME>CONTENT</ABAP_DT_NAME><BO_PATH/><COMPLEX_TYPE_UUID/><IS_CODE_TYPE/><IS_CREATABLE/><IS_UPDATABLE/><IS_NULLABLE/><IS_FILTERABLE>X</IS_FILTERABLE><HAS_FIXED_LENGTH/><MAX_LENGTH>0</MAX_LENGTH><PRECISION_VALUE>0</PRECISION_VALUE><SCALE>0</SCALE><DEFAULT_VALUE/><IS_HIDDEN_IN_EDM/><BO_PATH_WITH_FILTER/><IS_ALPHA_CONV_ALLOWED/><IS_LANGU_CODE/><CODELIST_ENTITY_SET_UUID/><IS_EXTENSION_FIELD/><IS_FREE_SEARCH_ENABLED/><IS_TRASIENT/><IS_INTERNAL/><IS_EXTERNAL/><LOCAL_ID_TYPE/><IS_PARENT_EXTERNAL_KEY/><IS_REF_EXTERNAL_KEY/><USE_EXTERNAL_INFO/><REF_EXT_KEY_UUID_KEY/><EXTERNAL_KEY_LEVEL_CODE/><EXCLUDE_FROM_SADL/><SAM_STATUS_VARIABLE_UUID/><UI_TEXT_KEY_NAME/><UI_TEXT_KEY_VERSION_ID>0000000000</UI_TEXT_KEY_VERSION_ID><UITXT_REDEF_IND/><CONCURRENCY_MODE/><INTERNAL_KEY_LEVEL_CODE/><CONTEXT_PROPERTY_UUID_UUID/><VERSION_ID>0000000000</VERSION_ID><IS_DATE_TYPE/><IS_ETAG_RELEVANT/><BO_NAME/><BO_NODE_NAME/><BO_NODE_ELEMENT_PATH/><DO_PREFIX/><IS_DWB_PROP/><IS_MULTI_VALUED/><ENCRYPTED_MAX_LENGTH>0</ENCRYPTED_MAX_LENGTH></ODATA_EXTENSION_DEF_PR_001><ODATA_EXTENSION_DEF_PR_001><CLIENT>171</CLIENT><NODE_ID>ABY+cwb3HtmJiNsYBm6chQ==</NODE_ID><PARENT_NODE_ID>ABY+cwb3HtmJiNsYBm5chQ==</PARENT_NODE_ID><ROOT_NODE_ID>ABY+cwb3HtmJiMoejsP8ew==</ROOT_NODE_ID><MO_NAME/><ORDINAL_NUMBER>0</ORDINAL_NUMBER><NAME>Description</NAME><DATA_TYPE>String</DATA_TYPE><IS_COMPLEX/><ABAP_DT_NAME>DESCRIPTION</ABAP_DT_NAME><BO_PATH/><COMPLEX_TYPE_UUID/><IS_CODE_TYPE/><IS_CREATABLE/><IS_UPDATABLE/><IS_NULLABLE/><IS_FILTERABLE>X</IS_FILTERABLE><HAS_FIXED_LENGTH/><MAX_LENGTH>0</MAX_LENGTH><PRECISION_VALUE>0</PRECISION_VALUE><SCALE>0</SCALE><DEFAULT_VALUE/><IS_HIDDEN_IN_EDM/><BO_PATH_WITH_FILTER/><IS_ALPHA_CONV_ALLOWED/><IS_LANGU_CODE/><CODELIST_ENTITY_SET_UUID/><IS_EXTENSION_FIELD/><IS_FREE_SEARCH_ENABLED/><IS_TRASIENT/><IS_INTERNAL/><IS_EXTERNAL/><LOCAL_ID_TYPE/><IS_PARENT_EXTERNAL_KEY/><IS_REF_EXTERNAL_KEY/><USE_EXTERNAL_INFO/><REF_EXT_KEY_UUID_KEY/><EXTERNAL_KEY_LEVEL_CODE/><EXCLUDE_FROM_SADL/><SAM_STATUS_VARIABLE_UUID/><UI_TEXT_KEY_NAME/><UI_TEXT_KEY_VERSION_ID>0000000000</UI_TEXT_KEY_VERSION_ID><UITXT_REDEF_IND/><CONCURRENCY_MODE/><INTERNAL_KEY_LEVEL_CODE/><CONTEXT_PROPERTY_UUID_UUID/><VERSION_ID>0000000000</VERSION_ID><IS_DATE_TYPE/><IS_ETAG_RELEVANT/><BO_NAME/><BO_NODE_NAME/><BO_NODE_ELEMENT_PATH/><DO_PREFIX/><IS_DWB_PROP/><IS_MULTI_VALUED/><ENCRYPTED_MAX_LENGTH>0</ENCRYPTED_MAX_LENGTH></ODATA_EXTENSION_DEF_PR_001></PROPERTIES><NAVIGATIONS><ODATA_EXTENSION_DEF_NA_001><CLIENT>171</CLIENT><NODE_ID>ABY+cwb3HtmJiNTJXIP8gg==</NODE_ID><PARENT_NODE_ID>ABY+cwb3HtmJiNF/WdO8gg==</PARENT_NODE_ID><ROOT_NODE_ID>ABY+cwb3HtmJiMoejsP8ew==</ROOT_NODE_ID><MO_NAME/><UUID/><NAME>MaterialValuationDataInventoryValuationSpecification</NAME><TO_ENTITY_UUID>ABY+cwb3HtmJiNTJXIO8gg==</TO_ENTITY_UUID><RELATIONSHIP>MaterialValuationData_MaterialValuationDataInventoryValuationSpecification</RELATIONSHIP><BO_ASSOCIATION_NAME>INVEN_VALU_SPECIFICATION</BO_ASSOCIATION_NAME><BO_ASSOCIATION_TYPE>COMP</BO_ASSOCIATION_TYPE><NAV_MAP_SRC_ENTITY_PROP/><FROM_ROLE_NAME>MaterialValuationData</FROM_ROLE_NAME><CARDINALITY>3</CARDINALITY><TO_ROLE_NAME>MaterialValuationDataInventoryValuationSpecification</TO_ROLE_NAME><NAV_MAP_TGT_ENTITY_PROP/><IS_CREATABLE>X</IS_CREATABLE><IS_UPDATABLE/><IS_DELETABLE/><SOURCE_BO_NODE_NAME>ROOT</SOURCE_BO_NODE_NAME><SOURCE_BO_NAME>FIA_MATERIAL_VALU_DATA</SOURCE_BO_NAME><DO_PREFIX/><IS_ACCESS_PRIVILEGED/></ODATA_EXTENSION_DEF_NA_001><ODATA_EXTENSION_DEF_NA_001><CLIENT>171</CLIENT><NODE_ID>ABY+cwb3HtmJqny06yqiqQ==</NODE_ID><PARENT_NODE_ID>ABY+cwb3HtmJiNF/WdO8gg==</PARENT_NODE_ID><ROOT_NODE_ID>ABY+cwb3HtmJiMoejsP8ew==</ROOT_NODE_ID><MO_NAME/><UUID/><NAME>MaterialValuationDataAccountDeterminationSpecification</NAME><TO_ENTITY_UUID>ABY+cwb3HtmJqny06ypiqQ==</TO_ENTITY_UUID><RELATIONSHIP>MaterialValuationData_MaterialValuationDataAccountDeterminationSpecification</RELATIONSHIP><BO_ASSOCIATION_NAME>ACCTDET_SPECIFICATION</BO_ASSOCIATION_NAME><BO_ASSOCIATION_TYPE>COMP</BO_ASSOCIATION_TYPE><NAV_MAP_SRC_ENTITY_PROP/><FROM_ROLE_NAME>MaterialValuationData</FROM_ROLE_NAME><CARDINALITY>3</CARDINALITY><TO_ROLE_NAME>MaterialValuationDataAccountDeterminationSpecification</TO_ROLE_NAME><NAV_MAP_TGT_ENTITY_PROP/><IS_CREATABLE>X</IS_CREATABLE><IS_UPDATABLE/><IS_DELETABLE/><SOURCE_BO_NODE_NAME>ROOT</SOURCE_BO_NODE_NAME><SOURCE_BO_NAME>FIA_MATERIAL_VALU_DATA</SOURCE_BO_NAME><DO_PREFIX/><IS_ACCESS_PRIVILEGED/></ODATA_EXTENSION_DEF_NA_001><ODATA_EXTENSION_DEF_NA_001><CLIENT>171</CLIENT><NODE_ID>ABY+cwb3HtmJiNTJXIPcgg==</NODE_ID><PARENT_NODE_ID>ABY+cwb3HtmJiNTJXIO8gg==</PARENT_NODE_ID><ROOT_NODE_ID>ABY+cwb3HtmJiMoejsP8ew==</ROOT_NODE_ID><MO_NAME/><UUID/><NAME>MaterialValuationData</NAME><TO_ENTITY_UUID>ABY+cwb3HtmJiNF/WdO8gg==</TO_ENTITY_UUID><RELATIONSHIP>MaterialValuationData_MaterialValuationDataInventoryValuationSpecification</RELATIONSHIP><BO_ASSOCIATION_NAME>TO_PARENT</BO_ASSOCIATION_NAME><BO_ASSOCIATION_TYPE>IMPL</BO_ASSOCIATION_TYPE><NAV_MAP_SRC_ENTITY_PROP/><FROM_ROLE_NAME>MaterialValuationDataInventoryValuationSpecification</FROM_ROLE_NAME><CARDINALITY>1</CARDINALITY><TO_ROLE_NAME>MaterialValuationData</TO_ROLE_NAME><NAV_MAP_TGT_ENTITY_PROP/><IS_CREATABLE/><IS_UPDATABLE/><IS_DELETABLE/><SOURCE_BO_NODE_NAME>INVEN_VALU_SPECIFICATION</SOURCE_BO_NODE_NAME><SOURCE_BO_NAME>FIA_MATERIAL_VALU_DATA</SOURCE_BO_NAME><DO_PREFIX/><IS_ACCESS_PRIVILEGED/></ODATA_EXTENSION_DEF_NA_001><ODATA_EXTENSION_DEF_NA_001><CLIENT>171</CLIENT><NODE_ID>ABY+cwb3HtmJqny06yqCqQ==</NODE_ID><PARENT_NODE_ID>ABY+cwb3HtmJqny06ypiqQ==</PARENT_NODE_ID><ROOT_NODE_ID>ABY+cwb3HtmJiMoejsP8ew==</ROOT_NODE_ID><MO_NAME/><UUID/><NAME>MaterialValuationData</NAME><TO_ENTITY_UUID>ABY+cwb3HtmJiNF/WdO8gg==</TO_ENTITY_UUID><RELATIONSHIP>MaterialValuationData_MaterialValuationDataAccountDeterminationSpecification</RELATIONSHIP><BO_ASSOCIATION_NAME>TO_PARENT</BO_ASSOCIATION_NAME><BO_ASSOCIATION_TYPE>IMPL</BO_ASSOCIATION_TYPE><NAV_MAP_SRC_ENTITY_PROP/><FROM_ROLE_NAME>MaterialValuationDataAccountDeterminationSpecification</FROM_ROLE_NAME><CARDINALITY>1</CARDINALITY><TO_ROLE_NAME>MaterialValuationData</TO_ROLE_NAME><NAV_MAP_TGT_ENTITY_PROP/><IS_CREATABLE/><IS_UPDATABLE/><IS_DELETABLE/><SOURCE_BO_NODE_NAME>ACCTDET_SPECIFICATION</SOURCE_BO_NODE_NAME><SOURCE_BO_NAME>FIA_MATERIAL_VALU_DATA</SOURCE_BO_NAME><DO_PREFIX/><IS_ACCESS_PRIVILEGED/></ODATA_EXTENSION_DEF_NA_001></NAVIGATIONS><COMPLEX_TYPES/><COMPLEX_TYPE_PROPERTIES/><FUNCTION_IMPORTS><ODATA_EXTENSION_DEF_FU_001><CLIENT>171</CLIENT><NODE_ID>ABY+cwb3HumJvNCZJRNgVQ==</NODE_ID><PARENT_NODE_ID>ABY+cwb3HtmJiMoejsP8ew==</PARENT_NODE_ID><MO_NAME/><ORDINAL_NUMBER>1</ORDINAL_NUMBER><NAME>MaterialValuationDataQueryByMaterialID</NAME><HTTP_METHOD>GET</HTTP_METHOD><MAPPED_BO_ACTION_NAME>QUERY_BY_MATERIAL</MAPPED_BO_ACTION_NAME><MAPPED_BO_NAME>FIA_MATERIAL_VALU_DATA</MAPPED_BO_NAME><MAPPED_BO_NODE_NAME>ROOT</MAPPED_BO_NODE_NAME><SOURCE_ENTITY_TYPE_UUID>ABY+cwb3HtmJiNF/WdO8gg==</SOURCE_ENTITY_TYPE_UUID><FI_TYPE>QUERY</FI_TYPE></ODATA_EXTENSION_DEF_FU_001></FUNCTION_IMPORTS><FUNCTION_IMPORT_PARAMS><ODATA_EXTENSION_DEF_PA_001><CLIENT>171</CLIENT><NODE_ID>ABY+cwb3HumJvNF0SnZgVw==</NODE_ID><PARENT_NODE_ID>ABY+cwb3HumJvNCZJRNgVQ==</PARENT_NODE_ID><ROOT_NODE_ID>ABY+cwb3HtmJiMoejsP8ew==</ROOT_NODE_ID><MO_NAME/><NAME>NumberOfRows</NAME><ACTION_PARAM_PATH/><DATA_TYPE>String</DATA_TYPE><IS_COMPLEX/><HAS_FIXED_LENGTH/><COMPLEX_TYPE_UUID/><MAX_LENGTH>0</MAX_LENGTH><PRECISION_VALUE>0</PRECISION_VALUE><SCALE>0</SCALE><PARAM_TYPE>In</PARAM_TYPE><ABAP_DT_NAME/><IS_CODE_TYPE/><ENTITY_TYPE_UUID/><DATA_TYPE_CARDINALITY>1</DATA_TYPE_CARDINALITY></ODATA_EXTENSION_DEF_PA_001><ODATA_EXTENSION_DEF_PA_001><CLIENT>171</CLIENT><NODE_ID>ABY+cwb3HumJvNF0SnaAVw==</NODE_ID><PARENT_NODE_ID>ABY+cwb3HumJvNCZJRNgVQ==</PARENT_NODE_ID><ROOT_NODE_ID>ABY+cwb3HtmJiMoejsP8ew==</ROOT_NODE_ID><MO_NAME/><NAME>StartRow</NAME><ACTION_PARAM_PATH/><DATA_TYPE>String</DATA_TYPE><IS_COMPLEX/><HAS_FIXED_LENGTH/><COMPLEX_TYPE_UUID/><MAX_LENGTH>0</MAX_LENGTH><PRECISION_VALUE>0</PRECISION_VALUE><SCALE>0</SCALE><PARAM_TYPE>In</PARAM_TYPE><ABAP_DT_NAME/><IS_CODE_TYPE/><ENTITY_TYPE_UUID/><DATA_TYPE_CARDINALITY>1</DATA_TYPE_CARDINALITY></ODATA_EXTENSION_DEF_PA_001><ODATA_EXTENSION_DEF_PA_001><CLIENT>171</CLIENT><NODE_ID>ABY+cwb3HumJvNF0SnagVw==</NODE_ID><PARENT_NODE_ID>ABY+cwb3HumJvNCZJRNgVQ==</PARENT_NODE_ID><ROOT_NODE_ID>ABY+cwb3HtmJiMoejsP8ew==</ROOT_NODE_ID><MO_NAME/><NAME>Fia_material_valu_dataCollection</NAME><ACTION_PARAM_PATH/><DATA_TYPE/><IS_COMPLEX/><HAS_FIXED_LENGTH/><COMPLEX_TYPE_UUID/><MAX_LENGTH>0</MAX_LENGTH><PRECISION_VALUE>0</PRECISION_VALUE><SCALE>0</SCALE><PARAM_TYPE>Returning</PARAM_TYPE><ABAP_DT_NAME/><IS_CODE_TYPE/><ENTITY_TYPE_UUID>ABY+cwb3HtmJiNF/WdO8gg==</ENTITY_TYPE_UUID><DATA_TYPE_CARDINALITY>1</DATA_TYPE_CARDINALITY></ODATA_EXTENSION_DEF_PA_001><ODATA_EXTENSION_DEF_PA_001><CLIENT>171</CLIENT><NODE_ID>ABY+cwb3HumJvNIqB1egrA==</NODE_ID><PARENT_NODE_ID>ABY+cwb3HumJvNCZJRNgVQ==</PARENT_NODE_ID><ROOT_NODE_ID>ABY+cwb3HtmJiMoejsP8ew==</ROOT_NODE_ID><MO_NAME/><NAME>MaterialID</NAME><ACTION_PARAM_PATH>MATERIAL_KEY-PRODUCT_ID-CONTENT</ACTION_PARAM_PATH><DATA_TYPE>String</DATA_TYPE><IS_COMPLEX/><HAS_FIXED_LENGTH/><COMPLEX_TYPE_UUID/><MAX_LENGTH>0</MAX_LENGTH><PRECISION_VALUE>0</PRECISION_VALUE><SCALE>0</SCALE><PARAM_TYPE>In</PARAM_TYPE><ABAP_DT_NAME/><IS_CODE_TYPE/><ENTITY_TYPE_UUID/><DATA_TYPE_CARDINALITY/></ODATA_EXTENSION_DEF_PA_001></FUNCTION_IMPORT_PARAMS><ENTITY_SETS><ODATA_EXTENSN_DEF_ENT_SET><CLIENT>171</CLIENT><NODE_ID>ABY+cwb3HtmJiNsYBm68hQ==</NODE_ID><PARENT_NODE_ID>ABY+cwb3HtmJiMoejsP8ew==</PARENT_NODE_ID><MO_NAME/><UUID>ABY+cwb3HtmJiNsYBm7chQ==</UUID><NAME>MaterialValuationDataInventoryValuationSpecificationPerpetualInventoryValuationProcedureCodeCollection</NAME><ENTITY_TYPE_UUID>ABY+cwb3HtmJiNsYBm5chQ==</ENTITY_TYPE_UUID></ODATA_EXTENSN_DEF_ENT_SET><ODATA_EXTENSN_DEF_ENT_SET><CLIENT>171</CLIENT><NODE_ID>ABY+cwb3HtmJqn1m6N/CqQ==</NODE_ID><PARENT_NODE_ID>ABY+cwb3HtmJiMoejsP8ew==</PARENT_NODE_ID><MO_NAME/><UUID>ABY+cwb3HtmJqn1m6N/iqQ==</UUID><NAME>MaterialValuationDataAccountDeterminationSpecificationAccountDeterminationMaterialValuationDataGroupCodeCollection</NAME><ENTITY_TYPE_UUID>ABY+cwb3HtmJiNsYBm5chQ==</ENTITY_TYPE_UUID></ODATA_EXTENSN_DEF_ENT_SET></ENTITY_SETS><UITEXT_DESC><MDRS_W_UIT_TEXT><MO_NAME>FIA_MATERIAL_VALU_DATA</MO_NAME><VERSION_ID>0000000000</VERSION_ID><LANGU>1</LANGU><DB_KEY>ABY+Ar1OHuK620Tjxl+c2A==</DB_KEY><PARENT_KEY>ABY+AocMHtK45WCQ5EJScg==</PARENT_KEY><UUID>ABY+Ar1OHuK620Tjxl+82A==</UUID><SHORT_T>物料评估数据</SHORT_T><COLUMN_T/><TOOL_TIP_T/><HELP_T/></MDRS_W_UIT_TEXT><MDRS_W_UIT_TEXT><MO_NAME>FIA_MATERIAL_VALU_DATA</MO_NAME><VERSION_ID>0000000000</VERSION_ID><LANGU>3</LANGU><DB_KEY>ABY+HZJdHtae8CEd+ShVYQ==</DB_KEY><PARENT_KEY>ABY+AocMHtK45WCQ5EJScg==</PARENT_KEY><UUID>ABY+HZJdHtae8CEd+Sh1YQ==</UUID><SHORT_T>자재 평가 데이터</SHORT_T><COLUMN_T/><TOOL_TIP_T/><HELP_T/></MDRS_W_UIT_TEXT><MDRS_W_UIT_TEXT><MO_NAME>FIA_MATERIAL_VALU_DATA</MO_NAME><VERSION_ID>0000000000</VERSION_ID><LANGU>B</LANGU><DB_KEY>ABY+HZJdHtejk0FJlKeDdg==</DB_KEY><PARENT_KEY>ABY+AocMHtK45WCQ5EJScg==</PARENT_KEY><UUID>ABY+HZJdHtejk0FJlKejdg==</UUID><SHORT_T>נתוני הערכה של חומר</SHORT_T><COLUMN_T/><TOOL_TIP_T/><HELP_T/></MDRS_W_UIT_TEXT><MDRS_W_UIT_TEXT><MO_NAME>FIA_MATERIAL_VALU_DATA</MO_NAME><VERSION_ID>0000000000</VERSION_ID><LANGU>C</LANGU><DB_KEY>ABY+Ar1OHtOO+cABMr1cdw==</DB_KEY><PARENT_KEY>ABY+AocMHtK45WCQ5EJScg==</PARENT_KEY><UUID>ABY+Ar1OHtOO+cABMr18dw==</UUID><SHORT_T>Data ocenění materiálu</SHORT_T><COLUMN_T/><TOOL_TIP_T/><HELP_T/></MDRS_W_UIT_TEXT><MDRS_W_UIT_TEXT><MO_NAME>FIA_MATERIAL_VALU_DATA</MO_NAME><VERSION_ID>0000000000</VERSION_ID><LANGU>D</LANGU><DB_KEY>ABY+Ar1OHtK5+nW9Fa2M2g==</DB_KEY><PARENT_KEY>ABY+AocMHtK45WCQ5EJScg==</PARENT_KEY><UUID>ABY+Ar1OHtK5+nW9Fa2s2g==</UUID><SHORT_T>Materialbewertungsdaten</SHORT_T><COLUMN_T/><TOOL_TIP_T/><HELP_T/></MDRS_W_UIT_TEXT><MDRS_W_UIT_TEXT><MO_NAME>FIA_MATERIAL_VALU_DATA</MO_NAME><VERSION_ID>0000000000</VERSION_ID><LANGU>E</LANGU><DB_KEY>ABY+AocMHtK45WCQ5EKScg==</DB_KEY><PARENT_KEY>ABY+AocMHtK45WCQ5EJScg==</PARENT_KEY><UUID>ABY+AocMHtK45WCQ5ELycg==</UUID><SHORT_T>Material Valuation Data</SHORT_T><COLUMN_T/><TOOL_TIP_T/><HELP_T/></MDRS_W_UIT_TEXT><MDRS_W_UIT_TEXT><MO_NAME>FIA_MATERIAL_VALU_DATA</MO_NAME><VERSION_ID>0000000000</VERSION_ID><LANGU>F</LANGU><DB_KEY>ABY+Ar1OHuK7wmxa6cKfVQ==</DB_KEY><PARENT_KEY>ABY+AocMHtK45WCQ5EJScg==</PARENT_KEY><UUID>ABY+Ar1OHuK7wmxa6cK/VQ==</UUID><SHORT_T>Données de valorisation des articles</SHORT_T><COLUMN_T/><TOOL_TIP_T/><HELP_T/></MDRS_W_UIT_TEXT><MDRS_W_UIT_TEXT><MO_NAME>FIA_MATERIAL_VALU_DATA</MO_NAME><VERSION_ID>0000000000</VERSION_ID><LANGU>I</LANGU><DB_KEY>ABY+Ar1OHtK5sSKPbgLW0Q==</DB_KEY><PARENT_KEY>ABY+AocMHtK45WCQ5EJScg==</PARENT_KEY><UUID>ABY+Ar1OHtK5sSKPbgL20Q==</UUID><SHORT_T>Dati di valutazione materiale</SHORT_T><COLUMN_T/><TOOL_TIP_T/><HELP_T/></MDRS_W_UIT_TEXT><MDRS_W_UIT_TEXT><MO_NAME>FIA_MATERIAL_VALU_DATA</MO_NAME><VERSION_ID>0000000000</VERSION_ID><LANGU>J</LANGU><DB_KEY>ABY+Ar1OHuK6vP6DOMGU/g==</DB_KEY><PARENT_KEY>ABY+AocMHtK45WCQ5EJScg==</PARENT_KEY><UUID>ABY+Ar1OHuK6vP6DOMG0/g==</UUID><SHORT_T>品目評価データ</SHORT_T><COLUMN_T/><TOOL_TIP_T/><HELP_T/></MDRS_W_UIT_TEXT><MDRS_W_UIT_TEXT><MO_NAME>FIA_MATERIAL_VALU_DATA</MO_NAME><VERSION_ID>0000000000</VERSION_ID><LANGU>L</LANGU><DB_KEY>ABY+Ar1OHtOr0JSThehI2Q==</DB_KEY><PARENT_KEY>ABY+AocMHtK45WCQ5EJScg==</PARENT_KEY><UUID>ABY+Ar1OHtOr0JSTheho2Q==</UUID><SHORT_T>Dane wyceny materiału</SHORT_T><COLUMN_T/><TOOL_TIP_T/><HELP_T/></MDRS_W_UIT_TEXT><MDRS_W_UIT_TEXT><MO_NAME>FIA_MATERIAL_VALU_DATA</MO_NAME><VERSION_ID>0000000000</VERSION_ID><LANGU>N</LANGU><DB_KEY>ABY+Ar1OHtK5qe+9bSZEgQ==</DB_KEY><PARENT_KEY>ABY+AocMHtK45WCQ5EJScg==</PARENT_KEY><UUID>ABY+Ar1OHtK5qe+9bSZkgQ==</UUID><SHORT_T>Waarderingsgegevens artikelen</SHORT_T><COLUMN_T/><TOOL_TIP_T/><HELP_T/></MDRS_W_UIT_TEXT><MDRS_W_UIT_TEXT><MO_NAME>FIA_MATERIAL_VALU_DATA</MO_NAME><VERSION_ID>0000000000</VERSION_ID><LANGU>P</LANGU><DB_KEY>ABY+Ar1OHtK6m2EH7bRfOA==</DB_KEY><PARENT_KEY>ABY+AocMHtK45WCQ5EJScg==</PARENT_KEY><UUID>ABY+Ar1OHtK6m2EH7bR/OA==</UUID><SHORT_T>Dados de avaliação de material</SHORT_T><COLUMN_T/><TOOL_TIP_T/><HELP_T/></MDRS_W_UIT_TEXT><MDRS_W_UIT_TEXT><MO_NAME>FIA_MATERIAL_VALU_DATA</MO_NAME><VERSION_ID>0000000000</VERSION_ID><LANGU>S</LANGU><DB_KEY>ABY+Ar1OHtK5+aPQ8MxK3g==</DB_KEY><PARENT_KEY>ABY+AocMHtK45WCQ5EJScg==</PARENT_KEY><UUID>ABY+Ar1OHtK5+aPQ8Mxq3g==</UUID><SHORT_T>Datos de valoración de material</SHORT_T><COLUMN_T/><TOOL_TIP_T/><HELP_T/></MDRS_W_UIT_TEXT><MDRS_W_UIT_TEXT><MO_NAME>ODATA_SVC_OBJECT_ID</MO_NAME><VERSION_ID>0000000000</VERSION_ID><LANGU>C</LANGU><DB_KEY>ABY+IdIdHuilgUb9enIAzw==</DB_KEY><PARENT_KEY>ABY+Emf1HtiLzSakkmkSRA==</PARENT_KEY><UUID>ABY+IdIdHuilgUb9enIgzw==</UUID><SHORT_T>ID objektu</SHORT_T><COLUMN_T>ID objektu</COLUMN_T><TOOL_TIP_T/><HELP_T/></MDRS_W_UIT_TEXT><MDRS_W_UIT_TEXT><MO_NAME>ODATA_SVC_OBJECT_ID</MO_NAME><VERSION_ID>0000000000</VERSION_ID><LANGU>E</LANGU><DB_KEY>ABY+Emf1HtiLzSakkmlSRA==</DB_KEY><PARENT_KEY>ABY+Emf1HtiLzSakkmkSRA==</PARENT_KEY><UUID>ABY+Emf1HtiLzSakkmmyRA==</UUID><SHORT_T>Object ID</SHORT_T><COLUMN_T>Object ID</COLUMN_T><TOOL_TIP_T/><HELP_T/></MDRS_W_UIT_TEXT><MDRS_W_UIT_TEXT><MO_NAME>ODATA_SVC_OBJECT_ID</MO_NAME><VERSION_ID>0000000000</VERSION_ID><LANGU>O</LANGU><DB_KEY>ABY+IdIdHtiTwNXhWKcJAg==</DB_KEY><PARENT_KEY>ABY+Emf1HtiLzSakkmkSRA==</PARENT_KEY><UUID>ABY+IdIdHtiTwNXhWKcpAg==</UUID><SHORT_T>Objekt-ID</SHORT_T><COLUMN_T>Objekt-ID</COLUMN_T><TOOL_TIP_T/><HELP_T/></MDRS_W_UIT_TEXT><MDRS_W_UIT_TEXT><MO_NAME>ODATA_SVC_OBJECT_ID</MO_NAME><VERSION_ID>0000000000</VERSION_ID><LANGU>R</LANGU><DB_KEY>ABY+IdIdHuilgXK3cRLA9w==</DB_KEY><PARENT_KEY>ABY+Emf1HtiLzSakkmkSRA==</PARENT_KEY><UUID>ABY+IdIdHuilgXK3cRLg9w==</UUID><SHORT_T>Ид. объекта</SHORT_T><COLUMN_T>Ид. объекта</COLUMN_T><TOOL_TIP_T/><HELP_T/></MDRS_W_UIT_TEXT><MDRS_W_UIT_TEXT><MO_NAME>ODATA_SVC_OBJECT_ID</MO_NAME><VERSION_ID>0000000000</VERSION_ID><LANGU>T</LANGU><DB_KEY>ABY+IdIdHuilgXrKnMIA+w==</DB_KEY><PARENT_KEY>ABY+Emf1HtiLzSakkmkSRA==</PARENT_KEY><UUID>ABY+IdIdHuilgXrKnMIg+w==</UUID><SHORT_T>Nesne Numarası</SHORT_T><COLUMN_T>Nesne Numarası</COLUMN_T><TOOL_TIP_T/><HELP_T/></MDRS_W_UIT_TEXT><MDRS_W_UIT_TEXT><MO_NAME>ODATA_SVC_OBJECT_ID</MO_NAME><VERSION_ID>0000000000</VERSION_ID><LANGU>U</LANGU><DB_KEY>ABY+IdIdHuilgUY+uerAzw==</DB_KEY><PARENT_KEY>ABY+Emf1HtiLzSakkmkSRA==</PARENT_KEY><UUID>ABY+IdIdHuilgUY+uergzw==</UUID><SHORT_T>Objektitunnus</SHORT_T><COLUMN_T>Objektitunnus</COLUMN_T><TOOL_TIP_T/><HELP_T/></MDRS_W_UIT_TEXT><MDRS_W_UIT_TEXT><MO_NAME>ODATA_SVC_PARENT_OBJECT_ID</MO_NAME><VERSION_ID>0000000000</VERSION_ID><LANGU>1</LANGU><DB_KEY>ABY+IdIdHtiTwJbEPkEIqA==</DB_KEY><PARENT_KEY>ABY+Emf1HtiLzTYO9AxScA==</PARENT_KEY><UUID>ABY+IdIdHtiTwJbEPkEoqA==</UUID><SHORT_T>父对象标识</SHORT_T><COLUMN_T>父对象标识</COLUMN_T><TOOL_TIP_T/><HELP_T/></MDRS_W_UIT_TEXT><MDRS_W_UIT_TEXT><MO_NAME>ODATA_SVC_PARENT_OBJECT_ID</MO_NAME><VERSION_ID>0000000000</VERSION_ID><LANGU>3</LANGU><DB_KEY>ABY+IdIdHtiTwInQx2+IkA==</DB_KEY><PARENT_KEY>ABY+Emf1HtiLzTYO9AxScA==</PARENT_KEY><UUID>ABY+IdIdHtiTwInQx2+okA==</UUID><SHORT_T>상위 오브젝트 ID</SHORT_T><COLUMN_T>상위 오브젝트 ID</COLUMN_T><TOOL_TIP_T/><HELP_T/></MDRS_W_UIT_TEXT><MDRS_W_UIT_TEXT><MO_NAME>ODATA_SVC_PARENT_OBJECT_ID</MO_NAME><VERSION_ID>0000000000</VERSION_ID><LANGU>B</LANGU><DB_KEY>ABY+IdIdHtiTwIS48uJIjQ==</DB_KEY><PARENT_KEY>ABY+Emf1HtiLzTYO9AxScA==</PARENT_KEY><UUID>ABY+IdIdHtiTwIS48uJojQ==</UUID><SHORT_T>זיהוי אובייקט אב</SHORT_T><COLUMN_T>זיהוי אובייקט אב</COLUMN_T><TOOL_TIP_T/><HELP_T/></MDRS_W_UIT_TEXT><MDRS_W_UIT_TEXT><MO_NAME>ODATA_SVC_PARENT_OBJECT_ID</MO_NAME><VERSION_ID>0000000000</VERSION_ID><LANGU>C</LANGU><DB_KEY>ABY+IdIdHtiTwHyj7t+ocQ==</DB_KEY><PARENT_KEY>ABY+Emf1HtiLzTYO9AxScA==</PARENT_KEY><UUID>ABY+IdIdHtiTwHyj7t/IcQ==</UUID><SHORT_T>ID nadřazeného objektu</SHORT_T><COLUMN_T>ID nadřazeného objektu</COLUMN_T><TOOL_TIP_T/><HELP_T/></MDRS_W_UIT_TEXT><MDRS_W_UIT_TEXT><MO_NAME>ODATA_SVC_PARENT_OBJECT_ID</MO_NAME><VERSION_ID>0000000000</VERSION_ID><LANGU>D</LANGU><DB_KEY>ABY+IdIdHtiTwGRPcPXIPw==</DB_KEY><PARENT_KEY>ABY+Emf1HtiLzTYO9AxScA==</PARENT_KEY><UUID>ABY+IdIdHtiTwGRPcPXoPw==</UUID><SHORT_T>ID des übergeordneten Objekts</SHORT_T><COLUMN_T>ID des übergeordneten Objekts</COLUMN_T><TOOL_TIP_T/><HELP_T/></MDRS_W_UIT_TEXT><MDRS_W_UIT_TEXT><MO_NAME>ODATA_SVC_PARENT_OBJECT_ID</MO_NAME><VERSION_ID>0000000000</VERSION_ID><LANGU>E</LANGU><DB_KEY>ABY+Emf1HtiLzTYO9AyScA==</DB_KEY><PARENT_KEY>ABY+Emf1HtiLzTYO9AxScA==</PARENT_KEY><UUID>ABY+Emf1HtiLzTYO9AzycA==</UUID><SHORT_T>Parent Object ID</SHORT_T><COLUMN_T>Parent Object ID</COLUMN_T><TOOL_TIP_T/><HELP_T/></MDRS_W_UIT_TEXT><MDRS_W_UIT_TEXT><MO_NAME>ODATA_SVC_PARENT_OBJECT_ID</MO_NAME><VERSION_ID>0000000000</VERSION_ID><LANGU>F</LANGU><DB_KEY>ABY+IdIdHtiTwIPce2bIjQ==</DB_KEY><PARENT_KEY>ABY+Emf1HtiLzTYO9AxScA==</PARENT_KEY><UUID>ABY+IdIdHtiTwIPce2bojQ==</UUID><SHORT_T>ID d'objet parent</SHORT_T><COLUMN_T>ID d'objet parent</COLUMN_T><TOOL_TIP_T/><HELP_T/></MDRS_W_UIT_TEXT><MDRS_W_UIT_TEXT><MO_NAME>ODATA_SVC_PARENT_OBJECT_ID</MO_NAME><VERSION_ID>0000000000</VERSION_ID><LANGU>I</LANGU><DB_KEY>ABY+IdIdHtiTwIeRUcyIkA==</DB_KEY><PARENT_KEY>ABY+Emf1HtiLzTYO9AxScA==</PARENT_KEY><UUID>ABY+IdIdHtiTwIeRUcyokA==</UUID><SHORT_T>ID oggetto sovraordinato</SHORT_T><COLUMN_T>ID oggetto sovraordinato</COLUMN_T><TOOL_TIP_T/><HELP_T/></MDRS_W_UIT_TEXT><MDRS_W_UIT_TEXT><MO_NAME>ODATA_SVC_PARENT_OBJECT_ID</MO_NAME><VERSION_ID>0000000000</VERSION_ID><LANGU>J</LANGU><DB_KEY>ABY+IdIdHtiTwIhuhR+IkA==</DB_KEY><PARENT_KEY>ABY+Emf1HtiLzTYO9AxScA==</PARENT_KEY><UUID>ABY+IdIdHtiTwIhuhR+okA==</UUID><SHORT_T>上位オブジェクト ID</SHORT_T><COLUMN_T>上位オブジェクト ID</COLUMN_T><TOOL_TIP_T/><HELP_T/></MDRS_W_UIT_TEXT><MDRS_W_UIT_TEXT><MO_NAME>ODATA_SVC_PARENT_OBJECT_ID</MO_NAME><VERSION_ID>0000000000</VERSION_ID><LANGU>L</LANGU><DB_KEY>ABY+IdIdHtiTwI3GsIjIkw==</DB_KEY><PARENT_KEY>ABY+Emf1HtiLzTYO9AxScA==</PARENT_KEY><UUID>ABY+IdIdHtiTwI3GsIjokw==</UUID><SHORT_T>Id. obiektu nadrzędnego</SHORT_T><COLUMN_T>Id. obiektu nadrzędnego</COLUMN_T><TOOL_TIP_T/><HELP_T/></MDRS_W_UIT_TEXT><MDRS_W_UIT_TEXT><MO_NAME>ODATA_SVC_PARENT_OBJECT_ID</MO_NAME><VERSION_ID>0000000000</VERSION_ID><LANGU>N</LANGU><DB_KEY>ABY+IdIdHtiTwIu2dXvIkw==</DB_KEY><PARENT_KEY>ABY+Emf1HtiLzTYO9AxScA==</PARENT_KEY><UUID>ABY+IdIdHtiTwIu2dXvokw==</UUID><SHORT_T>Bovenliggende object-ID</SHORT_T><COLUMN_T>Bovenliggende object-ID</COLUMN_T><TOOL_TIP_T/><HELP_T/></MDRS_W_UIT_TEXT><MDRS_W_UIT_TEXT><MO_NAME>ODATA_SVC_PARENT_OBJECT_ID</MO_NAME><VERSION_ID>0000000000</VERSION_ID><LANGU>O</LANGU><DB_KEY>ABY+IdIdHtiTwIzVbUmIkw==</DB_KEY><PARENT_KEY>ABY+Emf1HtiLzTYO9AxScA==</PARENT_KEY><UUID>ABY+IdIdHtiTwIzVbUmokw==</UUID><SHORT_T>Overordnet objekt-ID</SHORT_T><COLUMN_T>Overordnet objekt-ID</COLUMN_T><TOOL_TIP_T/><HELP_T/></MDRS_W_UIT_TEXT><MDRS_W_UIT_TEXT><MO_NAME>ODATA_SVC_PARENT_OBJECT_ID</MO_NAME><VERSION_ID>0000000000</VERSION_ID><LANGU>P</LANGU><DB_KEY>ABY+IdIdHtiTwI69abYIlg==</DB_KEY><PARENT_KEY>ABY+Emf1HtiLzTYO9AxScA==</PARENT_KEY><UUID>ABY+IdIdHtiTwI69abYolg==</UUID><SHORT_T>ID de objeto superior</SHORT_T><COLUMN_T>ID de objeto superior</COLUMN_T><TOOL_TIP_T/><HELP_T/></MDRS_W_UIT_TEXT><MDRS_W_UIT_TEXT><MO_NAME>ODATA_SVC_PARENT_OBJECT_ID</MO_NAME><VERSION_ID>0000000000</VERSION_ID><LANGU>R</LANGU><DB_KEY>ABY+IdIdHtiTwJDHh5sIlg==</DB_KEY><PARENT_KEY>ABY+Emf1HtiLzTYO9AxScA==</PARENT_KEY><UUID>ABY+IdIdHtiTwJDHh5solg==</UUID><SHORT_T>Ид. вышестоящего объекта</SHORT_T><COLUMN_T>Ид. вышестоящего объекта</COLUMN_T><TOOL_TIP_T/><HELP_T/></MDRS_W_UIT_TEXT><MDRS_W_UIT_TEXT><MO_NAME>ODATA_SVC_PARENT_OBJECT_ID</MO_NAME><VERSION_ID>0000000000</VERSION_ID><LANGU>S</LANGU><DB_KEY>ABY+IdIdHtiTwH8W4P8Icg==</DB_KEY><PARENT_KEY>ABY+Emf1HtiLzTYO9AxScA==</PARENT_KEY><UUID>ABY+IdIdHtiTwH8W4P8ocg==</UUID><SHORT_T>ID de objeto superior</SHORT_T><COLUMN_T>ID de objeto superior</COLUMN_T><TOOL_TIP_T/><HELP_T/></MDRS_W_UIT_TEXT><MDRS_W_UIT_TEXT><MO_NAME>ODATA_SVC_PARENT_OBJECT_ID</MO_NAME><VERSION_ID>0000000000</VERSION_ID><LANGU>T</LANGU><DB_KEY>ABY+IdIdHtiTwJihDT4Iqw==</DB_KEY><PARENT_KEY>ABY+Emf1HtiLzTYO9AxScA==</PARENT_KEY><UUID>ABY+IdIdHtiTwJihDT4oqw==</UUID><SHORT_T>Üst düzey nesne tanıtıcısı</SHORT_T><COLUMN_T>Üst düzey nesne tanıtıcısı</COLUMN_T><TOOL_TIP_T/><HELP_T/></MDRS_W_UIT_TEXT><MDRS_W_UIT_TEXT><MO_NAME>ODATA_SVC_PARENT_OBJECT_ID</MO_NAME><VERSION_ID>0000000000</VERSION_ID><LANGU>U</LANGU><DB_KEY>ABY+IdIdHtiTwIL4FDhIjQ==</DB_KEY><PARENT_KEY>ABY+Emf1HtiLzTYO9AxScA==</PARENT_KEY><UUID>ABY+IdIdHtiTwIL4FDhojQ==</UUID><SHORT_T>Ylätason objektin tunnus</SHORT_T><COLUMN_T>Ylätason objektin tunnus</COLUMN_T><TOOL_TIP_T/><HELP_T/></MDRS_W_UIT_TEXT><MDRS_W_UIT_TEXT><MO_NAME>ODATA_SVC_PARENT_OBJECT_ID</MO_NAME><VERSION_ID>0000000000</VERSION_ID><LANGU>V</LANGU><DB_KEY>ABY+IdIdHtiTwJQFZuGIlw==</DB_KEY><PARENT_KEY>ABY+Emf1HtiLzTYO9AxScA==</PARENT_KEY><UUID>ABY+IdIdHtiTwJQFZuGolw==</UUID><SHORT_T>Förälderobjekt-ID</SHORT_T><COLUMN_T>Förälderobjekt-ID</COLUMN_T><TOOL_TIP_T/><HELP_T/></MDRS_W_UIT_TEXT><MDRS_W_UIT_TEXT><MO_NAME>GEN_BYD_010127</MO_NAME><VERSION_ID>0000000000</VERSION_ID><LANGU>E</LANGU><DB_KEY>ABY+AQOOAt2PyOCK5OTG8A==</DB_KEY><PARENT_KEY>ABY+AQOOAt2PyOCK4CNG7g==</PARENT_KEY><UUID>ABY+AQOOAt2PyOCLTFnG9Q==</UUID><SHORT_T>Perpetual Cost Method</SHORT_T><COLUMN_T>Perpetual Cost Method</COLUMN_T><TOOL_TIP_T/><HELP_T/></MDRS_W_UIT_TEXT><MDRS_W_UIT_TEXT><MO_NAME>GEN_BYD_013837</MO_NAME><VERSION_ID>0000000000</VERSION_ID><LANGU>E</LANGU><DB_KEY>ABY+AQOOAu2PygX6zIsBfg==</DB_KEY><PARENT_KEY>ABY+AQOOAu2PygX6x9xBfA==</PARENT_KEY><UUID>ABY+AQOOAu2PygX7RFLBgw==</UUID><SHORT_T>Account Determination Group</SHORT_T><COLUMN_T>Acc. Det. Grp.</COLUMN_T><TOOL_TIP_T/><HELP_T/></MDRS_W_UIT_TEXT><MDRS_W_UIT_TEXT><MO_NAME>GEN_BYD_013837</MO_NAME><VERSION_ID>0000000000</VERSION_ID><LANGU>F</LANGU><DB_KEY>ABY+AQOOAu2PygX6zVlBfw==</DB_KEY><PARENT_KEY>ABY+AQOOAu2PygX6x9xBfA==</PARENT_KEY><UUID>ABY+AQOOAu2PygX7RKzBhA==</UUID><SHORT_T>Groupe de détermination des comptes</SHORT_T><COLUMN_T>Groupe de détermination des comptes</COLUMN_T><TOOL_TIP_T/><HELP_T/></MDRS_W_UIT_TEXT><MDRS_W_UIT_TEXT><MO_NAME>GEN_BYD_010127</MO_NAME><VERSION_ID>0000000000</VERSION_ID><LANGU>F</LANGU><DB_KEY>ABY+AQOOAt2PyOCK5bWG8Q==</DB_KEY><PARENT_KEY>ABY+AQOOAt2PyOCK4CNG7g==</PARENT_KEY><UUID>ABY+AQOOAt2PyOCLTLPG9g==</UUID><SHORT_T>Méthode de valorisation</SHORT_T><COLUMN_T>Méthode de valorisation</COLUMN_T><TOOL_TIP_T/><HELP_T/></MDRS_W_UIT_TEXT><MDRS_W_UIT_TEXT><MO_NAME>GEN_BYD_013837</MO_NAME><VERSION_ID>0000000000</VERSION_ID><LANGU>D</LANGU><DB_KEY>ABY+AQOOAu2PygX6y35BfQ==</DB_KEY><PARENT_KEY>ABY+AQOOAu2PygX6x9xBfA==</PARENT_KEY><UUID>ABY+AQOOAu2PygX7Q6ABgg==</UUID><SHORT_T>Kontenfindungsgruppe</SHORT_T><COLUMN_T>Kontenfindungsgruppe</COLUMN_T><TOOL_TIP_T/><HELP_T/></MDRS_W_UIT_TEXT><MDRS_W_UIT_TEXT><MO_NAME>GEN_BYD_010127</MO_NAME><VERSION_ID>0000000000</VERSION_ID><LANGU>D</LANGU><DB_KEY>ABY+AQOOAt2PyOCK49gG7w==</DB_KEY><PARENT_KEY>ABY+AQOOAt2PyOCK4CNG7g==</PARENT_KEY><UUID>ABY+AQOOAt2PyOCLS6XG9A==</UUID><SHORT_T>Fortlaufendes Bewertungsverfahren</SHORT_T><COLUMN_T>Fortlaufendes Bewertungsverfahren</COLUMN_T><TOOL_TIP_T/><HELP_T/></MDRS_W_UIT_TEXT><MDRS_W_UIT_TEXT><MO_NAME>GEN_BYD_013837</MO_NAME><VERSION_ID>0000000000</VERSION_ID><LANGU>1</LANGU><DB_KEY>ABY+AQOOAu2PygX6zv/BgQ==</DB_KEY><PARENT_KEY>ABY+AQOOAu2PygX6x9xBfA==</PARENT_KEY><UUID>ABY+AQOOAu2PygX7RVlBhg==</UUID><SHORT_T>科目确定组</SHORT_T><COLUMN_T>科目确定组</COLUMN_T><TOOL_TIP_T/><HELP_T/></MDRS_W_UIT_TEXT><MDRS_W_UIT_TEXT><MO_NAME>GEN_BYD_010127</MO_NAME><VERSION_ID>0000000000</VERSION_ID><LANGU>1</LANGU><DB_KEY>ABY+AQOOAt2PyOCK52JG8w==</DB_KEY><PARENT_KEY>ABY+AQOOAt2PyOCK4CNG7g==</PARENT_KEY><UUID>ABY+AQOOAt2PyOCLTWLG+A==</UUID><SHORT_T>永续成本法</SHORT_T><COLUMN_T>永续成本法</COLUMN_T><TOOL_TIP_T/><HELP_T/></MDRS_W_UIT_TEXT><MDRS_W_UIT_TEXT><MO_NAME>GEN_BYD_013837</MO_NAME><VERSION_ID>0000000000</VERSION_ID><LANGU>P</LANGU><DB_KEY>ABY+ARSdHe+viWY3NfDPPg==</DB_KEY><PARENT_KEY>ABY+AQOOAu2PygX6x9xBfA==</PARENT_KEY><UUID>ABY+ARSdHe+viWY3NfDvPg==</UUID><SHORT_T>Grupo de determinação de contas</SHORT_T><COLUMN_T>Grupo de determinação de contas</COLUMN_T><TOOL_TIP_T/><HELP_T/></MDRS_W_UIT_TEXT><MDRS_W_UIT_TEXT><MO_NAME>GEN_BYD_010127</MO_NAME><VERSION_ID>0000000000</VERSION_ID><LANGU>P</LANGU><DB_KEY>ABY+ARSdHd+twjGjO1FFhg==</DB_KEY><PARENT_KEY>ABY+AQOOAt2PyOCK4CNG7g==</PARENT_KEY><UUID>ABY+ARSdHd+twjGjO1Flhg==</UUID><SHORT_T>Método de custos permanente</SHORT_T><COLUMN_T>Método de custos permanente</COLUMN_T><TOOL_TIP_T/><HELP_T/></MDRS_W_UIT_TEXT><MDRS_W_UIT_TEXT><MO_NAME>GEN_BYD_013837</MO_NAME><VERSION_ID>0000000000</VERSION_ID><LANGU>S</LANGU><DB_KEY>ABY+ARSdHe+w0aYlwwuCMg==</DB_KEY><PARENT_KEY>ABY+AQOOAu2PygX6x9xBfA==</PARENT_KEY><UUID>ABY+ARSdHe+w0aYlwwuiMg==</UUID><SHORT_T>Grupo de determinación de cuentas</SHORT_T><COLUMN_T>Grupo de determinación de cuentas</COLUMN_T><TOOL_TIP_T/><HELP_T/></MDRS_W_UIT_TEXT><MDRS_W_UIT_TEXT><MO_NAME>GEN_BYD_010127</MO_NAME><VERSION_ID>0000000000</VERSION_ID><LANGU>S</LANGU><DB_KEY>ABY+ARSdHe+wn5JExNDVDQ==</DB_KEY><PARENT_KEY>ABY+AQOOAt2PyOCK4CNG7g==</PARENT_KEY><UUID>ABY+ARSdHe+wn5JExND1DQ==</UUID><SHORT_T>Método de cálculo de costes permanentes</SHORT_T><COLUMN_T>Método de cálculo de costes permanentes</COLUMN_T><TOOL_TIP_T/><HELP_T/></MDRS_W_UIT_TEXT><MDRS_W_UIT_TEXT><MO_NAME>GEN_BYD_013837</MO_NAME><VERSION_ID>0000000000</VERSION_ID><LANGU>I</LANGU><DB_KEY>ABY+ARSdHd+vm6sREfaX/A==</DB_KEY><PARENT_KEY>ABY+AQOOAu2PygX6x9xBfA==</PARENT_KEY><UUID>ABY+ARSdHd+vm6sREfa3/A==</UUID><SHORT_T>Gruppo determinazione conti</SHORT_T><COLUMN_T>Gruppo determinazione conti</COLUMN_T><TOOL_TIP_T/><HELP_T/></MDRS_W_UIT_TEXT><MDRS_W_UIT_TEXT><MO_NAME>GEN_BYD_010127</MO_NAME><VERSION_ID>0000000000</VERSION_ID><LANGU>I</LANGU><DB_KEY>ABY+ARSdHe+u0e72b8dW9w==</DB_KEY><PARENT_KEY>ABY+AQOOAt2PyOCK4CNG7g==</PARENT_KEY><UUID>ABY+ARSdHe+u0e72b8d29w==</UUID><SHORT_T>Metodo di valutazione</SHORT_T><COLUMN_T>Metodo di valutazione</COLUMN_T><TOOL_TIP_T/><HELP_T/></MDRS_W_UIT_TEXT><MDRS_W_UIT_TEXT><MO_NAME>GEN_BYD_013837</MO_NAME><VERSION_ID>0000000000</VERSION_ID><LANGU>L</LANGU><DB_KEY>ABY+Ar1OHtGog0CScqPWTA==</DB_KEY><PARENT_KEY>ABY+AQOOAu2PygX6x9xBfA==</PARENT_KEY><UUID>ABY+Ar1OHtGog0CScqP2TA==</UUID><SHORT_T>Grupa wyszukiwania konta</SHORT_T><COLUMN_T>Grupa wyszukiwania konta</COLUMN_T><TOOL_TIP_T/><HELP_T/></MDRS_W_UIT_TEXT><MDRS_W_UIT_TEXT><MO_NAME>GEN_BYD_010127</MO_NAME><VERSION_ID>0000000000</VERSION_ID><LANGU>L</LANGU><DB_KEY>ABY+Ar1OHtGoglWky+PT/g==</DB_KEY><PARENT_KEY>ABY+AQOOAt2PyOCK4CNG7g==</PARENT_KEY><UUID>ABY+Ar1OHtGoglWky+Pz/g==</UUID><SHORT_T>Metoda wyceny</SHORT_T><COLUMN_T>Metoda wyceny</COLUMN_T><TOOL_TIP_T/><HELP_T/></MDRS_W_UIT_TEXT><MDRS_W_UIT_TEXT><MO_NAME>GEN_BYD_013837</MO_NAME><VERSION_ID>0000000000</VERSION_ID><LANGU>B</LANGU><DB_KEY>ABY+HZJdHtaw+VD+inJbPg==</DB_KEY><PARENT_KEY>ABY+AQOOAu2PygX6x9xBfA==</PARENT_KEY><UUID>ABY+HZJdHtaw+VD+inJ7Pg==</UUID><SHORT_T>קבוצת קביעת חשבונות</SHORT_T><COLUMN_T>קבוצת קביעת חשבונות</COLUMN_T><TOOL_TIP_T/><HELP_T/></MDRS_W_UIT_TEXT><MDRS_W_UIT_TEXT><MO_NAME>GEN_BYD_010127</MO_NAME><VERSION_ID>0000000000</VERSION_ID><LANGU>B</LANGU><DB_KEY>ABY+HZJdHtaw+UldtSebOg==</DB_KEY><PARENT_KEY>ABY+AQOOAt2PyOCK4CNG7g==</PARENT_KEY><UUID>ABY+HZJdHtaw+UldtSe7Og==</UUID><SHORT_T>שיטת עלות תמידית</SHORT_T><COLUMN_T>שיטת עלות תמידית</COLUMN_T><TOOL_TIP_T/><HELP_T/></MDRS_W_UIT_TEXT><MDRS_W_UIT_TEXT><MO_NAME>GEN_BYD_013837</MO_NAME><VERSION_ID>0000000000</VERSION_ID><LANGU>N</LANGU><DB_KEY>ABY+Ar1OHtGfy+v152FBqA==</DB_KEY><PARENT_KEY>ABY+AQOOAu2PygX6x9xBfA==</PARENT_KEY><UUID>ABY+Ar1OHtGfy+v152FhqA==</UUID><SHORT_T>Rekeningbepalingsgroep</SHORT_T><COLUMN_T>Rekeningbepalingsgroep</COLUMN_T><TOOL_TIP_T/><HELP_T/></MDRS_W_UIT_TEXT><MDRS_W_UIT_TEXT><MO_NAME>GEN_BYD_010127</MO_NAME><VERSION_ID>0000000000</VERSION_ID><LANGU>N</LANGU><DB_KEY>ABY+Ar1OHtGfy+qer1RBqA==</DB_KEY><PARENT_KEY>ABY+AQOOAt2PyOCK4CNG7g==</PARENT_KEY><UUID>ABY+Ar1OHtGfy+qer1RhqA==</UUID><SHORT_T>Waarderingsmethode</SHORT_T><COLUMN_T>Waarderingsmethode</COLUMN_T><TOOL_TIP_T/><HELP_T/></MDRS_W_UIT_TEXT><MDRS_W_UIT_TEXT><MO_NAME>GEN_BYD_013837</MO_NAME><VERSION_ID>0000000000</VERSION_ID><LANGU>J</LANGU><DB_KEY>ABY+Ar1OHtKyntJV0TkLYQ==</DB_KEY><PARENT_KEY>ABY+AQOOAu2PygX6x9xBfA==</PARENT_KEY><UUID>ABY+Ar1OHtKyntJV0TkrYQ==</UUID><SHORT_T>勘定設定グループ</SHORT_T><COLUMN_T>勘定設定グループ</COLUMN_T><TOOL_TIP_T/><HELP_T/></MDRS_W_UIT_TEXT><MDRS_W_UIT_TEXT><MO_NAME>GEN_BYD_010127</MO_NAME><VERSION_ID>0000000000</VERSION_ID><LANGU>J</LANGU><DB_KEY>ABY+Ar1OHtKxuCBpmZ4RiQ==</DB_KEY><PARENT_KEY>ABY+AQOOAt2PyOCK4CNG7g==</PARENT_KEY><UUID>ABY+Ar1OHtKxuCBpmZ4xiQ==</UUID><SHORT_T>継続原価法</SHORT_T><COLUMN_T>継続原価法</COLUMN_T><TOOL_TIP_T/><HELP_T/></MDRS_W_UIT_TEXT><MDRS_W_UIT_TEXT><MO_NAME>GEN_BYD_013837</MO_NAME><VERSION_ID>0000000000</VERSION_ID><LANGU>3</LANGU><DB_KEY>ABY+HZJdHtae7uiM60DTgw==</DB_KEY><PARENT_KEY>ABY+AQOOAu2PygX6x9xBfA==</PARENT_KEY><UUID>ABY+HZJdHtae7uiM60Dzgw==</UUID><SHORT_T>계정 결정 그룹</SHORT_T><COLUMN_T>계정 결정 그룹</COLUMN_T><TOOL_TIP_T/><HELP_T/></MDRS_W_UIT_TEXT><MDRS_W_UIT_TEXT><MO_NAME>GEN_BYD_010127</MO_NAME><VERSION_ID>0000000000</VERSION_ID><LANGU>3</LANGU><DB_KEY>ABY+HZJdHtae7uDOnorTfQ==</DB_KEY><PARENT_KEY>ABY+AQOOAt2PyOCK4CNG7g==</PARENT_KEY><UUID>ABY+HZJdHtae7uDOnorzfQ==</UUID><SHORT_T>계속 원가법</SHORT_T><COLUMN_T>계속 원가법</COLUMN_T><TOOL_TIP_T/><HELP_T/></MDRS_W_UIT_TEXT><MDRS_W_UIT_TEXT><MO_NAME>GEN_BYD_010127</MO_NAME><VERSION_ID>0000000000</VERSION_ID><LANGU>C</LANGU><DB_KEY>ABY+Ar1OHuGmo8VtjBXa3A==</DB_KEY><PARENT_KEY>ABY+AQOOAt2PyOCK4CNG7g==</PARENT_KEY><UUID>ABY+Ar1OHuGmo8VtjBX63A==</UUID><SHORT_T>Metoda ocenění</SHORT_T><COLUMN_T>Metoda ocenění</COLUMN_T><TOOL_TIP_T/><HELP_T/></MDRS_W_UIT_TEXT><MDRS_W_UIT_TEXT><MO_NAME>GEN_BYD_013837</MO_NAME><VERSION_ID>0000000000</VERSION_ID><LANGU>C</LANGU><DB_KEY>ABY+Ar1OHtGlwlMAKnkKXQ==</DB_KEY><PARENT_KEY>ABY+AQOOAu2PygX6x9xBfA==</PARENT_KEY><UUID>ABY+Ar1OHtGlwlMAKnkqXQ==</UUID><SHORT_T>Skupina nalezení účtu</SHORT_T><COLUMN_T>Sk. nal. účtu</COLUMN_T><TOOL_TIP_T/><HELP_T/></MDRS_W_UIT_TEXT></UITEXT_DESC><CODELIST_METADTA><ODATA_EXT_DEF_CLIST_PROP><CLIENT>171</CLIENT><NODE_ID>ABY+cwb3HtmJiNsYBm78hQ==</NODE_ID><PARENT_NODE_ID>ABY+cwb3HtmJiNsYBm68hQ==</PARENT_NODE_ID><ROOT_NODE_ID>ABY+cwb3HtmJiMoejsP8ew==</ROOT_NODE_ID><MO_NAME/><RESOLVED_BO_ELEMENT_NAME>PERPETUAL_INVEN_VALU_PROCED_C</RESOLVED_BO_ELEMENT_NAME><RESOLVED_BO_NAME>FIA_MATERIAL_VALU_DATA</RESOLVED_BO_NAME><RESOLVED_BO_NODE_NAME>INVEN_VALU_SPECIFICATION</RESOLVED_BO_NODE_NAME><UUID>ABY+cwb3HtmJiNsYBm8chQ==</UUID><RESOLVED_BO_NODE_DO_PREFIX/></ODATA_EXT_DEF_CLIST_PROP><ODATA_EXT_DEF_CLIST_PROP><CLIENT>171</CLIENT><NODE_ID>ABY+cwb3HtmJqn1m6OACqQ==</NODE_ID><PARENT_NODE_ID>ABY+cwb3HtmJqn1m6N/CqQ==</PARENT_NODE_ID><ROOT_NODE_ID>ABY+cwb3HtmJiMoejsP8ew==</ROOT_NODE_ID><MO_NAME/><RESOLVED_BO_ELEMENT_NAME>ACCOUNT_DET_MATVD_GROUP_CODE</RESOLVED_BO_ELEMENT_NAME><RESOLVED_BO_NAME>FIA_MATERIAL_VALU_DATA</RESOLVED_BO_NAME><RESOLVED_BO_NODE_NAME>ACCTDET_SPECIFICATION</RESOLVED_BO_NODE_NAME><UUID>ABY+cwb3HtmJqn1m6OAiqQ==</UUID><RESOLVED_BO_NODE_DO_PREFIX/></ODATA_EXT_DEF_CLIST_PROP></CODELIST_METADTA><INCLUDED_BO_NODE/><EXTERNAL_INFORMATION/></SERVICE></asx:values></asx:abap>