<?xml version="1.0" encoding="utf-8"?><asx:abap version="1.0" xmlns:asx="http://www.sap.com/abapxml"><asx:values><SERVICE><ROOT><CLIENT>171</CLIENT><NODE_ID>ABY+cwb3HtmJvKE6pfA/jQ==</NODE_ID><NAME/><SERVICE_NAME>vmuservicevaluationdata</SERVICE_NAME><SERVICE_NAMESPACE>cust</SERVICE_NAMESPACE><SRVC_NAMESPACE_ALIAS/><DATA_PROVIDER_CLASS/><MODEL_PROVIDER_CLASS/><EXIT_CLASS/><CREATION_DATE_TIME>20190208121802.0</CREATION_DATE_TIME><CREATION_IDENTITY_UUID>AAAAAAABHe+617Q9qHhsNg==</CREATION_IDENTITY_UUID><LAST_CHANGE_DATE_TIME>20190208121802.0</LAST_CHANGE_DATE_TIME><LAST_CHANGE_IDENTITY_UUID>AAAAAAABHe+617Q9qHhsNg==</LAST_CHANGE_IDENTITY_UUID><PACKAGE_NAME/><IS_EXTENSION/><IS_DRAFT/><STATUS_LIFE_CYCLE_STAT>1</STATUS_LIFE_CYCLE_STAT><IMPL_VERSION_CODE>V2</IMPL_VERSION_CODE><START_UI_APPLICATION_ID/><CODE_DESCRIPTION_ENABLED>X</CODE_DESCRIPTION_ENABLED><SERVICE_DATA_BINARY_MIME_CODE/><CHARACTER_SET_CODE/><SERVICE_DATA_BINARY_FORMAT/><SERVICE_DATA_BINARY_FILE_NAME/><SERVICE_DATA_BINARY_URI/><SERVICE_DATA_BINARY/><START_UI_APPLICATION_WOC_NAME/><START_UI_APPLN_WOC_VIEW_NAME>MMA_INVENTORYVALUATION</START_UI_APPLN_WOC_VIEW_NAME><SERVICE_DOCUMENTATION_URL/><NO_AUTH_CHECK/><KEY_MAPPING_ENABLED/><PDI_SOLUTION_NAMESPACE/><IS_PDI_SOL_INACTIVE/><XODATA_NAME/><SAP_RELEASE>784</SAP_RELEASE><SAP_SUPP_PACKAGE>5</SAP_SUPP_PACKAGE></ROOT><ENTITIES><ODATA_EXTENSION_DEF_EN_001><CLIENT>171</CLIENT><NODE_ID>ABY+cwb3HtmJvKYWUdL/5Q==</NODE_ID><PARENT_NODE_ID>ABY+cwb3HtmJvKE6pfA/jQ==</PARENT_NODE_ID><MO_NAME/><REF_UUID_KEY_UUID/><REF_UUID_KEY_VERSION_ID>0000000000</REF_UUID_KEY_VERSION_ID><ORDINAL_NUMBER>990</ORDINAL_NUMBER><NAME>CodeList</NAME><SADL_XML>&lt;?xml version="1.0" encoding="utf-16"?&gt;&lt;sadl:definition xmlns:sadl="http://sap.com/sap.nw.f.sadl" &gt; &lt;sadl:modes&gt; &lt;sadl:mode type="UI" /&gt; &lt;/sadl:modes&gt; &lt;sadl:dataSource type="BusinessObjectNode" name="DS" binding="~" /&gt;&lt;sadl:resultSet&gt;&lt;sadl:structure name="ROOT" dataSource="DS" maxEditMode="RO" type="QUERY_ONLY" &gt; &lt;sadl:query name="SADL_QUERY" &gt; &lt;/sadl:query&gt;&lt;/sadl:structure&gt;&lt;/sadl:resultSet&gt;&lt;/sadl:definition&gt;</SADL_XML><LEADING_BO_NAME/><SADL_LAST_CHANGE_DATE_TIME>20190215112204.520192</SADL_LAST_CHANGE_DATE_TIME><ENTRY_TITLE_PROPERTY_BINDING/><CORE_ENT_LAST_CHANGE_DATE_TIME>0.0</CORE_ENT_LAST_CHANGE_DATE_TIME><LEADING_BO_NODE_NAME/><ENTRY_AUTHOR_PROPERTY_BINDING/><ENTRY_CRE_AT_PROPERTY_BINDING/><ENTRY_UPD_AT_PROPERTY_BINDING/><IS_CREATABLE/><IS_UPDATABLE/><IS_DELETABLE/><DEFAULT_ENTITY_SET_NAME/><RBAM_UI_APPLICATION_ID/><LAST_CHANGE_DATE_TIME>20190208121802.0</LAST_CHANGE_DATE_TIME><DO_PREFIX/><PREDECESSOR_ENTITY_UUID/><START_UI_APPLICATION_WOC_NAME/><START_UI_APPLN_WOC_VIEW_NAME/><IS_CODELIST_ENTITY_TYPE>X</IS_CODELIST_ENTITY_TYPE><UI_TEXT_KEY_NAME/><UI_TEXT_KEY_VERSION_ID>0000000000</UI_TEXT_KEY_VERSION_ID><UITXT_REDEF_IND/></ODATA_EXTENSION_DEF_EN_001><ODATA_EXTENSION_DEF_EN_001><CLIENT>171</CLIENT><NODE_ID>ABY+cwb3HtmJvKitWRSf5Q==</NODE_ID><PARENT_NODE_ID>ABY+cwb3HtmJvKE6pfA/jQ==</PARENT_NODE_ID><MO_NAME/><REF_UUID_KEY_UUID/><REF_UUID_KEY_VERSION_ID>0000000000</REF_UUID_KEY_VERSION_ID><ORDINAL_NUMBER>2</ORDINAL_NUMBER><NAME>ServiceProductValuationDataAccountDeterminationSpecification</NAME><SADL_XML>&lt;?xml version="1.0" encoding="utf-16"?&gt;&lt;sadl:definition xmlns:sadl="http://sap.com/sap.nw.f.sadl" &gt; &lt;sadl:modes&gt; &lt;sadl:mode type="UI" /&gt; &lt;/sadl:modes&gt; &lt;sadl:dataSource type="BusinessObjectNode" name="DS" binding="FIA_SERVPROD_VALU_DATA~ACCTDET_SPECIFICATION" /&gt;&lt;sadl:resultSet&gt;&lt;sadl:structure name="ROOT" dataSource="DS" maxEditMode="RO" type="QUERY_ONLY" &gt; &lt;sadl:query name="SADL_QUERY" &gt; &lt;sadl:inputStructure&gt; &lt;sadl:inputParameter name="OBJECTID" &gt; &lt;sadl:attribute binding="OBJECTID" /&gt; &lt;/sadl:inputParameter&gt; &lt;sadl:inputParameter name="PARENTOBJECTID" &gt; &lt;sadl:attribute binding="PARENTOBJECTID" /&gt; &lt;/sadl:inputParameter&gt; &lt;sadl:inputParameter name="SPRVD_ACCTDET_GC" &gt; &lt;sadl:attribute binding="SPRVD_ACCTDET_GC" /&gt; &lt;/sadl:inputParameter&gt; &lt;/sadl:inputStructure&gt; &lt;/sadl:query&gt; &lt;sadl:attribute name="OBJECTID" binding="NODE_ID" /&gt; &lt;sadl:attribute name="PARENTOBJECTID" binding="PARENT_NODE_ID" /&gt; &lt;sadl:attribute name="SPRVD_ACCTDET_GC" binding="SPRVD_ACCTDET_GC" /&gt;&lt;/sadl:structure&gt;&lt;/sadl:resultSet&gt;&lt;/sadl:definition&gt;</SADL_XML><LEADING_BO_NAME>FIA_SERVPROD_VALU_DATA</LEADING_BO_NAME><SADL_LAST_CHANGE_DATE_TIME>20190215112204.523684</SADL_LAST_CHANGE_DATE_TIME><ENTRY_TITLE_PROPERTY_BINDING/><CORE_ENT_LAST_CHANGE_DATE_TIME>0.0</CORE_ENT_LAST_CHANGE_DATE_TIME><LEADING_BO_NODE_NAME>ACCTDET_SPECIFICATION</LEADING_BO_NODE_NAME><ENTRY_AUTHOR_PROPERTY_BINDING/><ENTRY_CRE_AT_PROPERTY_BINDING/><ENTRY_UPD_AT_PROPERTY_BINDING/><IS_CREATABLE>X</IS_CREATABLE><IS_UPDATABLE>X</IS_UPDATABLE><IS_DELETABLE>X</IS_DELETABLE><DEFAULT_ENTITY_SET_NAME>ServiceProductValuationDataAccountDeterminationSpecificationCollection</DEFAULT_ENTITY_SET_NAME><RBAM_UI_APPLICATION_ID/><LAST_CHANGE_DATE_TIME>20190208121802.0</LAST_CHANGE_DATE_TIME><DO_PREFIX/><PREDECESSOR_ENTITY_UUID>ABY+cwb3HtmJvKTfkX5/jw==</PREDECESSOR_ENTITY_UUID><START_UI_APPLICATION_WOC_NAME/><START_UI_APPLN_WOC_VIEW_NAME/><IS_CODELIST_ENTITY_TYPE/><UI_TEXT_KEY_NAME/><UI_TEXT_KEY_VERSION_ID>0000000000</UI_TEXT_KEY_VERSION_ID><UITXT_REDEF_IND/></ODATA_EXTENSION_DEF_EN_001><ODATA_EXTENSION_DEF_EN_001><CLIENT>171</CLIENT><NODE_ID>ABY+cwb3HtmJvKTfkX5/jw==</NODE_ID><PARENT_NODE_ID>ABY+cwb3HtmJvKE6pfA/jQ==</PARENT_NODE_ID><MO_NAME/><REF_UUID_KEY_UUID/><REF_UUID_KEY_VERSION_ID>0000000000</REF_UUID_KEY_VERSION_ID><ORDINAL_NUMBER>1</ORDINAL_NUMBER><NAME>ServiceProductValuationData</NAME><SADL_XML>&lt;?xml version="1.0" encoding="utf-16"?&gt;&lt;sadl:definition xmlns:sadl="http://sap.com/sap.nw.f.sadl" &gt; &lt;sadl:modes&gt; &lt;sadl:mode type="UI" /&gt; &lt;/sadl:modes&gt; &lt;sadl:dataSource type="BusinessObjectNode" name="DS" binding="FIA_SERVPROD_VALU_DATA~ROOT" /&gt;&lt;sadl:resultSet&gt;&lt;sadl:structure name="ROOT" dataSource="DS" maxEditMode="RO" type="QUERY_ONLY" &gt; &lt;sadl:query name="SADL_QUERY" &gt; &lt;sadl:inputStructure&gt; &lt;sadl:inputParameter name="COMPANY_UUID_CONTENT" &gt; &lt;sadl:attribute binding="COMPANY_UUID_CONTENT" /&gt; &lt;/sadl:inputParameter&gt; &lt;sadl:inputParameter name="OBJECTID" &gt; &lt;sadl:attribute binding="OBJECTID" /&gt; &lt;/sadl:inputParameter&gt; &lt;sadl:inputParameter name="SERVICE_PRODUCT_UUID_CONTENT" &gt; &lt;sadl:attribute binding="SERVICE_PRODUCT_UUID_CONTENT" /&gt; &lt;/sadl:inputParameter&gt; &lt;sadl:inputParameter name="UUID_CONTENT" &gt; &lt;sadl:attribute binding="UUID_CONTENT" /&gt; &lt;/sadl:inputParameter&gt; &lt;sadl:inputParameter name="OBJECTID1" &gt; &lt;sadl:attribute binding="OBJECTID1" /&gt; &lt;/sadl:inputParameter&gt; &lt;sadl:inputParameter name="SPRVD_ACCTDET_GC" &gt; &lt;sadl:attribute binding="SPRVD_ACCTDET_GC" /&gt; &lt;/sadl:inputParameter&gt; &lt;/sadl:inputStructure&gt; &lt;/sadl:query&gt; &lt;sadl:attribute name="COMPANY_UUID_CONTENT" binding="COMPANY_UUID-CONTENT" /&gt; &lt;sadl:attribute name="OBJECTID" binding="NODE_ID" /&gt; &lt;sadl:attribute name="OBJECTID1" binding="ass:ACCTDET_SPECIFICATION/NODE_ID" /&gt; &lt;sadl:attribute name="SERVICE_PRODUCT_UUID_CONTENT" binding="SERVICE_PRODUCT_UUID-CONTENT" /&gt; &lt;sadl:attribute name="SPRVD_ACCTDET_GC" binding="ass:ACCTDET_SPECIFICATION/SPRVD_ACCTDET_GC" /&gt; &lt;sadl:attribute name="UUID_CONTENT" binding="UUID-CONTENT" /&gt;&lt;/sadl:structure&gt;&lt;/sadl:resultSet&gt;&lt;/sadl:definition&gt;</SADL_XML><LEADING_BO_NAME>FIA_SERVPROD_VALU_DATA</LEADING_BO_NAME><SADL_LAST_CHANGE_DATE_TIME>20190215112204.526242</SADL_LAST_CHANGE_DATE_TIME><ENTRY_TITLE_PROPERTY_BINDING/><CORE_ENT_LAST_CHANGE_DATE_TIME>0.0</CORE_ENT_LAST_CHANGE_DATE_TIME><LEADING_BO_NODE_NAME>ROOT</LEADING_BO_NODE_NAME><ENTRY_AUTHOR_PROPERTY_BINDING/><ENTRY_CRE_AT_PROPERTY_BINDING/><ENTRY_UPD_AT_PROPERTY_BINDING/><IS_CREATABLE/><IS_UPDATABLE/><IS_DELETABLE/><DEFAULT_ENTITY_SET_NAME>ServiceProductValuationDataCollection</DEFAULT_ENTITY_SET_NAME><RBAM_UI_APPLICATION_ID/><LAST_CHANGE_DATE_TIME>20190208121802.0</LAST_CHANGE_DATE_TIME><DO_PREFIX/><PREDECESSOR_ENTITY_UUID/><START_UI_APPLICATION_WOC_NAME/><START_UI_APPLN_WOC_VIEW_NAME/><IS_CODELIST_ENTITY_TYPE/><UI_TEXT_KEY_NAME>FIA_SERVPROD_VALU_DATA</UI_TEXT_KEY_NAME><UI_TEXT_KEY_VERSION_ID>0000000000</UI_TEXT_KEY_VERSION_ID><UITXT_REDEF_IND/></ODATA_EXTENSION_DEF_EN_001></ENTITIES><PROPERTIES><ODATA_EXTENSION_DEF_PR_001><CLIENT>171</CLIENT><NODE_ID>ABY+cwb3HtmJvKYWUdMf5Q==</NODE_ID><PARENT_NODE_ID>ABY+cwb3HtmJvKYWUdL/5Q==</PARENT_NODE_ID><ROOT_NODE_ID>ABY+cwb3HtmJvKE6pfA/jQ==</ROOT_NODE_ID><MO_NAME/><ORDINAL_NUMBER>0</ORDINAL_NUMBER><NAME>Code</NAME><DATA_TYPE>String</DATA_TYPE><IS_COMPLEX/><ABAP_DT_NAME>CONTENT</ABAP_DT_NAME><BO_PATH/><COMPLEX_TYPE_UUID/><IS_CODE_TYPE/><IS_CREATABLE/><IS_UPDATABLE/><IS_NULLABLE/><IS_FILTERABLE>X</IS_FILTERABLE><HAS_FIXED_LENGTH/><MAX_LENGTH>0</MAX_LENGTH><PRECISION_VALUE>0</PRECISION_VALUE><SCALE>0</SCALE><DEFAULT_VALUE/><IS_HIDDEN_IN_EDM/><BO_PATH_WITH_FILTER/><IS_ALPHA_CONV_ALLOWED/><IS_LANGU_CODE/><CODELIST_ENTITY_SET_UUID/><IS_EXTENSION_FIELD/><IS_FREE_SEARCH_ENABLED/><IS_TRASIENT/><IS_INTERNAL/><IS_EXTERNAL/><LOCAL_ID_TYPE/><IS_PARENT_EXTERNAL_KEY/><IS_REF_EXTERNAL_KEY/><USE_EXTERNAL_INFO/><REF_EXT_KEY_UUID_KEY/><EXTERNAL_KEY_LEVEL_CODE/><EXCLUDE_FROM_SADL/><SAM_STATUS_VARIABLE_UUID/><UI_TEXT_KEY_NAME/><UI_TEXT_KEY_VERSION_ID>0000000000</UI_TEXT_KEY_VERSION_ID><UITXT_REDEF_IND/><CONCURRENCY_MODE/><INTERNAL_KEY_LEVEL_CODE/><CONTEXT_PROPERTY_UUID_UUID/><VERSION_ID>0000000000</VERSION_ID><IS_DATE_TYPE/><IS_ETAG_RELEVANT/><BO_NAME/><BO_NODE_NAME/><BO_NODE_ELEMENT_PATH/><DO_PREFIX/><IS_DWB_PROP/><IS_MULTI_VALUED/><ENCRYPTED_MAX_LENGTH>0</ENCRYPTED_MAX_LENGTH></ODATA_EXTENSION_DEF_PR_001><ODATA_EXTENSION_DEF_PR_001><CLIENT>171</CLIENT><NODE_ID>ABY+cwb3HtmJvKYWUdM/5Q==</NODE_ID><PARENT_NODE_ID>ABY+cwb3HtmJvKYWUdL/5Q==</PARENT_NODE_ID><ROOT_NODE_ID>ABY+cwb3HtmJvKE6pfA/jQ==</ROOT_NODE_ID><MO_NAME/><ORDINAL_NUMBER>0</ORDINAL_NUMBER><NAME>Description</NAME><DATA_TYPE>String</DATA_TYPE><IS_COMPLEX/><ABAP_DT_NAME>DESCRIPTION</ABAP_DT_NAME><BO_PATH/><COMPLEX_TYPE_UUID/><IS_CODE_TYPE/><IS_CREATABLE/><IS_UPDATABLE/><IS_NULLABLE/><IS_FILTERABLE>X</IS_FILTERABLE><HAS_FIXED_LENGTH/><MAX_LENGTH>0</MAX_LENGTH><PRECISION_VALUE>0</PRECISION_VALUE><SCALE>0</SCALE><DEFAULT_VALUE/><IS_HIDDEN_IN_EDM/><BO_PATH_WITH_FILTER/><IS_ALPHA_CONV_ALLOWED/><IS_LANGU_CODE/><CODELIST_ENTITY_SET_UUID/><IS_EXTENSION_FIELD/><IS_FREE_SEARCH_ENABLED/><IS_TRASIENT/><IS_INTERNAL/><IS_EXTERNAL/><LOCAL_ID_TYPE/><IS_PARENT_EXTERNAL_KEY/><IS_REF_EXTERNAL_KEY/><USE_EXTERNAL_INFO/><REF_EXT_KEY_UUID_KEY/><EXTERNAL_KEY_LEVEL_CODE/><EXCLUDE_FROM_SADL/><SAM_STATUS_VARIABLE_UUID/><UI_TEXT_KEY_NAME/><UI_TEXT_KEY_VERSION_ID>0000000000</UI_TEXT_KEY_VERSION_ID><UITXT_REDEF_IND/><CONCURRENCY_MODE/><INTERNAL_KEY_LEVEL_CODE/><CONTEXT_PROPERTY_UUID_UUID/><VERSION_ID>0000000000</VERSION_ID><IS_DATE_TYPE/><IS_ETAG_RELEVANT/><BO_NAME/><BO_NODE_NAME/><BO_NODE_ELEMENT_PATH/><DO_PREFIX/><IS_DWB_PROP/><IS_MULTI_VALUED/><ENCRYPTED_MAX_LENGTH>0</ENCRYPTED_MAX_LENGTH></ODATA_EXTENSION_DEF_PR_001><ODATA_EXTENSION_DEF_PR_001><CLIENT>171</CLIENT><NODE_ID>ABY+cwb3HtmJvKitWRT/5Q==</NODE_ID><PARENT_NODE_ID>ABY+cwb3HtmJvKitWRSf5Q==</PARENT_NODE_ID><ROOT_NODE_ID>ABY+cwb3HtmJvKE6pfA/jQ==</ROOT_NODE_ID><MO_NAME/><ORDINAL_NUMBER>1</ORDINAL_NUMBER><NAME>ObjectID</NAME><DATA_TYPE>String</DATA_TYPE><IS_COMPLEX/><ABAP_DT_NAME>OBJECTID</ABAP_DT_NAME><BO_PATH>NODE_ID</BO_PATH><COMPLEX_TYPE_UUID/><IS_CODE_TYPE/><IS_CREATABLE/><IS_UPDATABLE/><IS_NULLABLE/><IS_FILTERABLE>X</IS_FILTERABLE><HAS_FIXED_LENGTH>X</HAS_FIXED_LENGTH><MAX_LENGTH>70</MAX_LENGTH><PRECISION_VALUE>70</PRECISION_VALUE><SCALE>0</SCALE><DEFAULT_VALUE/><IS_HIDDEN_IN_EDM/><BO_PATH_WITH_FILTER/><IS_ALPHA_CONV_ALLOWED/><IS_LANGU_CODE/><CODELIST_ENTITY_SET_UUID/><IS_EXTENSION_FIELD/><IS_FREE_SEARCH_ENABLED/><IS_TRASIENT/><IS_INTERNAL/><IS_EXTERNAL/><LOCAL_ID_TYPE/><IS_PARENT_EXTERNAL_KEY/><IS_REF_EXTERNAL_KEY/><USE_EXTERNAL_INFO/><REF_EXT_KEY_UUID_KEY/><EXTERNAL_KEY_LEVEL_CODE/><EXCLUDE_FROM_SADL/><SAM_STATUS_VARIABLE_UUID/><UI_TEXT_KEY_NAME>ODATA_SVC_OBJECT_ID</UI_TEXT_KEY_NAME><UI_TEXT_KEY_VERSION_ID>0000000000</UI_TEXT_KEY_VERSION_ID><UITXT_REDEF_IND/><CONCURRENCY_MODE/><INTERNAL_KEY_LEVEL_CODE/><CONTEXT_PROPERTY_UUID_UUID/><VERSION_ID>0000000000</VERSION_ID><IS_DATE_TYPE/><IS_ETAG_RELEVANT/><BO_NAME/><BO_NODE_NAME/><BO_NODE_ELEMENT_PATH/><DO_PREFIX/><IS_DWB_PROP/><IS_MULTI_VALUED/><ENCRYPTED_MAX_LENGTH>0</ENCRYPTED_MAX_LENGTH></ODATA_EXTENSION_DEF_PR_001><ODATA_EXTENSION_DEF_PR_001><CLIENT>171</CLIENT><NODE_ID>ABY+cwb3HtmJvKitWRUf5Q==</NODE_ID><PARENT_NODE_ID>ABY+cwb3HtmJvKitWRSf5Q==</PARENT_NODE_ID><ROOT_NODE_ID>ABY+cwb3HtmJvKE6pfA/jQ==</ROOT_NODE_ID><MO_NAME/><ORDINAL_NUMBER>2</ORDINAL_NUMBER><NAME>ParentObjectID</NAME><DATA_TYPE>String</DATA_TYPE><IS_COMPLEX/><ABAP_DT_NAME>PARENTOBJECTID</ABAP_DT_NAME><BO_PATH>PARENT_NODE_ID</BO_PATH><COMPLEX_TYPE_UUID/><IS_CODE_TYPE/><IS_CREATABLE>X</IS_CREATABLE><IS_UPDATABLE/><IS_NULLABLE>X</IS_NULLABLE><IS_FILTERABLE>X</IS_FILTERABLE><HAS_FIXED_LENGTH>X</HAS_FIXED_LENGTH><MAX_LENGTH>70</MAX_LENGTH><PRECISION_VALUE>70</PRECISION_VALUE><SCALE>0</SCALE><DEFAULT_VALUE/><IS_HIDDEN_IN_EDM/><BO_PATH_WITH_FILTER/><IS_ALPHA_CONV_ALLOWED/><IS_LANGU_CODE/><CODELIST_ENTITY_SET_UUID/><IS_EXTENSION_FIELD/><IS_FREE_SEARCH_ENABLED/><IS_TRASIENT/><IS_INTERNAL/><IS_EXTERNAL/><LOCAL_ID_TYPE/><IS_PARENT_EXTERNAL_KEY/><IS_REF_EXTERNAL_KEY/><USE_EXTERNAL_INFO/><REF_EXT_KEY_UUID_KEY/><EXTERNAL_KEY_LEVEL_CODE/><EXCLUDE_FROM_SADL/><SAM_STATUS_VARIABLE_UUID/><UI_TEXT_KEY_NAME>ODATA_SVC_PARENT_OBJECT_ID</UI_TEXT_KEY_NAME><UI_TEXT_KEY_VERSION_ID>0000000000</UI_TEXT_KEY_VERSION_ID><UITXT_REDEF_IND/><CONCURRENCY_MODE/><INTERNAL_KEY_LEVEL_CODE/><CONTEXT_PROPERTY_UUID_UUID/><VERSION_ID>0000000000</VERSION_ID><IS_DATE_TYPE/><IS_ETAG_RELEVANT/><BO_NAME/><BO_NODE_NAME/><BO_NODE_ELEMENT_PATH/><DO_PREFIX/><IS_DWB_PROP/><IS_MULTI_VALUED/><ENCRYPTED_MAX_LENGTH>0</ENCRYPTED_MAX_LENGTH></ODATA_EXTENSION_DEF_PR_001><ODATA_EXTENSION_DEF_PR_001><CLIENT>171</CLIENT><NODE_ID>ABY+cwb3HtmJvKkKOCc/5g==</NODE_ID><PARENT_NODE_ID>ABY+cwb3HtmJvKitWRSf5Q==</PARENT_NODE_ID><ROOT_NODE_ID>ABY+cwb3HtmJvKE6pfA/jQ==</ROOT_NODE_ID><MO_NAME/><ORDINAL_NUMBER>11</ORDINAL_NUMBER><NAME>AccountDeterminationServiceProductValuationDataGroupCode</NAME><DATA_TYPE>String</DATA_TYPE><IS_COMPLEX/><ABAP_DT_NAME>SPRVD_ACCTDET_GC</ABAP_DT_NAME><BO_PATH>SPRVD_ACCTDET_GC</BO_PATH><COMPLEX_TYPE_UUID/><IS_CODE_TYPE>X</IS_CODE_TYPE><IS_CREATABLE>X</IS_CREATABLE><IS_UPDATABLE>X</IS_UPDATABLE><IS_NULLABLE>X</IS_NULLABLE><IS_FILTERABLE>X</IS_FILTERABLE><HAS_FIXED_LENGTH>X</HAS_FIXED_LENGTH><MAX_LENGTH>14</MAX_LENGTH><PRECISION_VALUE>14</PRECISION_VALUE><SCALE>0</SCALE><DEFAULT_VALUE/><IS_HIDDEN_IN_EDM/><BO_PATH_WITH_FILTER/><IS_ALPHA_CONV_ALLOWED/><IS_LANGU_CODE/><CODELIST_ENTITY_SET_UUID>ABY+cwb3HtmJvKkKOCd/5g==</CODELIST_ENTITY_SET_UUID><IS_EXTENSION_FIELD/><IS_FREE_SEARCH_ENABLED/><IS_TRASIENT/><IS_INTERNAL/><IS_EXTERNAL/><LOCAL_ID_TYPE/><IS_PARENT_EXTERNAL_KEY/><IS_REF_EXTERNAL_KEY/><USE_EXTERNAL_INFO/><REF_EXT_KEY_UUID_KEY/><EXTERNAL_KEY_LEVEL_CODE/><EXCLUDE_FROM_SADL/><SAM_STATUS_VARIABLE_UUID/><UI_TEXT_KEY_NAME>GEN_BYD_013837</UI_TEXT_KEY_NAME><UI_TEXT_KEY_VERSION_ID>0000000000</UI_TEXT_KEY_VERSION_ID><UITXT_REDEF_IND/><CONCURRENCY_MODE/><INTERNAL_KEY_LEVEL_CODE/><CONTEXT_PROPERTY_UUID_UUID/><VERSION_ID>0000000000</VERSION_ID><IS_DATE_TYPE/><IS_ETAG_RELEVANT/><BO_NAME>FIA_SERVPROD_VALU_DATA</BO_NAME><BO_NODE_NAME>ACCTDET_SPECIFICATION</BO_NODE_NAME><BO_NODE_ELEMENT_PATH>SPRVD_ACCTDET_GC</BO_NODE_ELEMENT_PATH><DO_PREFIX/><IS_DWB_PROP/><IS_MULTI_VALUED/><ENCRYPTED_MAX_LENGTH>0</ENCRYPTED_MAX_LENGTH></ODATA_EXTENSION_DEF_PR_001><ODATA_EXTENSION_DEF_PR_001><CLIENT>171</CLIENT><NODE_ID>ABY+cwb3HtmJvKYWUdMf5Q==</NODE_ID><PARENT_NODE_ID>ABY+cwb3HtmJvKYWUdL/5Q==</PARENT_NODE_ID><ROOT_NODE_ID>ABY+cwb3HtmJvKE6pfA/jQ==</ROOT_NODE_ID><MO_NAME/><ORDINAL_NUMBER>0</ORDINAL_NUMBER><NAME>Code</NAME><DATA_TYPE>String</DATA_TYPE><IS_COMPLEX/><ABAP_DT_NAME>CONTENT</ABAP_DT_NAME><BO_PATH/><COMPLEX_TYPE_UUID/><IS_CODE_TYPE/><IS_CREATABLE/><IS_UPDATABLE/><IS_NULLABLE/><IS_FILTERABLE>X</IS_FILTERABLE><HAS_FIXED_LENGTH/><MAX_LENGTH>0</MAX_LENGTH><PRECISION_VALUE>0</PRECISION_VALUE><SCALE>0</SCALE><DEFAULT_VALUE/><IS_HIDDEN_IN_EDM/><BO_PATH_WITH_FILTER/><IS_ALPHA_CONV_ALLOWED/><IS_LANGU_CODE/><CODELIST_ENTITY_SET_UUID/><IS_EXTENSION_FIELD/><IS_FREE_SEARCH_ENABLED/><IS_TRASIENT/><IS_INTERNAL/><IS_EXTERNAL/><LOCAL_ID_TYPE/><IS_PARENT_EXTERNAL_KEY/><IS_REF_EXTERNAL_KEY/><USE_EXTERNAL_INFO/><REF_EXT_KEY_UUID_KEY/><EXTERNAL_KEY_LEVEL_CODE/><EXCLUDE_FROM_SADL/><SAM_STATUS_VARIABLE_UUID/><UI_TEXT_KEY_NAME/><UI_TEXT_KEY_VERSION_ID>0000000000</UI_TEXT_KEY_VERSION_ID><UITXT_REDEF_IND/><CONCURRENCY_MODE/><INTERNAL_KEY_LEVEL_CODE/><CONTEXT_PROPERTY_UUID_UUID/><VERSION_ID>0000000000</VERSION_ID><IS_DATE_TYPE/><IS_ETAG_RELEVANT/><BO_NAME/><BO_NODE_NAME/><BO_NODE_ELEMENT_PATH/><DO_PREFIX/><IS_DWB_PROP/><IS_MULTI_VALUED/><ENCRYPTED_MAX_LENGTH>0</ENCRYPTED_MAX_LENGTH></ODATA_EXTENSION_DEF_PR_001><ODATA_EXTENSION_DEF_PR_001><CLIENT>171</CLIENT><NODE_ID>ABY+cwb3HtmJvKYWUdM/5Q==</NODE_ID><PARENT_NODE_ID>ABY+cwb3HtmJvKYWUdL/5Q==</PARENT_NODE_ID><ROOT_NODE_ID>ABY+cwb3HtmJvKE6pfA/jQ==</ROOT_NODE_ID><MO_NAME/><ORDINAL_NUMBER>0</ORDINAL_NUMBER><NAME>Description</NAME><DATA_TYPE>String</DATA_TYPE><IS_COMPLEX/><ABAP_DT_NAME>DESCRIPTION</ABAP_DT_NAME><BO_PATH/><COMPLEX_TYPE_UUID/><IS_CODE_TYPE/><IS_CREATABLE/><IS_UPDATABLE/><IS_NULLABLE/><IS_FILTERABLE>X</IS_FILTERABLE><HAS_FIXED_LENGTH/><MAX_LENGTH>0</MAX_LENGTH><PRECISION_VALUE>0</PRECISION_VALUE><SCALE>0</SCALE><DEFAULT_VALUE/><IS_HIDDEN_IN_EDM/><BO_PATH_WITH_FILTER/><IS_ALPHA_CONV_ALLOWED/><IS_LANGU_CODE/><CODELIST_ENTITY_SET_UUID/><IS_EXTENSION_FIELD/><IS_FREE_SEARCH_ENABLED/><IS_TRASIENT/><IS_INTERNAL/><IS_EXTERNAL/><LOCAL_ID_TYPE/><IS_PARENT_EXTERNAL_KEY/><IS_REF_EXTERNAL_KEY/><USE_EXTERNAL_INFO/><REF_EXT_KEY_UUID_KEY/><EXTERNAL_KEY_LEVEL_CODE/><EXCLUDE_FROM_SADL/><SAM_STATUS_VARIABLE_UUID/><UI_TEXT_KEY_NAME/><UI_TEXT_KEY_VERSION_ID>0000000000</UI_TEXT_KEY_VERSION_ID><UITXT_REDEF_IND/><CONCURRENCY_MODE/><INTERNAL_KEY_LEVEL_CODE/><CONTEXT_PROPERTY_UUID_UUID/><VERSION_ID>0000000000</VERSION_ID><IS_DATE_TYPE/><IS_ETAG_RELEVANT/><BO_NAME/><BO_NODE_NAME/><BO_NODE_ELEMENT_PATH/><DO_PREFIX/><IS_DWB_PROP/><IS_MULTI_VALUED/><ENCRYPTED_MAX_LENGTH>0</ENCRYPTED_MAX_LENGTH></ODATA_EXTENSION_DEF_PR_001><ODATA_EXTENSION_DEF_PR_001><CLIENT>171</CLIENT><NODE_ID>ABY+cwb3HtmJvKV6HM8/5Q==</NODE_ID><PARENT_NODE_ID>ABY+cwb3HtmJvKTfkX5/jw==</PARENT_NODE_ID><ROOT_NODE_ID>ABY+cwb3HtmJvKE6pfA/jQ==</ROOT_NODE_ID><MO_NAME/><ORDINAL_NUMBER>11</ORDINAL_NUMBER><NAME>CompanyUUID</NAME><DATA_TYPE>Guid</DATA_TYPE><IS_COMPLEX/><ABAP_DT_NAME>COMPANY_UUID_CONTENT</ABAP_DT_NAME><BO_PATH>COMPANY_UUID-CONTENT</BO_PATH><COMPLEX_TYPE_UUID/><IS_CODE_TYPE/><IS_CREATABLE/><IS_UPDATABLE/><IS_NULLABLE>X</IS_NULLABLE><IS_FILTERABLE>X</IS_FILTERABLE><HAS_FIXED_LENGTH>X</HAS_FIXED_LENGTH><MAX_LENGTH>36</MAX_LENGTH><PRECISION_VALUE>36</PRECISION_VALUE><SCALE>0</SCALE><DEFAULT_VALUE/><IS_HIDDEN_IN_EDM/><BO_PATH_WITH_FILTER/><IS_ALPHA_CONV_ALLOWED/><IS_LANGU_CODE/><CODELIST_ENTITY_SET_UUID/><IS_EXTENSION_FIELD/><IS_FREE_SEARCH_ENABLED/><IS_TRASIENT/><IS_INTERNAL/><IS_EXTERNAL/><LOCAL_ID_TYPE/><IS_PARENT_EXTERNAL_KEY/><IS_REF_EXTERNAL_KEY/><USE_EXTERNAL_INFO/><REF_EXT_KEY_UUID_KEY/><EXTERNAL_KEY_LEVEL_CODE/><EXCLUDE_FROM_SADL/><SAM_STATUS_VARIABLE_UUID/><UI_TEXT_KEY_NAME/><UI_TEXT_KEY_VERSION_ID>0000000000</UI_TEXT_KEY_VERSION_ID><UITXT_REDEF_IND/><CONCURRENCY_MODE/><INTERNAL_KEY_LEVEL_CODE/><CONTEXT_PROPERTY_UUID_UUID/><VERSION_ID>0000000000</VERSION_ID><IS_DATE_TYPE/><IS_ETAG_RELEVANT/><BO_NAME>FIA_SERVPROD_VALU_DATA</BO_NAME><BO_NODE_NAME>ROOT</BO_NODE_NAME><BO_NODE_ELEMENT_PATH>COMPANY_UUID-CONTENT</BO_NODE_ELEMENT_PATH><DO_PREFIX/><IS_DWB_PROP/><IS_MULTI_VALUED/><ENCRYPTED_MAX_LENGTH>0</ENCRYPTED_MAX_LENGTH></ODATA_EXTENSION_DEF_PR_001><ODATA_EXTENSION_DEF_PR_001><CLIENT>171</CLIENT><NODE_ID>ABY+cwb3HtmJvKTfkX6fjw==</NODE_ID><PARENT_NODE_ID>ABY+cwb3HtmJvKTfkX5/jw==</PARENT_NODE_ID><ROOT_NODE_ID>ABY+cwb3HtmJvKE6pfA/jQ==</ROOT_NODE_ID><MO_NAME/><ORDINAL_NUMBER>1</ORDINAL_NUMBER><NAME>ObjectID</NAME><DATA_TYPE>String</DATA_TYPE><IS_COMPLEX/><ABAP_DT_NAME>OBJECTID</ABAP_DT_NAME><BO_PATH>NODE_ID</BO_PATH><COMPLEX_TYPE_UUID/><IS_CODE_TYPE/><IS_CREATABLE/><IS_UPDATABLE/><IS_NULLABLE/><IS_FILTERABLE>X</IS_FILTERABLE><HAS_FIXED_LENGTH>X</HAS_FIXED_LENGTH><MAX_LENGTH>70</MAX_LENGTH><PRECISION_VALUE>70</PRECISION_VALUE><SCALE>0</SCALE><DEFAULT_VALUE/><IS_HIDDEN_IN_EDM/><BO_PATH_WITH_FILTER/><IS_ALPHA_CONV_ALLOWED/><IS_LANGU_CODE/><CODELIST_ENTITY_SET_UUID/><IS_EXTENSION_FIELD/><IS_FREE_SEARCH_ENABLED/><IS_TRASIENT/><IS_INTERNAL/><IS_EXTERNAL/><LOCAL_ID_TYPE/><IS_PARENT_EXTERNAL_KEY/><IS_REF_EXTERNAL_KEY/><USE_EXTERNAL_INFO/><REF_EXT_KEY_UUID_KEY/><EXTERNAL_KEY_LEVEL_CODE/><EXCLUDE_FROM_SADL/><SAM_STATUS_VARIABLE_UUID/><UI_TEXT_KEY_NAME>ODATA_SVC_OBJECT_ID</UI_TEXT_KEY_NAME><UI_TEXT_KEY_VERSION_ID>0000000000</UI_TEXT_KEY_VERSION_ID><UITXT_REDEF_IND/><CONCURRENCY_MODE/><INTERNAL_KEY_LEVEL_CODE/><CONTEXT_PROPERTY_UUID_UUID/><VERSION_ID>0000000000</VERSION_ID><IS_DATE_TYPE/><IS_ETAG_RELEVANT/><BO_NAME/><BO_NODE_NAME/><BO_NODE_ELEMENT_PATH/><DO_PREFIX/><IS_DWB_PROP/><IS_MULTI_VALUED/><ENCRYPTED_MAX_LENGTH>0</ENCRYPTED_MAX_LENGTH></ODATA_EXTENSION_DEF_PR_001><ODATA_EXTENSION_DEF_PR_001><CLIENT>171</CLIENT><NODE_ID>ABY+cwb3HtmJvKWfg08/5Q==</NODE_ID><PARENT_NODE_ID>ABY+cwb3HtmJvKTfkX5/jw==</PARENT_NODE_ID><ROOT_NODE_ID>ABY+cwb3HtmJvKE6pfA/jQ==</ROOT_NODE_ID><MO_NAME/><ORDINAL_NUMBER>12</ORDINAL_NUMBER><NAME>ServiceProductUUID</NAME><DATA_TYPE>Guid</DATA_TYPE><IS_COMPLEX/><ABAP_DT_NAME>SERVICE_PRODUCT_UUID_CONTENT</ABAP_DT_NAME><BO_PATH>SERVICE_PRODUCT_UUID-CONTENT</BO_PATH><COMPLEX_TYPE_UUID/><IS_CODE_TYPE/><IS_CREATABLE/><IS_UPDATABLE/><IS_NULLABLE>X</IS_NULLABLE><IS_FILTERABLE>X</IS_FILTERABLE><HAS_FIXED_LENGTH>X</HAS_FIXED_LENGTH><MAX_LENGTH>36</MAX_LENGTH><PRECISION_VALUE>36</PRECISION_VALUE><SCALE>0</SCALE><DEFAULT_VALUE/><IS_HIDDEN_IN_EDM/><BO_PATH_WITH_FILTER/><IS_ALPHA_CONV_ALLOWED/><IS_LANGU_CODE/><CODELIST_ENTITY_SET_UUID/><IS_EXTENSION_FIELD/><IS_FREE_SEARCH_ENABLED/><IS_TRASIENT/><IS_INTERNAL/><IS_EXTERNAL/><LOCAL_ID_TYPE/><IS_PARENT_EXTERNAL_KEY/><IS_REF_EXTERNAL_KEY/><USE_EXTERNAL_INFO/><REF_EXT_KEY_UUID_KEY/><EXTERNAL_KEY_LEVEL_CODE/><EXCLUDE_FROM_SADL/><SAM_STATUS_VARIABLE_UUID/><UI_TEXT_KEY_NAME/><UI_TEXT_KEY_VERSION_ID>0000000000</UI_TEXT_KEY_VERSION_ID><UITXT_REDEF_IND/><CONCURRENCY_MODE/><INTERNAL_KEY_LEVEL_CODE/><CONTEXT_PROPERTY_UUID_UUID/><VERSION_ID>0000000000</VERSION_ID><IS_DATE_TYPE/><IS_ETAG_RELEVANT/><BO_NAME>FIA_SERVPROD_VALU_DATA</BO_NAME><BO_NODE_NAME>ROOT</BO_NODE_NAME><BO_NODE_ELEMENT_PATH>SERVICE_PRODUCT_UUID-CONTENT</BO_NODE_ELEMENT_PATH><DO_PREFIX/><IS_DWB_PROP/><IS_MULTI_VALUED/><ENCRYPTED_MAX_LENGTH>0</ENCRYPTED_MAX_LENGTH></ODATA_EXTENSION_DEF_PR_001><ODATA_EXTENSION_DEF_PR_001><CLIENT>171</CLIENT><NODE_ID>ABY+cwb3HtmJvKXFmeb/5Q==</NODE_ID><PARENT_NODE_ID>ABY+cwb3HtmJvKTfkX5/jw==</PARENT_NODE_ID><ROOT_NODE_ID>ABY+cwb3HtmJvKE6pfA/jQ==</ROOT_NODE_ID><MO_NAME/><ORDINAL_NUMBER>13</ORDINAL_NUMBER><NAME>UUID</NAME><DATA_TYPE>Guid</DATA_TYPE><IS_COMPLEX/><ABAP_DT_NAME>UUID_CONTENT</ABAP_DT_NAME><BO_PATH>UUID-CONTENT</BO_PATH><COMPLEX_TYPE_UUID/><IS_CODE_TYPE/><IS_CREATABLE/><IS_UPDATABLE/><IS_NULLABLE>X</IS_NULLABLE><IS_FILTERABLE>X</IS_FILTERABLE><HAS_FIXED_LENGTH>X</HAS_FIXED_LENGTH><MAX_LENGTH>36</MAX_LENGTH><PRECISION_VALUE>36</PRECISION_VALUE><SCALE>0</SCALE><DEFAULT_VALUE/><IS_HIDDEN_IN_EDM/><BO_PATH_WITH_FILTER/><IS_ALPHA_CONV_ALLOWED/><IS_LANGU_CODE/><CODELIST_ENTITY_SET_UUID/><IS_EXTENSION_FIELD/><IS_FREE_SEARCH_ENABLED/><IS_TRASIENT/><IS_INTERNAL/><IS_EXTERNAL/><LOCAL_ID_TYPE/><IS_PARENT_EXTERNAL_KEY/><IS_REF_EXTERNAL_KEY/><USE_EXTERNAL_INFO/><REF_EXT_KEY_UUID_KEY/><EXTERNAL_KEY_LEVEL_CODE/><EXCLUDE_FROM_SADL/><SAM_STATUS_VARIABLE_UUID/><UI_TEXT_KEY_NAME/><UI_TEXT_KEY_VERSION_ID>0000000000</UI_TEXT_KEY_VERSION_ID><UITXT_REDEF_IND/><CONCURRENCY_MODE/><INTERNAL_KEY_LEVEL_CODE/><CONTEXT_PROPERTY_UUID_UUID/><VERSION_ID>0000000000</VERSION_ID><IS_DATE_TYPE/><IS_ETAG_RELEVANT/><BO_NAME>FIA_SERVPROD_VALU_DATA</BO_NAME><BO_NODE_NAME>ROOT</BO_NODE_NAME><BO_NODE_ELEMENT_PATH>UUID-CONTENT</BO_NODE_ELEMENT_PATH><DO_PREFIX/><IS_DWB_PROP/><IS_MULTI_VALUED/><ENCRYPTED_MAX_LENGTH>0</ENCRYPTED_MAX_LENGTH></ODATA_EXTENSION_DEF_PR_001><ODATA_EXTENSION_DEF_PR_001><CLIENT>171</CLIENT><NODE_ID>ABY+cwb3HtmJvKhXenBf5Q==</NODE_ID><PARENT_NODE_ID>ABY+cwb3HtmJvKTfkX5/jw==</PARENT_NODE_ID><ROOT_NODE_ID>ABY+cwb3HtmJvKE6pfA/jQ==</ROOT_NODE_ID><MO_NAME/><ORDINAL_NUMBER>0</ORDINAL_NUMBER><NAME>FIA_SERVPROD_VALU_DATA;ACCTDET_SPECIFICATION;OBJECTID1</NAME><DATA_TYPE>String</DATA_TYPE><IS_COMPLEX/><ABAP_DT_NAME>OBJECTID1</ABAP_DT_NAME><BO_PATH>ass:ACCTDET_SPECIFICATION/NODE_ID</BO_PATH><COMPLEX_TYPE_UUID/><IS_CODE_TYPE/><IS_CREATABLE/><IS_UPDATABLE/><IS_NULLABLE>X</IS_NULLABLE><IS_FILTERABLE>X</IS_FILTERABLE><HAS_FIXED_LENGTH>X</HAS_FIXED_LENGTH><MAX_LENGTH>70</MAX_LENGTH><PRECISION_VALUE>70</PRECISION_VALUE><SCALE>0</SCALE><DEFAULT_VALUE/><IS_HIDDEN_IN_EDM>X</IS_HIDDEN_IN_EDM><BO_PATH_WITH_FILTER/><IS_ALPHA_CONV_ALLOWED/><IS_LANGU_CODE/><CODELIST_ENTITY_SET_UUID/><IS_EXTENSION_FIELD/><IS_FREE_SEARCH_ENABLED/><IS_TRASIENT/><IS_INTERNAL/><IS_EXTERNAL/><LOCAL_ID_TYPE/><IS_PARENT_EXTERNAL_KEY/><IS_REF_EXTERNAL_KEY/><USE_EXTERNAL_INFO/><REF_EXT_KEY_UUID_KEY/><EXTERNAL_KEY_LEVEL_CODE/><EXCLUDE_FROM_SADL/><SAM_STATUS_VARIABLE_UUID/><UI_TEXT_KEY_NAME/><UI_TEXT_KEY_VERSION_ID>0000000000</UI_TEXT_KEY_VERSION_ID><UITXT_REDEF_IND/><CONCURRENCY_MODE/><INTERNAL_KEY_LEVEL_CODE/><CONTEXT_PROPERTY_UUID_UUID/><VERSION_ID>0000000000</VERSION_ID><IS_DATE_TYPE/><IS_ETAG_RELEVANT/><BO_NAME>FIA_SERVPROD_VALU_DATA</BO_NAME><BO_NODE_NAME>ACCTDET_SPECIFICATION</BO_NODE_NAME><BO_NODE_ELEMENT_PATH>NODE_ID</BO_NODE_ELEMENT_PATH><DO_PREFIX/><IS_DWB_PROP/><IS_MULTI_VALUED/><ENCRYPTED_MAX_LENGTH>0</ENCRYPTED_MAX_LENGTH></ODATA_EXTENSION_DEF_PR_001><ODATA_EXTENSION_DEF_PR_001><CLIENT>171</CLIENT><NODE_ID>ABY+cwb3HumJvmOe7ZVoKA==</NODE_ID><PARENT_NODE_ID>ABY+cwb3HtmJvKTfkX5/jw==</PARENT_NODE_ID><ROOT_NODE_ID>ABY+cwb3HtmJvKE6pfA/jQ==</ROOT_NODE_ID><MO_NAME/><ORDINAL_NUMBER>14</ORDINAL_NUMBER><NAME>AccountDeterminationServiceProductValuationDataGroupCode</NAME><DATA_TYPE>String</DATA_TYPE><IS_COMPLEX/><ABAP_DT_NAME>SPRVD_ACCTDET_GC</ABAP_DT_NAME><BO_PATH>ass:ACCTDET_SPECIFICATION/SPRVD_ACCTDET_GC</BO_PATH><COMPLEX_TYPE_UUID/><IS_CODE_TYPE>X</IS_CODE_TYPE><IS_CREATABLE/><IS_UPDATABLE/><IS_NULLABLE>X</IS_NULLABLE><IS_FILTERABLE>X</IS_FILTERABLE><HAS_FIXED_LENGTH>X</HAS_FIXED_LENGTH><MAX_LENGTH>14</MAX_LENGTH><PRECISION_VALUE>14</PRECISION_VALUE><SCALE>0</SCALE><DEFAULT_VALUE/><IS_HIDDEN_IN_EDM/><BO_PATH_WITH_FILTER/><IS_ALPHA_CONV_ALLOWED/><IS_LANGU_CODE/><CODELIST_ENTITY_SET_UUID>ABY+cwb3HumJvmOe7ZWoKA==</CODELIST_ENTITY_SET_UUID><IS_EXTENSION_FIELD/><IS_FREE_SEARCH_ENABLED/><IS_TRASIENT/><IS_INTERNAL/><IS_EXTERNAL/><LOCAL_ID_TYPE/><IS_PARENT_EXTERNAL_KEY/><IS_REF_EXTERNAL_KEY/><USE_EXTERNAL_INFO/><REF_EXT_KEY_UUID_KEY/><EXTERNAL_KEY_LEVEL_CODE/><EXCLUDE_FROM_SADL/><SAM_STATUS_VARIABLE_UUID/><UI_TEXT_KEY_NAME>GEN_BYD_013837</UI_TEXT_KEY_NAME><UI_TEXT_KEY_VERSION_ID>0000000000</UI_TEXT_KEY_VERSION_ID><UITXT_REDEF_IND/><CONCURRENCY_MODE/><INTERNAL_KEY_LEVEL_CODE/><CONTEXT_PROPERTY_UUID_UUID/><VERSION_ID>0000000000</VERSION_ID><IS_DATE_TYPE/><IS_ETAG_RELEVANT/><BO_NAME>FIA_SERVPROD_VALU_DATA</BO_NAME><BO_NODE_NAME>ACCTDET_SPECIFICATION</BO_NODE_NAME><BO_NODE_ELEMENT_PATH>SPRVD_ACCTDET_GC</BO_NODE_ELEMENT_PATH><DO_PREFIX/><IS_DWB_PROP/><IS_MULTI_VALUED/><ENCRYPTED_MAX_LENGTH>0</ENCRYPTED_MAX_LENGTH></ODATA_EXTENSION_DEF_PR_001><ODATA_EXTENSION_DEF_PR_001><CLIENT>171</CLIENT><NODE_ID>ABY+cwb3HtmJvKYWUdMf5Q==</NODE_ID><PARENT_NODE_ID>ABY+cwb3HtmJvKYWUdL/5Q==</PARENT_NODE_ID><ROOT_NODE_ID>ABY+cwb3HtmJvKE6pfA/jQ==</ROOT_NODE_ID><MO_NAME/><ORDINAL_NUMBER>0</ORDINAL_NUMBER><NAME>Code</NAME><DATA_TYPE>String</DATA_TYPE><IS_COMPLEX/><ABAP_DT_NAME>CONTENT</ABAP_DT_NAME><BO_PATH/><COMPLEX_TYPE_UUID/><IS_CODE_TYPE/><IS_CREATABLE/><IS_UPDATABLE/><IS_NULLABLE/><IS_FILTERABLE>X</IS_FILTERABLE><HAS_FIXED_LENGTH/><MAX_LENGTH>0</MAX_LENGTH><PRECISION_VALUE>0</PRECISION_VALUE><SCALE>0</SCALE><DEFAULT_VALUE/><IS_HIDDEN_IN_EDM/><BO_PATH_WITH_FILTER/><IS_ALPHA_CONV_ALLOWED/><IS_LANGU_CODE/><CODELIST_ENTITY_SET_UUID/><IS_EXTENSION_FIELD/><IS_FREE_SEARCH_ENABLED/><IS_TRASIENT/><IS_INTERNAL/><IS_EXTERNAL/><LOCAL_ID_TYPE/><IS_PARENT_EXTERNAL_KEY/><IS_REF_EXTERNAL_KEY/><USE_EXTERNAL_INFO/><REF_EXT_KEY_UUID_KEY/><EXTERNAL_KEY_LEVEL_CODE/><EXCLUDE_FROM_SADL/><SAM_STATUS_VARIABLE_UUID/><UI_TEXT_KEY_NAME/><UI_TEXT_KEY_VERSION_ID>0000000000</UI_TEXT_KEY_VERSION_ID><UITXT_REDEF_IND/><CONCURRENCY_MODE/><INTERNAL_KEY_LEVEL_CODE/><CONTEXT_PROPERTY_UUID_UUID/><VERSION_ID>0000000000</VERSION_ID><IS_DATE_TYPE/><IS_ETAG_RELEVANT/><BO_NAME/><BO_NODE_NAME/><BO_NODE_ELEMENT_PATH/><DO_PREFIX/><IS_DWB_PROP/><IS_MULTI_VALUED/><ENCRYPTED_MAX_LENGTH>0</ENCRYPTED_MAX_LENGTH></ODATA_EXTENSION_DEF_PR_001><ODATA_EXTENSION_DEF_PR_001><CLIENT>171</CLIENT><NODE_ID>ABY+cwb3HtmJvKYWUdM/5Q==</NODE_ID><PARENT_NODE_ID>ABY+cwb3HtmJvKYWUdL/5Q==</PARENT_NODE_ID><ROOT_NODE_ID>ABY+cwb3HtmJvKE6pfA/jQ==</ROOT_NODE_ID><MO_NAME/><ORDINAL_NUMBER>0</ORDINAL_NUMBER><NAME>Description</NAME><DATA_TYPE>String</DATA_TYPE><IS_COMPLEX/><ABAP_DT_NAME>DESCRIPTION</ABAP_DT_NAME><BO_PATH/><COMPLEX_TYPE_UUID/><IS_CODE_TYPE/><IS_CREATABLE/><IS_UPDATABLE/><IS_NULLABLE/><IS_FILTERABLE>X</IS_FILTERABLE><HAS_FIXED_LENGTH/><MAX_LENGTH>0</MAX_LENGTH><PRECISION_VALUE>0</PRECISION_VALUE><SCALE>0</SCALE><DEFAULT_VALUE/><IS_HIDDEN_IN_EDM/><BO_PATH_WITH_FILTER/><IS_ALPHA_CONV_ALLOWED/><IS_LANGU_CODE/><CODELIST_ENTITY_SET_UUID/><IS_EXTENSION_FIELD/><IS_FREE_SEARCH_ENABLED/><IS_TRASIENT/><IS_INTERNAL/><IS_EXTERNAL/><LOCAL_ID_TYPE/><IS_PARENT_EXTERNAL_KEY/><IS_REF_EXTERNAL_KEY/><USE_EXTERNAL_INFO/><REF_EXT_KEY_UUID_KEY/><EXTERNAL_KEY_LEVEL_CODE/><EXCLUDE_FROM_SADL/><SAM_STATUS_VARIABLE_UUID/><UI_TEXT_KEY_NAME/><UI_TEXT_KEY_VERSION_ID>0000000000</UI_TEXT_KEY_VERSION_ID><UITXT_REDEF_IND/><CONCURRENCY_MODE/><INTERNAL_KEY_LEVEL_CODE/><CONTEXT_PROPERTY_UUID_UUID/><VERSION_ID>0000000000</VERSION_ID><IS_DATE_TYPE/><IS_ETAG_RELEVANT/><BO_NAME/><BO_NODE_NAME/><BO_NODE_ELEMENT_PATH/><DO_PREFIX/><IS_DWB_PROP/><IS_MULTI_VALUED/><ENCRYPTED_MAX_LENGTH>0</ENCRYPTED_MAX_LENGTH></ODATA_EXTENSION_DEF_PR_001></PROPERTIES><NAVIGATIONS><ODATA_EXTENSION_DEF_NA_001><CLIENT>171</CLIENT><NODE_ID>ABY+cwb3HtmJvKitWRS/5Q==</NODE_ID><PARENT_NODE_ID>ABY+cwb3HtmJvKitWRSf5Q==</PARENT_NODE_ID><ROOT_NODE_ID>ABY+cwb3HtmJvKE6pfA/jQ==</ROOT_NODE_ID><MO_NAME/><UUID/><NAME>ServiceProductValuationData</NAME><TO_ENTITY_UUID>ABY+cwb3HtmJvKTfkX5/jw==</TO_ENTITY_UUID><RELATIONSHIP>ServiceProductValuationData_ServiceProductValuationDataAccountDeterminationSpecification</RELATIONSHIP><BO_ASSOCIATION_NAME>TO_PARENT</BO_ASSOCIATION_NAME><BO_ASSOCIATION_TYPE>IMPL</BO_ASSOCIATION_TYPE><NAV_MAP_SRC_ENTITY_PROP/><FROM_ROLE_NAME>ServiceProductValuationDataAccountDeterminationSpecification</FROM_ROLE_NAME><CARDINALITY>1</CARDINALITY><TO_ROLE_NAME>ServiceProductValuationData</TO_ROLE_NAME><NAV_MAP_TGT_ENTITY_PROP/><IS_CREATABLE/><IS_UPDATABLE/><IS_DELETABLE/><SOURCE_BO_NODE_NAME>ACCTDET_SPECIFICATION</SOURCE_BO_NODE_NAME><SOURCE_BO_NAME>FIA_SERVPROD_VALU_DATA</SOURCE_BO_NAME><DO_PREFIX/><IS_ACCESS_PRIVILEGED/></ODATA_EXTENSION_DEF_NA_001><ODATA_EXTENSION_DEF_NA_001><CLIENT>171</CLIENT><NODE_ID>ABY+cwb3HtmJvKitWRTf5Q==</NODE_ID><PARENT_NODE_ID>ABY+cwb3HtmJvKTfkX5/jw==</PARENT_NODE_ID><ROOT_NODE_ID>ABY+cwb3HtmJvKE6pfA/jQ==</ROOT_NODE_ID><MO_NAME/><UUID/><NAME>ServiceProductValuationDataAccountDeterminationSpecification</NAME><TO_ENTITY_UUID>ABY+cwb3HtmJvKitWRSf5Q==</TO_ENTITY_UUID><RELATIONSHIP>ServiceProductValuationData_ServiceProductValuationDataAccountDeterminationSpecification</RELATIONSHIP><BO_ASSOCIATION_NAME>ACCTDET_SPECIFICATION</BO_ASSOCIATION_NAME><BO_ASSOCIATION_TYPE>COMP</BO_ASSOCIATION_TYPE><NAV_MAP_SRC_ENTITY_PROP/><FROM_ROLE_NAME>ServiceProductValuationData</FROM_ROLE_NAME><CARDINALITY>2</CARDINALITY><TO_ROLE_NAME>ServiceProductValuationDataAccountDeterminationSpecification</TO_ROLE_NAME><NAV_MAP_TGT_ENTITY_PROP/><IS_CREATABLE>X</IS_CREATABLE><IS_UPDATABLE/><IS_DELETABLE/><SOURCE_BO_NODE_NAME>ROOT</SOURCE_BO_NODE_NAME><SOURCE_BO_NAME>FIA_SERVPROD_VALU_DATA</SOURCE_BO_NAME><DO_PREFIX/><IS_ACCESS_PRIVILEGED/></ODATA_EXTENSION_DEF_NA_001></NAVIGATIONS><COMPLEX_TYPES/><COMPLEX_TYPE_PROPERTIES/><FUNCTION_IMPORTS><ODATA_EXTENSION_DEF_FU_001><CLIENT>171</CLIENT><NODE_ID>ABY+cwb3HtmJvLmJXpq/8g==</NODE_ID><PARENT_NODE_ID>ABY+cwb3HtmJvKE6pfA/jQ==</PARENT_NODE_ID><MO_NAME/><ORDINAL_NUMBER>1</ORDINAL_NUMBER><NAME>ServiceProductValuationDataQueryByServiceProductID</NAME><HTTP_METHOD>GET</HTTP_METHOD><MAPPED_BO_ACTION_NAME>QUERY_BY_SERVICE_PRODUCT</MAPPED_BO_ACTION_NAME><MAPPED_BO_NAME>FIA_SERVPROD_VALU_DATA</MAPPED_BO_NAME><MAPPED_BO_NODE_NAME>ROOT</MAPPED_BO_NODE_NAME><SOURCE_ENTITY_TYPE_UUID>ABY+cwb3HtmJvKTfkX5/jw==</SOURCE_ENTITY_TYPE_UUID><FI_TYPE>QUERY</FI_TYPE></ODATA_EXTENSION_DEF_FU_001></FUNCTION_IMPORTS><FUNCTION_IMPORT_PARAMS><ODATA_EXTENSION_DEF_PA_001><CLIENT>171</CLIENT><NODE_ID>ABY+cwb3HumJvLyIZLHASw==</NODE_ID><PARENT_NODE_ID>ABY+cwb3HtmJvLmJXpq/8g==</PARENT_NODE_ID><ROOT_NODE_ID>ABY+cwb3HtmJvKE6pfA/jQ==</ROOT_NODE_ID><MO_NAME/><NAME>NumberOfRows</NAME><ACTION_PARAM_PATH/><DATA_TYPE>String</DATA_TYPE><IS_COMPLEX/><HAS_FIXED_LENGTH/><COMPLEX_TYPE_UUID/><MAX_LENGTH>0</MAX_LENGTH><PRECISION_VALUE>0</PRECISION_VALUE><SCALE>0</SCALE><PARAM_TYPE>In</PARAM_TYPE><ABAP_DT_NAME/><IS_CODE_TYPE/><ENTITY_TYPE_UUID/><DATA_TYPE_CARDINALITY>1</DATA_TYPE_CARDINALITY></ODATA_EXTENSION_DEF_PA_001><ODATA_EXTENSION_DEF_PA_001><CLIENT>171</CLIENT><NODE_ID>ABY+cwb3HumJvLyIZLHgSw==</NODE_ID><PARENT_NODE_ID>ABY+cwb3HtmJvLmJXpq/8g==</PARENT_NODE_ID><ROOT_NODE_ID>ABY+cwb3HtmJvKE6pfA/jQ==</ROOT_NODE_ID><MO_NAME/><NAME>StartRow</NAME><ACTION_PARAM_PATH/><DATA_TYPE>String</DATA_TYPE><IS_COMPLEX/><HAS_FIXED_LENGTH/><COMPLEX_TYPE_UUID/><MAX_LENGTH>0</MAX_LENGTH><PRECISION_VALUE>0</PRECISION_VALUE><SCALE>0</SCALE><PARAM_TYPE>In</PARAM_TYPE><ABAP_DT_NAME/><IS_CODE_TYPE/><ENTITY_TYPE_UUID/><DATA_TYPE_CARDINALITY>1</DATA_TYPE_CARDINALITY></ODATA_EXTENSION_DEF_PA_001><ODATA_EXTENSION_DEF_PA_001><CLIENT>171</CLIENT><NODE_ID>ABY+cwb3HumJvLyIZLIASw==</NODE_ID><PARENT_NODE_ID>ABY+cwb3HtmJvLmJXpq/8g==</PARENT_NODE_ID><ROOT_NODE_ID>ABY+cwb3HtmJvKE6pfA/jQ==</ROOT_NODE_ID><MO_NAME/><NAME>Fia_servprod_valu_dataCollection</NAME><ACTION_PARAM_PATH/><DATA_TYPE/><IS_COMPLEX/><HAS_FIXED_LENGTH/><COMPLEX_TYPE_UUID/><MAX_LENGTH>0</MAX_LENGTH><PRECISION_VALUE>0</PRECISION_VALUE><SCALE>0</SCALE><PARAM_TYPE>Returning</PARAM_TYPE><ABAP_DT_NAME/><IS_CODE_TYPE/><ENTITY_TYPE_UUID>ABY+cwb3HtmJvKTfkX5/jw==</ENTITY_TYPE_UUID><DATA_TYPE_CARDINALITY>1</DATA_TYPE_CARDINALITY></ODATA_EXTENSION_DEF_PA_001><ODATA_EXTENSION_DEF_PA_001><CLIENT>171</CLIENT><NODE_ID>ABY+cwb3HumJvL0diSPgSw==</NODE_ID><PARENT_NODE_ID>ABY+cwb3HtmJvLmJXpq/8g==</PARENT_NODE_ID><ROOT_NODE_ID>ABY+cwb3HtmJvKE6pfA/jQ==</ROOT_NODE_ID><MO_NAME/><NAME>ServiceID</NAME><ACTION_PARAM_PATH>SERVICE_PRODUCT_KEY-PRODUCT_ID-CONTENT</ACTION_PARAM_PATH><DATA_TYPE>String</DATA_TYPE><IS_COMPLEX/><HAS_FIXED_LENGTH/><COMPLEX_TYPE_UUID/><MAX_LENGTH>0</MAX_LENGTH><PRECISION_VALUE>0</PRECISION_VALUE><SCALE>0</SCALE><PARAM_TYPE>In</PARAM_TYPE><ABAP_DT_NAME/><IS_CODE_TYPE/><ENTITY_TYPE_UUID/><DATA_TYPE_CARDINALITY/></ODATA_EXTENSION_DEF_PA_001></FUNCTION_IMPORT_PARAMS><ENTITY_SETS><ODATA_EXTENSN_DEF_ENT_SET><CLIENT>171</CLIENT><NODE_ID>ABY+cwb3HtmJvKkKOCdf5g==</NODE_ID><PARENT_NODE_ID>ABY+cwb3HtmJvKE6pfA/jQ==</PARENT_NODE_ID><MO_NAME/><UUID>ABY+cwb3HtmJvKkKOCd/5g==</UUID><NAME>ServiceProductValuationDataAccountDeterminationSpecificationAccountDeterminationServiceProductValuationDataGroupCodeCollection</NAME><ENTITY_TYPE_UUID>ABY+cwb3HtmJvKYWUdL/5Q==</ENTITY_TYPE_UUID></ODATA_EXTENSN_DEF_ENT_SET><ODATA_EXTENSN_DEF_ENT_SET><CLIENT>171</CLIENT><NODE_ID>ABY+cwb3HumJvmOe7ZWIKA==</NODE_ID><PARENT_NODE_ID>ABY+cwb3HtmJvKE6pfA/jQ==</PARENT_NODE_ID><MO_NAME/><UUID>ABY+cwb3HumJvmOe7ZWoKA==</UUID><NAME>ServiceProductValuationDataAccountDeterminationServiceProductValuationDataGroupCodeCollection</NAME><ENTITY_TYPE_UUID>ABY+cwb3HtmJvKYWUdL/5Q==</ENTITY_TYPE_UUID></ODATA_EXTENSN_DEF_ENT_SET></ENTITY_SETS><UITEXT_DESC><MDRS_W_UIT_TEXT><MO_NAME>FIA_SERVPROD_VALU_DATA</MO_NAME><VERSION_ID>0000000000</VERSION_ID><LANGU>1</LANGU><DB_KEY>ABY+AQK2At2uzu/nsTnAhQ==</DB_KEY><PARENT_KEY>ABY+AQOOAt2tjSDHT42G+A==</PARENT_KEY><UUID>ABY+AQK2At2uzu/nsYsAhg==</UUID><SHORT_T>服务成本单价</SHORT_T><COLUMN_T/><TOOL_TIP_T/><HELP_T/></MDRS_W_UIT_TEXT><MDRS_W_UIT_TEXT><MO_NAME>FIA_SERVPROD_VALU_DATA</MO_NAME><VERSION_ID>0000000000</VERSION_ID><LANGU>3</LANGU><DB_KEY>ABY+HZJdHtae8CFN7UVVYQ==</DB_KEY><PARENT_KEY>ABY+AQOOAt2tjSDHT42G+A==</PARENT_KEY><UUID>ABY+HZJdHtae8CFN7UV1YQ==</UUID><SHORT_T>서비스 비용 단가</SHORT_T><COLUMN_T/><TOOL_TIP_T/><HELP_T/></MDRS_W_UIT_TEXT><MDRS_W_UIT_TEXT><MO_NAME>FIA_SERVPROD_VALU_DATA</MO_NAME><VERSION_ID>0000000000</VERSION_ID><LANGU>B</LANGU><DB_KEY>ABY+HZJdHtaw+mJEiNjc2g==</DB_KEY><PARENT_KEY>ABY+AQOOAt2tjSDHT42G+A==</PARENT_KEY><UUID>ABY+HZJdHtaw+mJEiNj82g==</UUID><SHORT_T>שיעורי עלות של שירותים</SHORT_T><COLUMN_T/><TOOL_TIP_T/><HELP_T/></MDRS_W_UIT_TEXT><MDRS_W_UIT_TEXT><MO_NAME>FIA_SERVPROD_VALU_DATA</MO_NAME><VERSION_ID>0000000000</VERSION_ID><LANGU>C</LANGU><DB_KEY>ABY+Ar1OHuGr6kFhgizWOQ==</DB_KEY><PARENT_KEY>ABY+AQOOAt2tjSDHT42G+A==</PARENT_KEY><UUID>ABY+Ar1OHuGr6kFhgiz2OQ==</UUID><SHORT_T>Sazby nákladů na služby</SHORT_T><COLUMN_T/><TOOL_TIP_T/><HELP_T/></MDRS_W_UIT_TEXT><MDRS_W_UIT_TEXT><MO_NAME>FIA_SERVPROD_VALU_DATA</MO_NAME><VERSION_ID>0000000000</VERSION_ID><LANGU>D</LANGU><DB_KEY>ABY+AQK2At2vpP9XbSrBCQ==</DB_KEY><PARENT_KEY>ABY+AQOOAt2tjSDHT42G+A==</PARENT_KEY><UUID>ABY+AQK2At2vpP9XbXrBCg==</UUID><SHORT_T>Servicekostensätze</SHORT_T><COLUMN_T/><TOOL_TIP_T/><HELP_T/></MDRS_W_UIT_TEXT><MDRS_W_UIT_TEXT><MO_NAME>FIA_SERVPROD_VALU_DATA</MO_NAME><VERSION_ID>0000000000</VERSION_ID><LANGU>E</LANGU><DB_KEY>ABY+AQOOAt2tjSDHVP9G+Q==</DB_KEY><PARENT_KEY>ABY+AQOOAt2tjSDHT42G+A==</PARENT_KEY><UUID>ABY+AQU9At2qxZMc+4MGEg==</UUID><SHORT_T>Service Cost Rates</SHORT_T><COLUMN_T/><TOOL_TIP_T/><HELP_T/></MDRS_W_UIT_TEXT><MDRS_W_UIT_TEXT><MO_NAME>FIA_SERVPROD_VALU_DATA</MO_NAME><VERSION_ID>0000000000</VERSION_ID><LANGU>F</LANGU><DB_KEY>ABY+AQK2At2u7PvJzV9AYA==</DB_KEY><PARENT_KEY>ABY+AQOOAt2tjSDHT42G+A==</PARENT_KEY><UUID>ABY+AQK2At2u7PvJzafAYQ==</UUID><SHORT_T>Tarifs unitaires des services</SHORT_T><COLUMN_T/><TOOL_TIP_T/><HELP_T/></MDRS_W_UIT_TEXT><MDRS_W_UIT_TEXT><MO_NAME>FIA_SERVPROD_VALU_DATA</MO_NAME><VERSION_ID>0000000000</VERSION_ID><LANGU>I</LANGU><DB_KEY>ABY+ARSdHd+0kLvbeEZb5Q==</DB_KEY><PARENT_KEY>ABY+AQOOAt2tjSDHT42G+A==</PARENT_KEY><UUID>ABY+ARSdHd+0kLvbeEZ75Q==</UUID><SHORT_T>Costi unitari servizi</SHORT_T><COLUMN_T/><TOOL_TIP_T/><HELP_T/></MDRS_W_UIT_TEXT><MDRS_W_UIT_TEXT><MO_NAME>FIA_SERVPROD_VALU_DATA</MO_NAME><VERSION_ID>0000000000</VERSION_ID><LANGU>J</LANGU><DB_KEY>ABY+Ar1OHtKy9OCoQ9MY8g==</DB_KEY><PARENT_KEY>ABY+AQOOAt2tjSDHT42G+A==</PARENT_KEY><UUID>ABY+Ar1OHtKy9OCoQ9M48g==</UUID><SHORT_T>サービス原価率</SHORT_T><COLUMN_T/><TOOL_TIP_T/><HELP_T/></MDRS_W_UIT_TEXT><MDRS_W_UIT_TEXT><MO_NAME>FIA_SERVPROD_VALU_DATA</MO_NAME><VERSION_ID>0000000000</VERSION_ID><LANGU>L</LANGU><DB_KEY>ABY+Ar1OHuSwnYO5vmcYOQ==</DB_KEY><PARENT_KEY>ABY+AQOOAt2tjSDHT42G+A==</PARENT_KEY><UUID>ABY+Ar1OHuSwnYO5vmc4OQ==</UUID><SHORT_T>Wskaźniki kosztów usługi</SHORT_T><COLUMN_T/><TOOL_TIP_T/><HELP_T/></MDRS_W_UIT_TEXT><MDRS_W_UIT_TEXT><MO_NAME>FIA_SERVPROD_VALU_DATA</MO_NAME><VERSION_ID>0000000000</VERSION_ID><LANGU>N</LANGU><DB_KEY>ABY+AlabHuGR8rZT7P5MTw==</DB_KEY><PARENT_KEY>ABY+AQOOAt2tjSDHT42G+A==</PARENT_KEY><UUID>ABY+AlabHuGR8rZT7P5sTw==</UUID><SHORT_T>Servicekostentarieven</SHORT_T><COLUMN_T/><TOOL_TIP_T/><HELP_T/></MDRS_W_UIT_TEXT><MDRS_W_UIT_TEXT><MO_NAME>FIA_SERVPROD_VALU_DATA</MO_NAME><VERSION_ID>0000000000</VERSION_ID><LANGU>P</LANGU><DB_KEY>ABY+ARSdHe+vpl60xW7P9g==</DB_KEY><PARENT_KEY>ABY+AQOOAt2tjSDHT42G+A==</PARENT_KEY><UUID>ABY+ARSdHe+vpl60xW7v9g==</UUID><SHORT_T>Taxas de custo de serviços</SHORT_T><COLUMN_T/><TOOL_TIP_T/><HELP_T/></MDRS_W_UIT_TEXT><MDRS_W_UIT_TEXT><MO_NAME>FIA_SERVPROD_VALU_DATA</MO_NAME><VERSION_ID>0000000000</VERSION_ID><LANGU>S</LANGU><DB_KEY>ABY+AQvgHd+q33tYTS2UfQ==</DB_KEY><PARENT_KEY>ABY+AQOOAt2tjSDHT42G+A==</PARENT_KEY><UUID>ABY+AQvgHd+q33tYTS20fQ==</UUID><SHORT_T>Tasas de coste de servicios</SHORT_T><COLUMN_T/><TOOL_TIP_T/><HELP_T/></MDRS_W_UIT_TEXT><MDRS_W_UIT_TEXT><MO_NAME>ODATA_SVC_OBJECT_ID</MO_NAME><VERSION_ID>0000000000</VERSION_ID><LANGU>C</LANGU><DB_KEY>ABY+IdIdHuilgUb9enIAzw==</DB_KEY><PARENT_KEY>ABY+Emf1HtiLzSakkmkSRA==</PARENT_KEY><UUID>ABY+IdIdHuilgUb9enIgzw==</UUID><SHORT_T>ID objektu</SHORT_T><COLUMN_T>ID objektu</COLUMN_T><TOOL_TIP_T/><HELP_T/></MDRS_W_UIT_TEXT><MDRS_W_UIT_TEXT><MO_NAME>ODATA_SVC_OBJECT_ID</MO_NAME><VERSION_ID>0000000000</VERSION_ID><LANGU>E</LANGU><DB_KEY>ABY+Emf1HtiLzSakkmlSRA==</DB_KEY><PARENT_KEY>ABY+Emf1HtiLzSakkmkSRA==</PARENT_KEY><UUID>ABY+Emf1HtiLzSakkmmyRA==</UUID><SHORT_T>Object ID</SHORT_T><COLUMN_T>Object ID</COLUMN_T><TOOL_TIP_T/><HELP_T/></MDRS_W_UIT_TEXT><MDRS_W_UIT_TEXT><MO_NAME>ODATA_SVC_OBJECT_ID</MO_NAME><VERSION_ID>0000000000</VERSION_ID><LANGU>O</LANGU><DB_KEY>ABY+IdIdHtiTwNXhWKcJAg==</DB_KEY><PARENT_KEY>ABY+Emf1HtiLzSakkmkSRA==</PARENT_KEY><UUID>ABY+IdIdHtiTwNXhWKcpAg==</UUID><SHORT_T>Objekt-ID</SHORT_T><COLUMN_T>Objekt-ID</COLUMN_T><TOOL_TIP_T/><HELP_T/></MDRS_W_UIT_TEXT><MDRS_W_UIT_TEXT><MO_NAME>ODATA_SVC_OBJECT_ID</MO_NAME><VERSION_ID>0000000000</VERSION_ID><LANGU>R</LANGU><DB_KEY>ABY+IdIdHuilgXK3cRLA9w==</DB_KEY><PARENT_KEY>ABY+Emf1HtiLzSakkmkSRA==</PARENT_KEY><UUID>ABY+IdIdHuilgXK3cRLg9w==</UUID><SHORT_T>Ид. объекта</SHORT_T><COLUMN_T>Ид. объекта</COLUMN_T><TOOL_TIP_T/><HELP_T/></MDRS_W_UIT_TEXT><MDRS_W_UIT_TEXT><MO_NAME>ODATA_SVC_OBJECT_ID</MO_NAME><VERSION_ID>0000000000</VERSION_ID><LANGU>T</LANGU><DB_KEY>ABY+IdIdHuilgXrKnMIA+w==</DB_KEY><PARENT_KEY>ABY+Emf1HtiLzSakkmkSRA==</PARENT_KEY><UUID>ABY+IdIdHuilgXrKnMIg+w==</UUID><SHORT_T>Nesne Numarası</SHORT_T><COLUMN_T>Nesne Numarası</COLUMN_T><TOOL_TIP_T/><HELP_T/></MDRS_W_UIT_TEXT><MDRS_W_UIT_TEXT><MO_NAME>ODATA_SVC_OBJECT_ID</MO_NAME><VERSION_ID>0000000000</VERSION_ID><LANGU>U</LANGU><DB_KEY>ABY+IdIdHuilgUY+uerAzw==</DB_KEY><PARENT_KEY>ABY+Emf1HtiLzSakkmkSRA==</PARENT_KEY><UUID>ABY+IdIdHuilgUY+uergzw==</UUID><SHORT_T>Objektitunnus</SHORT_T><COLUMN_T>Objektitunnus</COLUMN_T><TOOL_TIP_T/><HELP_T/></MDRS_W_UIT_TEXT><MDRS_W_UIT_TEXT><MO_NAME>ODATA_SVC_PARENT_OBJECT_ID</MO_NAME><VERSION_ID>0000000000</VERSION_ID><LANGU>1</LANGU><DB_KEY>ABY+IdIdHtiTwJbEPkEIqA==</DB_KEY><PARENT_KEY>ABY+Emf1HtiLzTYO9AxScA==</PARENT_KEY><UUID>ABY+IdIdHtiTwJbEPkEoqA==</UUID><SHORT_T>父对象标识</SHORT_T><COLUMN_T>父对象标识</COLUMN_T><TOOL_TIP_T/><HELP_T/></MDRS_W_UIT_TEXT><MDRS_W_UIT_TEXT><MO_NAME>ODATA_SVC_PARENT_OBJECT_ID</MO_NAME><VERSION_ID>0000000000</VERSION_ID><LANGU>3</LANGU><DB_KEY>ABY+IdIdHtiTwInQx2+IkA==</DB_KEY><PARENT_KEY>ABY+Emf1HtiLzTYO9AxScA==</PARENT_KEY><UUID>ABY+IdIdHtiTwInQx2+okA==</UUID><SHORT_T>상위 오브젝트 ID</SHORT_T><COLUMN_T>상위 오브젝트 ID</COLUMN_T><TOOL_TIP_T/><HELP_T/></MDRS_W_UIT_TEXT><MDRS_W_UIT_TEXT><MO_NAME>ODATA_SVC_PARENT_OBJECT_ID</MO_NAME><VERSION_ID>0000000000</VERSION_ID><LANGU>B</LANGU><DB_KEY>ABY+IdIdHtiTwIS48uJIjQ==</DB_KEY><PARENT_KEY>ABY+Emf1HtiLzTYO9AxScA==</PARENT_KEY><UUID>ABY+IdIdHtiTwIS48uJojQ==</UUID><SHORT_T>זיהוי אובייקט אב</SHORT_T><COLUMN_T>זיהוי אובייקט אב</COLUMN_T><TOOL_TIP_T/><HELP_T/></MDRS_W_UIT_TEXT><MDRS_W_UIT_TEXT><MO_NAME>ODATA_SVC_PARENT_OBJECT_ID</MO_NAME><VERSION_ID>0000000000</VERSION_ID><LANGU>C</LANGU><DB_KEY>ABY+IdIdHtiTwHyj7t+ocQ==</DB_KEY><PARENT_KEY>ABY+Emf1HtiLzTYO9AxScA==</PARENT_KEY><UUID>ABY+IdIdHtiTwHyj7t/IcQ==</UUID><SHORT_T>ID nadřazeného objektu</SHORT_T><COLUMN_T>ID nadřazeného objektu</COLUMN_T><TOOL_TIP_T/><HELP_T/></MDRS_W_UIT_TEXT><MDRS_W_UIT_TEXT><MO_NAME>ODATA_SVC_PARENT_OBJECT_ID</MO_NAME><VERSION_ID>0000000000</VERSION_ID><LANGU>D</LANGU><DB_KEY>ABY+IdIdHtiTwGRPcPXIPw==</DB_KEY><PARENT_KEY>ABY+Emf1HtiLzTYO9AxScA==</PARENT_KEY><UUID>ABY+IdIdHtiTwGRPcPXoPw==</UUID><SHORT_T>ID des übergeordneten Objekts</SHORT_T><COLUMN_T>ID des übergeordneten Objekts</COLUMN_T><TOOL_TIP_T/><HELP_T/></MDRS_W_UIT_TEXT><MDRS_W_UIT_TEXT><MO_NAME>ODATA_SVC_PARENT_OBJECT_ID</MO_NAME><VERSION_ID>0000000000</VERSION_ID><LANGU>E</LANGU><DB_KEY>ABY+Emf1HtiLzTYO9AyScA==</DB_KEY><PARENT_KEY>ABY+Emf1HtiLzTYO9AxScA==</PARENT_KEY><UUID>ABY+Emf1HtiLzTYO9AzycA==</UUID><SHORT_T>Parent Object ID</SHORT_T><COLUMN_T>Parent Object ID</COLUMN_T><TOOL_TIP_T/><HELP_T/></MDRS_W_UIT_TEXT><MDRS_W_UIT_TEXT><MO_NAME>ODATA_SVC_PARENT_OBJECT_ID</MO_NAME><VERSION_ID>0000000000</VERSION_ID><LANGU>F</LANGU><DB_KEY>ABY+IdIdHtiTwIPce2bIjQ==</DB_KEY><PARENT_KEY>ABY+Emf1HtiLzTYO9AxScA==</PARENT_KEY><UUID>ABY+IdIdHtiTwIPce2bojQ==</UUID><SHORT_T>ID d'objet parent</SHORT_T><COLUMN_T>ID d'objet parent</COLUMN_T><TOOL_TIP_T/><HELP_T/></MDRS_W_UIT_TEXT><MDRS_W_UIT_TEXT><MO_NAME>ODATA_SVC_PARENT_OBJECT_ID</MO_NAME><VERSION_ID>0000000000</VERSION_ID><LANGU>I</LANGU><DB_KEY>ABY+IdIdHtiTwIeRUcyIkA==</DB_KEY><PARENT_KEY>ABY+Emf1HtiLzTYO9AxScA==</PARENT_KEY><UUID>ABY+IdIdHtiTwIeRUcyokA==</UUID><SHORT_T>ID oggetto sovraordinato</SHORT_T><COLUMN_T>ID oggetto sovraordinato</COLUMN_T><TOOL_TIP_T/><HELP_T/></MDRS_W_UIT_TEXT><MDRS_W_UIT_TEXT><MO_NAME>ODATA_SVC_PARENT_OBJECT_ID</MO_NAME><VERSION_ID>0000000000</VERSION_ID><LANGU>J</LANGU><DB_KEY>ABY+IdIdHtiTwIhuhR+IkA==</DB_KEY><PARENT_KEY>ABY+Emf1HtiLzTYO9AxScA==</PARENT_KEY><UUID>ABY+IdIdHtiTwIhuhR+okA==</UUID><SHORT_T>上位オブジェクト ID</SHORT_T><COLUMN_T>上位オブジェクト ID</COLUMN_T><TOOL_TIP_T/><HELP_T/></MDRS_W_UIT_TEXT><MDRS_W_UIT_TEXT><MO_NAME>ODATA_SVC_PARENT_OBJECT_ID</MO_NAME><VERSION_ID>0000000000</VERSION_ID><LANGU>L</LANGU><DB_KEY>ABY+IdIdHtiTwI3GsIjIkw==</DB_KEY><PARENT_KEY>ABY+Emf1HtiLzTYO9AxScA==</PARENT_KEY><UUID>ABY+IdIdHtiTwI3GsIjokw==</UUID><SHORT_T>Id. obiektu nadrzędnego</SHORT_T><COLUMN_T>Id. obiektu nadrzędnego</COLUMN_T><TOOL_TIP_T/><HELP_T/></MDRS_W_UIT_TEXT><MDRS_W_UIT_TEXT><MO_NAME>ODATA_SVC_PARENT_OBJECT_ID</MO_NAME><VERSION_ID>0000000000</VERSION_ID><LANGU>N</LANGU><DB_KEY>ABY+IdIdHtiTwIu2dXvIkw==</DB_KEY><PARENT_KEY>ABY+Emf1HtiLzTYO9AxScA==</PARENT_KEY><UUID>ABY+IdIdHtiTwIu2dXvokw==</UUID><SHORT_T>Bovenliggende object-ID</SHORT_T><COLUMN_T>Bovenliggende object-ID</COLUMN_T><TOOL_TIP_T/><HELP_T/></MDRS_W_UIT_TEXT><MDRS_W_UIT_TEXT><MO_NAME>ODATA_SVC_PARENT_OBJECT_ID</MO_NAME><VERSION_ID>0000000000</VERSION_ID><LANGU>O</LANGU><DB_KEY>ABY+IdIdHtiTwIzVbUmIkw==</DB_KEY><PARENT_KEY>ABY+Emf1HtiLzTYO9AxScA==</PARENT_KEY><UUID>ABY+IdIdHtiTwIzVbUmokw==</UUID><SHORT_T>Overordnet objekt-ID</SHORT_T><COLUMN_T>Overordnet objekt-ID</COLUMN_T><TOOL_TIP_T/><HELP_T/></MDRS_W_UIT_TEXT><MDRS_W_UIT_TEXT><MO_NAME>ODATA_SVC_PARENT_OBJECT_ID</MO_NAME><VERSION_ID>0000000000</VERSION_ID><LANGU>P</LANGU><DB_KEY>ABY+IdIdHtiTwI69abYIlg==</DB_KEY><PARENT_KEY>ABY+Emf1HtiLzTYO9AxScA==</PARENT_KEY><UUID>ABY+IdIdHtiTwI69abYolg==</UUID><SHORT_T>ID de objeto superior</SHORT_T><COLUMN_T>ID de objeto superior</COLUMN_T><TOOL_TIP_T/><HELP_T/></MDRS_W_UIT_TEXT><MDRS_W_UIT_TEXT><MO_NAME>ODATA_SVC_PARENT_OBJECT_ID</MO_NAME><VERSION_ID>0000000000</VERSION_ID><LANGU>R</LANGU><DB_KEY>ABY+IdIdHtiTwJDHh5sIlg==</DB_KEY><PARENT_KEY>ABY+Emf1HtiLzTYO9AxScA==</PARENT_KEY><UUID>ABY+IdIdHtiTwJDHh5solg==</UUID><SHORT_T>Ид. вышестоящего объекта</SHORT_T><COLUMN_T>Ид. вышестоящего объекта</COLUMN_T><TOOL_TIP_T/><HELP_T/></MDRS_W_UIT_TEXT><MDRS_W_UIT_TEXT><MO_NAME>ODATA_SVC_PARENT_OBJECT_ID</MO_NAME><VERSION_ID>0000000000</VERSION_ID><LANGU>S</LANGU><DB_KEY>ABY+IdIdHtiTwH8W4P8Icg==</DB_KEY><PARENT_KEY>ABY+Emf1HtiLzTYO9AxScA==</PARENT_KEY><UUID>ABY+IdIdHtiTwH8W4P8ocg==</UUID><SHORT_T>ID de objeto superior</SHORT_T><COLUMN_T>ID de objeto superior</COLUMN_T><TOOL_TIP_T/><HELP_T/></MDRS_W_UIT_TEXT><MDRS_W_UIT_TEXT><MO_NAME>ODATA_SVC_PARENT_OBJECT_ID</MO_NAME><VERSION_ID>0000000000</VERSION_ID><LANGU>T</LANGU><DB_KEY>ABY+IdIdHtiTwJihDT4Iqw==</DB_KEY><PARENT_KEY>ABY+Emf1HtiLzTYO9AxScA==</PARENT_KEY><UUID>ABY+IdIdHtiTwJihDT4oqw==</UUID><SHORT_T>Üst düzey nesne tanıtıcısı</SHORT_T><COLUMN_T>Üst düzey nesne tanıtıcısı</COLUMN_T><TOOL_TIP_T/><HELP_T/></MDRS_W_UIT_TEXT><MDRS_W_UIT_TEXT><MO_NAME>ODATA_SVC_PARENT_OBJECT_ID</MO_NAME><VERSION_ID>0000000000</VERSION_ID><LANGU>U</LANGU><DB_KEY>ABY+IdIdHtiTwIL4FDhIjQ==</DB_KEY><PARENT_KEY>ABY+Emf1HtiLzTYO9AxScA==</PARENT_KEY><UUID>ABY+IdIdHtiTwIL4FDhojQ==</UUID><SHORT_T>Ylätason objektin tunnus</SHORT_T><COLUMN_T>Ylätason objektin tunnus</COLUMN_T><TOOL_TIP_T/><HELP_T/></MDRS_W_UIT_TEXT><MDRS_W_UIT_TEXT><MO_NAME>ODATA_SVC_PARENT_OBJECT_ID</MO_NAME><VERSION_ID>0000000000</VERSION_ID><LANGU>V</LANGU><DB_KEY>ABY+IdIdHtiTwJQFZuGIlw==</DB_KEY><PARENT_KEY>ABY+Emf1HtiLzTYO9AxScA==</PARENT_KEY><UUID>ABY+IdIdHtiTwJQFZuGolw==</UUID><SHORT_T>Förälderobjekt-ID</SHORT_T><COLUMN_T>Förälderobjekt-ID</COLUMN_T><TOOL_TIP_T/><HELP_T/></MDRS_W_UIT_TEXT><MDRS_W_UIT_TEXT><MO_NAME>GEN_BYD_013837</MO_NAME><VERSION_ID>0000000000</VERSION_ID><LANGU>1</LANGU><DB_KEY>ABY+AQOOAu2PygX6zv/BgQ==</DB_KEY><PARENT_KEY>ABY+AQOOAu2PygX6x9xBfA==</PARENT_KEY><UUID>ABY+AQOOAu2PygX7RVlBhg==</UUID><SHORT_T>科目确定组</SHORT_T><COLUMN_T>科目确定组</COLUMN_T><TOOL_TIP_T/><HELP_T/></MDRS_W_UIT_TEXT><MDRS_W_UIT_TEXT><MO_NAME>GEN_BYD_013837</MO_NAME><VERSION_ID>0000000000</VERSION_ID><LANGU>3</LANGU><DB_KEY>ABY+HZJdHtae7uiM60DTgw==</DB_KEY><PARENT_KEY>ABY+AQOOAu2PygX6x9xBfA==</PARENT_KEY><UUID>ABY+HZJdHtae7uiM60Dzgw==</UUID><SHORT_T>계정 결정 그룹</SHORT_T><COLUMN_T>계정 결정 그룹</COLUMN_T><TOOL_TIP_T/><HELP_T/></MDRS_W_UIT_TEXT><MDRS_W_UIT_TEXT><MO_NAME>GEN_BYD_013837</MO_NAME><VERSION_ID>0000000000</VERSION_ID><LANGU>B</LANGU><DB_KEY>ABY+HZJdHtaw+VD+inJbPg==</DB_KEY><PARENT_KEY>ABY+AQOOAu2PygX6x9xBfA==</PARENT_KEY><UUID>ABY+HZJdHtaw+VD+inJ7Pg==</UUID><SHORT_T>קבוצת קביעת חשבונות</SHORT_T><COLUMN_T>קבוצת קביעת חשבונות</COLUMN_T><TOOL_TIP_T/><HELP_T/></MDRS_W_UIT_TEXT><MDRS_W_UIT_TEXT><MO_NAME>GEN_BYD_013837</MO_NAME><VERSION_ID>0000000000</VERSION_ID><LANGU>C</LANGU><DB_KEY>ABY+Ar1OHtGlwlMAKnkKXQ==</DB_KEY><PARENT_KEY>ABY+AQOOAu2PygX6x9xBfA==</PARENT_KEY><UUID>ABY+Ar1OHtGlwlMAKnkqXQ==</UUID><SHORT_T>Skupina nalezení účtu</SHORT_T><COLUMN_T>Sk. nal. účtu</COLUMN_T><TOOL_TIP_T/><HELP_T/></MDRS_W_UIT_TEXT><MDRS_W_UIT_TEXT><MO_NAME>GEN_BYD_013837</MO_NAME><VERSION_ID>0000000000</VERSION_ID><LANGU>D</LANGU><DB_KEY>ABY+AQOOAu2PygX6y35BfQ==</DB_KEY><PARENT_KEY>ABY+AQOOAu2PygX6x9xBfA==</PARENT_KEY><UUID>ABY+AQOOAu2PygX7Q6ABgg==</UUID><SHORT_T>Kontenfindungsgruppe</SHORT_T><COLUMN_T>Kontenfindungsgruppe</COLUMN_T><TOOL_TIP_T/><HELP_T/></MDRS_W_UIT_TEXT><MDRS_W_UIT_TEXT><MO_NAME>GEN_BYD_013837</MO_NAME><VERSION_ID>0000000000</VERSION_ID><LANGU>E</LANGU><DB_KEY>ABY+AQOOAu2PygX6zIsBfg==</DB_KEY><PARENT_KEY>ABY+AQOOAu2PygX6x9xBfA==</PARENT_KEY><UUID>ABY+AQOOAu2PygX7RFLBgw==</UUID><SHORT_T>Account Determination Group</SHORT_T><COLUMN_T>Acc. Det. Grp.</COLUMN_T><TOOL_TIP_T/><HELP_T/></MDRS_W_UIT_TEXT><MDRS_W_UIT_TEXT><MO_NAME>GEN_BYD_013837</MO_NAME><VERSION_ID>0000000000</VERSION_ID><LANGU>F</LANGU><DB_KEY>ABY+AQOOAu2PygX6zVlBfw==</DB_KEY><PARENT_KEY>ABY+AQOOAu2PygX6x9xBfA==</PARENT_KEY><UUID>ABY+AQOOAu2PygX7RKzBhA==</UUID><SHORT_T>Groupe de détermination des comptes</SHORT_T><COLUMN_T>Groupe de détermination des comptes</COLUMN_T><TOOL_TIP_T/><HELP_T/></MDRS_W_UIT_TEXT><MDRS_W_UIT_TEXT><MO_NAME>GEN_BYD_013837</MO_NAME><VERSION_ID>0000000000</VERSION_ID><LANGU>I</LANGU><DB_KEY>ABY+ARSdHd+vm6sREfaX/A==</DB_KEY><PARENT_KEY>ABY+AQOOAu2PygX6x9xBfA==</PARENT_KEY><UUID>ABY+ARSdHd+vm6sREfa3/A==</UUID><SHORT_T>Gruppo determinazione conti</SHORT_T><COLUMN_T>Gruppo determinazione conti</COLUMN_T><TOOL_TIP_T/><HELP_T/></MDRS_W_UIT_TEXT><MDRS_W_UIT_TEXT><MO_NAME>GEN_BYD_013837</MO_NAME><VERSION_ID>0000000000</VERSION_ID><LANGU>J</LANGU><DB_KEY>ABY+Ar1OHtKyntJV0TkLYQ==</DB_KEY><PARENT_KEY>ABY+AQOOAu2PygX6x9xBfA==</PARENT_KEY><UUID>ABY+Ar1OHtKyntJV0TkrYQ==</UUID><SHORT_T>勘定設定グループ</SHORT_T><COLUMN_T>勘定設定グループ</COLUMN_T><TOOL_TIP_T/><HELP_T/></MDRS_W_UIT_TEXT><MDRS_W_UIT_TEXT><MO_NAME>GEN_BYD_013837</MO_NAME><VERSION_ID>0000000000</VERSION_ID><LANGU>L</LANGU><DB_KEY>ABY+Ar1OHtGog0CScqPWTA==</DB_KEY><PARENT_KEY>ABY+AQOOAu2PygX6x9xBfA==</PARENT_KEY><UUID>ABY+Ar1OHtGog0CScqP2TA==</UUID><SHORT_T>Grupa wyszukiwania konta</SHORT_T><COLUMN_T>Grupa wyszukiwania konta</COLUMN_T><TOOL_TIP_T/><HELP_T/></MDRS_W_UIT_TEXT><MDRS_W_UIT_TEXT><MO_NAME>GEN_BYD_013837</MO_NAME><VERSION_ID>0000000000</VERSION_ID><LANGU>N</LANGU><DB_KEY>ABY+Ar1OHtGfy+v152FBqA==</DB_KEY><PARENT_KEY>ABY+AQOOAu2PygX6x9xBfA==</PARENT_KEY><UUID>ABY+Ar1OHtGfy+v152FhqA==</UUID><SHORT_T>Rekeningbepalingsgroep</SHORT_T><COLUMN_T>Rekeningbepalingsgroep</COLUMN_T><TOOL_TIP_T/><HELP_T/></MDRS_W_UIT_TEXT><MDRS_W_UIT_TEXT><MO_NAME>GEN_BYD_013837</MO_NAME><VERSION_ID>0000000000</VERSION_ID><LANGU>P</LANGU><DB_KEY>ABY+ARSdHe+viWY3NfDPPg==</DB_KEY><PARENT_KEY>ABY+AQOOAu2PygX6x9xBfA==</PARENT_KEY><UUID>ABY+ARSdHe+viWY3NfDvPg==</UUID><SHORT_T>Grupo de determinação de contas</SHORT_T><COLUMN_T>Grupo de determinação de contas</COLUMN_T><TOOL_TIP_T/><HELP_T/></MDRS_W_UIT_TEXT><MDRS_W_UIT_TEXT><MO_NAME>GEN_BYD_013837</MO_NAME><VERSION_ID>0000000000</VERSION_ID><LANGU>S</LANGU><DB_KEY>ABY+ARSdHe+w0aYlwwuCMg==</DB_KEY><PARENT_KEY>ABY+AQOOAu2PygX6x9xBfA==</PARENT_KEY><UUID>ABY+ARSdHe+w0aYlwwuiMg==</UUID><SHORT_T>Grupo de determinación de cuentas</SHORT_T><COLUMN_T>Grupo de determinación de cuentas</COLUMN_T><TOOL_TIP_T/><HELP_T/></MDRS_W_UIT_TEXT></UITEXT_DESC><CODELIST_METADTA><ODATA_EXT_DEF_CLIST_PROP><CLIENT>171</CLIENT><NODE_ID>ABY+cwb3HtmJvKkKOCef5g==</NODE_ID><PARENT_NODE_ID>ABY+cwb3HtmJvKkKOCdf5g==</PARENT_NODE_ID><ROOT_NODE_ID>ABY+cwb3HtmJvKE6pfA/jQ==</ROOT_NODE_ID><MO_NAME/><RESOLVED_BO_ELEMENT_NAME>SPRVD_ACCTDET_GC</RESOLVED_BO_ELEMENT_NAME><RESOLVED_BO_NAME>FIA_SERVPROD_VALU_DATA</RESOLVED_BO_NAME><RESOLVED_BO_NODE_NAME>ACCTDET_SPECIFICATION</RESOLVED_BO_NODE_NAME><UUID>ABY+cwb3HtmJvKkKOCe/5g==</UUID><RESOLVED_BO_NODE_DO_PREFIX/></ODATA_EXT_DEF_CLIST_PROP><ODATA_EXT_DEF_CLIST_PROP><CLIENT>171</CLIENT><NODE_ID>ABY+cwb3HumJvmOe7ZXIKA==</NODE_ID><PARENT_NODE_ID>ABY+cwb3HumJvmOe7ZWIKA==</PARENT_NODE_ID><ROOT_NODE_ID>ABY+cwb3HtmJvKE6pfA/jQ==</ROOT_NODE_ID><MO_NAME/><RESOLVED_BO_ELEMENT_NAME>SPRVD_ACCTDET_GC</RESOLVED_BO_ELEMENT_NAME><RESOLVED_BO_NAME>FIA_SERVPROD_VALU_DATA</RESOLVED_BO_NAME><RESOLVED_BO_NODE_NAME>ACCTDET_SPECIFICATION</RESOLVED_BO_NODE_NAME><UUID>ABY+cwb3HumJvmOe7ZXoKA==</UUID><RESOLVED_BO_NODE_DO_PREFIX/></ODATA_EXT_DEF_CLIST_PROP></CODELIST_METADTA><INCLUDED_BO_NODE/><EXTERNAL_INFORMATION/></SERVICE></asx:values></asx:abap>