{
	"id": "39c72af3-66ee-4673-8338-5220a1895210",
	"name": "ByD Product and Service Portfolio - Template Environment",
	"values": [
		{
			"key": "TenantHostname",
			"value": "my ByD hostname (myXXXXXX.sapbydesign.com)",
			"enabled": true
		},
		{
			"key": "User",
			"value": "my logon user ID",
			"enabled": true
		},
		{
			"key": "Password",
			"value": "my logon user Password",
			"enabled": true
		},
		{
			"key": "x-csrf-token",
			"value": "",
			"description": {
				"content": "",
				"type": "text/plain"
			},
			"enabled": true
		},
		{
			"key": "CommunicationUser",
			"value": "my communication user ID",
			"description": "",
			"enabled": true
		},
		{
			"key": "CommunicationUserPW",
			"value": "my communication user Password",
			"description": "",
			"enabled": true
		},
		{
			"key": "ObjectID",
			"value": "",
			"description": {
				"content": "",
				"type": "text/plain"
			},
			"enabled": true
		},
		{
			"key": "ParentObjectID",
			"value": "",
			"description": "",
			"enabled": true
		},
		{
			"key": "BasePriceListID",
			"value": "BasePriceListID",
			"description": "",
			"enabled": true
		},
		{
			"key": "PriceListDescription",
			"value": "Price List Description",
			"description": "",
			"enabled": true
		},
		{
			"key": "PriceListTypeCode",
			"value": "7PL0",
			"description": "",
			"enabled": true
		},
		{
			"key": "PriceListItemTypeCode",
			"value": "7PR1",
			"description": "",
			"enabled": true
		},
		{
			"key": "DistributionChainPriceListID",
			"value": "DistributionChainPriceListID",
			"description": "",
			"enabled": true
		},
		{
			"key": "SalesOrgID",
			"value": "S1120",
			"description": "",
			"enabled": true
		},
		{
			"key": "DistributionChannel",
			"value": "01",
			"description": "",
			"enabled": true
		},
		{
			"key": "DistributionChainProductCategoryPriceListID",
			"value": "DistributionChainProductCategoryPriceListID",
			"description": "",
			"enabled": true
		},
		{
			"key": "ProductCategoryID",
			"value": "191",
			"description": "",
			"enabled": true
		},
		{
			"key": "BaseProductCategoryPriceListID",
			"value": "BaseProductCategoryPriceListID",
			"description": "",
			"enabled": true
		},
		{
			"key": "CustomerGroupSpecificPriceListID",
			"value": "CustomerGroupSpecificPriceListID",
			"description": "",
			"enabled": true
		},
		{
			"key": "CustomerGroup",
			"value": "06",
			"description": "",
			"enabled": true
		},
		{
			"key": "AccountID",
			"value": "CP100110",
			"description": "",
			"enabled": true
		},
		{
			"key": "CustomerSpecificPriceListID",
			"value": "CustomerSpecificPriceListID",
			"description": "",
			"enabled": true
		},
		{
			"key": "CampaignSpecificPriceListID",
			"value": "CampaignSpecificPriceListID",
			"description": "",
			"enabled": true
		},
		{
			"key": "CampaignID",
			"value": "33",
			"description": "",
			"enabled": true
		},
		{
			"key": "CompanySpecificPriceListID",
			"value": "CompanySpecificPriceListID",
			"description": "",
			"enabled": true
		},
		{
			"key": "CompanyID",
			"value": "1000",
			"description": "",
			"enabled": true
		},
		{
			"key": "OverallCustomerDiscountID",
			"value": "OverallCustomerDiscountID",
			"description": "",
			"enabled": true
		},
		{
			"key": "DiscountListDescription",
			"value": "OData Discount List",
			"description": "",
			"enabled": true
		},
		{
			"key": "DiscountListTypeCode",
			"value": "7PL1",
			"description": "",
			"enabled": true
		},
		{
			"key": "DiscountListItemTypeCode",
			"value": "7PR6",
			"description": "",
			"enabled": true
		},
		{
			"key": "ProductID",
			"value": "P100101",
			"description": "",
			"enabled": true
		},
		{
			"key": "OverallCustomerGroupDiscountID",
			"value": "OverallCustomerGroupDiscountID1",
			"description": "",
			"enabled": true
		},
		{
			"key": "AccountName",
			"value": "Silverstar Wholesale Corp",
			"description": "",
			"enabled": true
		},
		{
			"key": "AccountAdditionalName",
			"value": "Name Second Line",
			"description": "",
			"enabled": true
		},
		{
			"key": "SupplierInternalID",
			"value": "",
			"description": "",
			"enabled": true
		},
		{
			"key": "SupplierName",
			"value": "Supplier Name",
			"description": "",
			"enabled": true
		},
		{
			"key": "SupplierAdditionalName",
			"value": "Additional Name",
			"description": "",
			"enabled": true
		},
		{
			"key": "BusinessPartnerPersonInternalID",
			"value": "",
			"description": "",
			"enabled": true
		},
		{
			"key": "BusinessPartnerOrganisationInternalID",
			"value": "",
			"description": "",
			"enabled": true
		},
		{
			"key": "PrivateAccountInternalID",
			"value": "",
			"description": "",
			"enabled": true
		},
		{
			"key": "CorporateAccountInternalID",
			"value": "",
			"description": "",
			"enabled": true
		},
		{
			"key": "AccountObjectID",
			"value": "",
			"description": "",
			"enabled": true
		},
		{
			"key": "SupplierObjectID",
			"value": "",
			"description": "",
			"enabled": true
		},
		{
			"key": "GrossPriceListTypeCode",
			"value": "8PL0",
			"description": "",
			"enabled": true
		},
		{
			"key": "GrossPriceListItemTypeCode",
			"value": "8PR1",
			"description": "",
			"enabled": true
		},
		{
			"key": "PriceListID",
			"value": "",
			"enabled": true
		},
		{
			"key": "PriceListObjectID",
			"value": "",
			"enabled": true
		},
		{
			"key": "BasePriceListUUID",
			"value": "",
			"enabled": false
		},
		{
			"key": "PriceListUUID",
			"value": "",
			"enabled": true
		},
		{
			"key": "BusinessPartnerObjectID",
			"value": "",
			"enabled": true
		},
		{
			"key": "DiscountListUUID",
			"value": "",
			"enabled": true
		}
	],
	"_postman_variable_scope": "environment",
	"_postman_exported_at": "2019-02-15T12:24:57.733Z",
	"_postman_exported_using": "Postman/6.7.3"
}