{
	"id": "6efd9b2c-0662-43f7-a5c2-2ede0e860ca2",
	"name": "ByD Business Partner Data - Template Environment",
	"values": [
		{
			"key": "TenantHostname",
			"value": "my ByD hostname (myXXXXXX.sapbydesign.com)",
			"enabled": true
		},
		{
			"key": "User",
			"value": "my logon user ID",
			"enabled": true
		},
		{
			"key": "Password",
			"value": "my logon user Password",
			"enabled": true
		},
		{
			"key": "x-csrf-token",
			"value": "",
			"description": {
				"content": "",
				"type": "text/plain"
			},
			"enabled": true
		},
		{
			"key": "CommunicationUser",
			"value": "my communication \n user ID",
			"description": "",
			"enabled": true
		},
		{
			"key": "CommunicationUserPW",
			"value": "my communication \n user Password",
			"description": "",
			"enabled": true
		},
		{
			"key": "ObjectID",
			"value": "",
			"description": {
				"content": "",
				"type": "text/plain"
			},
			"enabled": true
		},
		{
			"key": "ParentObjectID",
			"value": "",
			"description": "",
			"enabled": true
		},
		{
			"key": "BusinessPartnerInternalID",
			"value": "",
			"description": "",
			"enabled": true
		},
		{
			"key": "BusinessPartnerID",
			"value": "",
			"description": "",
			"enabled": true
		},
		{
			"key": "BusinessPartnerName",
			"value": "Name First Line",
			"description": "",
			"enabled": true
		},
		{
			"key": "BusinessPartnerObjectID",
			"value": "",
			"description": "",
			"enabled": true
		},
		{
			"key": "FirstName",
			"value": "Frank",
			"description": "",
			"enabled": true
		},
		{
			"key": "LastName",
			"value": "Sent",
			"description": "",
			"enabled": true
		},
		{
			"key": "EMial",
			"value": "mail@customer.com",
			"description": "",
			"enabled": true
		},
		{
			"key": "WebSite",
			"value": "http://www.customer.com",
			"description": "",
			"enabled": true
		},
		{
			"key": "Fax",
			"value": "+49 62277-57575",
			"description": "",
			"enabled": true
		},
		{
			"key": "Phone",
			"value": "+49 62277-47475",
			"description": "",
			"enabled": true
		},
		{
			"key": "Mobile",
			"value": "+49 (62277) 47474",
			"description": "",
			"enabled": true
		},
		{
			"key": "Country",
			"value": "DE",
			"description": "",
			"enabled": true
		},
		{
			"key": "Street",
			"value": "Main Street",
			"description": "",
			"enabled": true
		},
		{
			"key": "HouseNumber",
			"value": "42",
			"description": "",
			"enabled": true
		},
		{
			"key": "PostalCode",
			"value": "61234",
			"description": "",
			"enabled": true
		},
		{
			"key": "City",
			"value": "Heidelberg",
			"description": "",
			"enabled": true
		},
		{
			"key": "State",
			"value": "08",
			"description": "",
			"enabled": true
		},
		{
			"key": "AdditionalName",
			"value": "Name Second Line",
			"description": "",
			"enabled": true
		},
		{
			"key": "PrivateAccountInternalID",
			"value": "",
			"description": "",
			"enabled": true
		},
		{
			"key": "CorporateAccountInternalID",
			"value": "",
			"description": "",
			"enabled": true
		},
		{
			"key": "FirstName",
			"value": "Frank",
			"description": "",
			"enabled": true
		},
		{
			"key": "MiddleName",
			"value": "Middle Name",
			"description": "",
			"enabled": true
		},
		{
			"key": "LastName",
			"value": "Sent",
			"description": "",
			"enabled": true
		},
		{
			"key": "Nickname",
			"value": "Nick name",
			"description": "",
			"enabled": true
		},
		{
			"key": "NameAtBirth",
			"value": "Sent",
			"description": "",
			"enabled": true
		},
		{
			"key": "NameFormatCountryCode",
			"value": "US",
			"description": "",
			"enabled": true
		},
		{
			"key": "BirthDate",
			"value": "1970-01-01",
			"description": "",
			"enabled": true
		},
		{
			"key": "AccountName",
			"value": "Silverstar Wholesale Corp",
			"description": "",
			"enabled": true
		},
		{
			"key": "AccountAdditionalName",
			"value": "Name Second Line",
			"description": "",
			"enabled": true
		},
		{
			"key": "SupplierInternalID",
			"value": "",
			"description": "",
			"enabled": true
		},
		{
			"key": "SupplierName",
			"value": "Supplier Name",
			"description": "",
			"enabled": true
		},
		{
			"key": "SupplierAdditionalName",
			"value": "Additional Name",
			"description": "",
			"enabled": true
		},
		{
			"key": "BusinessPartnerPersonInternalID",
			"value": "",
			"description": "",
			"enabled": true
		},
		{
			"key": "BusinessPartnerOrganisationInternalID",
			"value": "",
			"description": "",
			"enabled": true
		},
		{
			"key": "PrivateAccountInternalID",
			"value": "",
			"description": "",
			"enabled": true
		},
		{
			"key": "CorporateAccountInternalID",
			"value": "",
			"description": "",
			"enabled": true
		},
		{
			"key": "AccountObjectID",
			"value": "",
			"description": "",
			"enabled": true
		},
		{
			"key": "SupplierObjectID",
			"value": "",
			"description": "",
			"enabled": true
		},
		{
			"key": "BusinessPartnerNotesObjectID",
			"value": "",
			"description": "",
			"enabled": true
		}
	],
	"_postman_variable_scope": "environment",
	"_postman_exported_at": "2019-02-15T12:23:21.087Z",
	"_postman_exported_using": "Postman/6.7.3"
}