{
	"id": "76cbe24d-1418-4042-adef-7b9724285949",
	"name": "ByD Sales Orders - Environment Template",
	"values": [
		{
			"key": "TenantHostname",
			"value": "my ByD hostname (myXXXXXX@sapbydesign.com)",
			"enabled": true
		},
		{
			"key": "User",
			"value": "my logon user ID",
			"enabled": true
		},
		{
			"key": "Password",
			"value": "my user password",
			"enabled": true
		},
		{
			"key": "x-csrf-token",
			"value": "",
			"enabled": true
		},
		{
			"key": "SalesOrderExternalReference",
			"value": "",
			"enabled": true
		},
		{
			"key": "Name",
			"value": "",
			"enabled": true
		},
		{
			"key": "DataOriginTypeCode",
			"value": "",
			"enabled": true
		},
		{
			"key": "ID",
			"value": "",
			"enabled": true
		},
		{
			"key": "SalesOrderObjectID",
			"value": "",
			"enabled": true
		},
		{
			"key": "BuyerPartyObjectID",
			"value": "",
			"enabled": true
		},
		{
			"key": "PricingTermsObjectID",
			"value": "",
			"enabled": true
		},
		{
			"key": "ItemProductObjectID",
			"value": "",
			"enabled": true
		},
		{
			"key": "ItemScheduleLineObjectID",
			"value": "",
			"enabled": true
		},
		{
			"key": "ObjectID",
			"value": "",
			"enabled": true
		},
		{
			"key": "ParentObjectID",
			"value": "",
			"enabled": true
		},
		{
			"key": "AttachmentObjectID",
			"value": "",
			"description": {
				"content": "",
				"type": "text/plain"
			},
			"enabled": true
		},
		{
			"key": "SalesOrderItemObjectID",
			"value": "",
			"description": {
				"content": "",
				"type": "text/plain"
			},
			"enabled": true
		},
		{
			"key": "MaterialID_stock",
			"value": "P100401",
			"description": {
				"content": "",
				"type": "text/plain"
			},
			"enabled": true
		},
		{
			"key": "SalesUnitID",
			"value": "P1110",
			"description": {
				"content": "",
				"type": "text/plain"
			},
			"enabled": true
		},
		{
			"key": "CustomerID",
			"value": "CP100110",
			"description": {
				"content": "",
				"type": "text/plain"
			},
			"enabled": true
		},
		{
			"key": "ServiceProductID",
			"value": "300002",
			"description": {
				"content": "",
				"type": "text/plain"
			},
			"enabled": true
		}
	],
	"_postman_variable_scope": "environment",
	"_postman_exported_at": "2019-02-19T16:15:20.231Z",
	"_postman_exported_using": "Postman/6.7.3"
}